﻿osgb4000000074544989,http://data.ordnancesurvey.co.uk/id/4000000074544989,Da Nort Toons,,,,populatedPlace,Hamlet,395996,1141003,5000,25000,395682,1140621,396182,1141304,ZE2,http://data.ordnancesurvey.co.uk/id/postcodedistrict/ZE2,,,,,,,Shetland Islands,http://data.ordnancesurvey.co.uk/id/7000000000186620,http://data.ordnancesurvey.co.uk/ontology/admingeo/UnitaryAuthority,Scotland,http://data.ordnancesurvey.co.uk/id/7000000000041429,Scotland,http://data.ordnancesurvey.co.uk/id/country/scotland,,,
osgb4000000074540904,http://data.ordnancesurvey.co.uk/id/4000000074540904,Harrier,,,,populatedPlace,Other Settlement,395883,1140599,15000,25000,395459,1140070,396150,1140721,ZE2,http://data.ordnancesurvey.co.uk/id/postcodedistrict/ZE2,,,,,,,Shetland Islands,http://data.ordnancesurvey.co.uk/id/7000000000186620,http://data.ordnancesurvey.co.uk/ontology/admingeo/UnitaryAuthority,Scotland,http://data.ordnancesurvey.co.uk/id/7000000000041429,Scotland,http://data.ordnancesurvey.co.uk/id/country/scotland,,,
osgb4000000074748120,http://data.ordnancesurvey.co.uk/id/4000000074748120,Da Skerry o Skeld,,,,landform,Other Coastal Landform,397198,1140934,1000,50000,396948,1140654,397448,1141154,ZE2,http://data.ordnancesurvey.co.uk/id/postcodedistrict/ZE2,,,,,,,Shetland Islands,http://data.ordnancesurvey.co.uk/id/7000000000186620,http://data.ordnancesurvey.co.uk/ontology/admingeo/UnitaryAuthority,Scotland,http://data.ordnancesurvey.co.uk/id/7000000000041429,Scotland,http://data.ordnancesurvey.co.uk/id/country/scotland,,,
osgb4000000074715254,http://data.ordnancesurvey.co.uk/id/4000000074715254,Geonhedlar,gla,Robbie's Hol,eng,landform,Other Coastal Landform,396418,1141130,1000,15000,396169,1140880,396669,1141380,ZE2,http://data.ordnancesurvey.co.uk/id/postcodedistrict/ZE2,,,,,,,Shetland Islands,http://data.ordnancesurvey.co.uk/id/7000000000186620,http://data.ordnancesurvey.co.uk/ontology/admingeo/UnitaryAuthority,Scotland,http://data.ordnancesurvey.co.uk/id/7000000000041429,Scotland,http://data.ordnancesurvey.co.uk/id/country/scotland,,,
osgb4000000074748498,http://data.ordnancesurvey.co.uk/id/4000000074748498,Da Sooth Head o Nort Veedal,,,,landform,Coastal Headland,397420,1140177,1000,750000,397170,1139927,397670,1140427,ZE2,http://data.ordnancesurvey.co.uk/id/postcodedistrict/ZE2,,,,,,,Shetland Islands,http://data.ordnancesurvey.co.uk/id/7000000000186620,http://data.ordnancesurvey.co.uk/ontology/admingeo/UnitaryAuthority,Scotland,http://data.ordnancesurvey.co.uk/id/7000000000041429,Scotland,http://data.ordnancesurvey.co.uk/id/country/scotland,,,
osgb4000000074803650,http://data.ordnancesurvey.co.uk/id/4000000074803650,Sandvatten,,,,hydrography,Inland Water,396222,1140188,1000,500000,395972,1139937,396472,1140437,ZE2,http://data.ordnancesurvey.co.uk/id/postcodedistrict/ZE2,,,,,,,Shetland Islands,http://data.ordnancesurvey.co.uk/id/7000000000186620,http://data.ordnancesurvey.co.uk/ontology/admingeo/UnitaryAuthority,Scotland,http://data.ordnancesurvey.co.uk/id/7000000000041429,Scotland,http://data.ordnancesurvey.co.uk/id/country/scotland,,,
osgb4000000074587543,http://data.ordnancesurvey.co.uk/id/4000000074587543,Da Sandy Loo Geo,,,,landform,Other Coastal Landform,395832,1141389,1000,15000,395582,1141138,396082,1141638,ZE2,http://data.ordnancesurvey.co.uk/id/postcodedistrict/ZE2,,,,,,,Shetland Islands,http://data.ordnancesurvey.co.uk/id/7000000000186620,http://data.ordnancesurvey.co.uk/ontology/admingeo/UnitaryAuthority,Scotland,http://data.ordnancesurvey.co.uk/id/7000000000041429,Scotland,http://data.ordnancesurvey.co.uk/id/country/scotland,,,
osgb4000000074748304,http://data.ordnancesurvey.co.uk/id/4000000074748304,Summons Head,,,,landform,Other Coastal Landform,394658,1140763,1000,50000,394412,1140514,394912,1141014,ZE2,http://data.ordnancesurvey.co.uk/id/postcodedistrict/ZE2,,,,,,,Shetland Islands,http://data.ordnancesurvey.co.uk/id/7000000000186620,http://data.ordnancesurvey.co.uk/ontology/admingeo/UnitaryAuthority,Scotland,http://data.ordnancesurvey.co.uk/id/7000000000041429,Scotland,http://data.ordnancesurvey.co.uk/id/country/scotland,,,
osgb4000000074608598,http://data.ordnancesurvey.co.uk/id/4000000074608598,Da Broken Heads,,,,landform,Other Coastal Landform,396040,1141499,1000,50000,395787,1141249,396287,1141749,ZE2,http://data.ordnancesurvey.co.uk/id/postcodedistrict/ZE2,,,,,,,Shetland Islands,http://data.ordnancesurvey.co.uk/id/7000000000186620,http://data.ordnancesurvey.co.uk/ontology/admingeo/UnitaryAuthority,Scotland,http://data.ordnancesurvey.co.uk/id/7000000000041429,Scotland,http://data.ordnancesurvey.co.uk/id/country/scotland,,,
osgb4000000074588977,http://data.ordnancesurvey.co.uk/id/4000000074588977,Da Skerries o da Est Hoevdi,,,,landform,Other Coastal Landform,395000,1141182,1000,50000,394750,1140932,395250,1141432,ZE2,http://data.ordnancesurvey.co.uk/id/postcodedistrict/ZE2,,,,,,,Shetland Islands,http://data.ordnancesurvey.co.uk/id/7000000000186620,http://data.ordnancesurvey.co.uk/ontology/admingeo/UnitaryAuthority,Scotland,http://data.ordnancesurvey.co.uk/id/7000000000041429,Scotland,http://data.ordnancesurvey.co.uk/id/country/scotland,,,
osgb4000000074748179,http://data.ordnancesurvey.co.uk/id/4000000074748179,Da Headlin o Wurrwick,,,,landform,Other Coastal Landform,396796,1141103,1000,20000,396546,1140848,397046,1141348,ZE2,http://data.ordnancesurvey.co.uk/id/postcodedistrict/ZE2,,,,,,,Shetland Islands,http://data.ordnancesurvey.co.uk/id/7000000000186620,http://data.ordnancesurvey.co.uk/ontology/admingeo/UnitaryAuthority,Scotland,http://data.ordnancesurvey.co.uk/id/7000000000041429,Scotland,http://data.ordnancesurvey.co.uk/id/country/scotland,,,
osgb4000000074608601,http://data.ordnancesurvey.co.uk/id/4000000074608601,Little Arva Skerry,,,,landform,Other Coastal Landform,395430,1141419,1000,50000,395180,1141169,395680,1141669,ZE2,http://data.ordnancesurvey.co.uk/id/postcodedistrict/ZE2,,,,,,,Shetland Islands,http://data.ordnancesurvey.co.uk/id/7000000000186620,http://data.ordnancesurvey.co.uk/ontology/admingeo/UnitaryAuthority,Scotland,http://data.ordnancesurvey.co.uk/id/7000000000041429,Scotland,http://data.ordnancesurvey.co.uk/id/country/scotland,,,
osgb4000000074748177,http://data.ordnancesurvey.co.uk/id/4000000074748177,Da Baas o Stremness,,,,landform,Other Coastal Landform,397166,1141440,1000,50000,396916,1141237,397416,1141737,ZE2,http://data.ordnancesurvey.co.uk/id/postcodedistrict/ZE2,,,,,,,Shetland Islands,http://data.ordnancesurvey.co.uk/id/7000000000186620,http://data.ordnancesurvey.co.uk/ontology/admingeo/UnitaryAuthority,Scotland,http://data.ordnancesurvey.co.uk/id/7000000000041429,Scotland,http://data.ordnancesurvey.co.uk/id/country/scotland,,,
osgb4000000074748176,http://data.ordnancesurvey.co.uk/id/4000000074748176,Haegrey,,,,landform,Other Coastal Landform,397211,1141360,1000,50000,396962,1141111,397462,1141611,ZE2,http://data.ordnancesurvey.co.uk/id/postcodedistrict/ZE2,,,,,,,Shetland Islands,http://data.ordnancesurvey.co.uk/id/7000000000186620,http://data.ordnancesurvey.co.uk/ontology/admingeo/UnitaryAuthority,Scotland,http://data.ordnancesurvey.co.uk/id/7000000000041429,Scotland,http://data.ordnancesurvey.co.uk/id/country/scotland,,,
osgb4000000074748180,http://data.ordnancesurvey.co.uk/id/4000000074748180,Da Stiggins,,,,landform,Other Coastal Landform,395861,1141434,1000,50000,395612,1141184,396112,1141684,ZE2,http://data.ordnancesurvey.co.uk/id/postcodedistrict/ZE2,,,,,,,Shetland Islands,http://data.ordnancesurvey.co.uk/id/7000000000186620,http://data.ordnancesurvey.co.uk/ontology/admingeo/UnitaryAuthority,Scotland,http://data.ordnancesurvey.co.uk/id/7000000000041429,Scotland,http://data.ordnancesurvey.co.uk/id/country/scotland,,,
osgb4000000074608599,http://data.ordnancesurvey.co.uk/id/4000000074608599,Gaada Stack,,,,landform,Other Coastal Landform,395812,1141526,1000,50000,395560,1141276,396060,1141776,ZE2,http://data.ordnancesurvey.co.uk/id/postcodedistrict/ZE2,,,,,,,Shetland Islands,http://data.ordnancesurvey.co.uk/id/7000000000186620,http://data.ordnancesurvey.co.uk/ontology/admingeo/UnitaryAuthority,Scotland,http://data.ordnancesurvey.co.uk/id/7000000000041429,Scotland,http://data.ordnancesurvey.co.uk/id/country/scotland,,,
osgb4000000074715253,http://data.ordnancesurvey.co.uk/id/4000000074715253,Da Geo o Muntavie,,,,landform,Other Coastal Landform,396987,1141238,1000,15000,396737,1141001,397237,1141501,ZE2,http://data.ordnancesurvey.co.uk/id/postcodedistrict/ZE2,,,,,,,Shetland Islands,http://data.ordnancesurvey.co.uk/id/7000000000186620,http://data.ordnancesurvey.co.uk/ontology/admingeo/UnitaryAuthority,Scotland,http://data.ordnancesurvey.co.uk/id/7000000000041429,Scotland,http://data.ordnancesurvey.co.uk/id/country/scotland,,,
osgb4000000074715226,http://data.ordnancesurvey.co.uk/id/4000000074715226,Da Hogg o Trottsann,,,,landform,Other Coastal Landform,394114,1140211,1000,20000,393863,1139961,394363,1140461,ZE2,http://data.ordnancesurvey.co.uk/id/postcodedistrict/ZE2,,,,,,,Shetland Islands,http://data.ordnancesurvey.co.uk/id/7000000000186620,http://data.ordnancesurvey.co.uk/ontology/admingeo/UnitaryAuthority,Scotland,http://data.ordnancesurvey.co.uk/id/7000000000041429,Scotland,http://data.ordnancesurvey.co.uk/id/country/scotland,,,
osgb4000000074587349,http://data.ordnancesurvey.co.uk/id/4000000074587349,Selchie Geo,,,,landform,Other Coastal Landform,395275,1141189,1000,15000,395031,1140940,395531,1141440,ZE2,http://data.ordnancesurvey.co.uk/id/postcodedistrict/ZE2,,,,,,,Shetland Islands,http://data.ordnancesurvey.co.uk/id/7000000000186620,http://data.ordnancesurvey.co.uk/ontology/admingeo/UnitaryAuthority,Scotland,http://data.ordnancesurvey.co.uk/id/7000000000041429,Scotland,http://data.ordnancesurvey.co.uk/id/country/scotland,,,
osgb4000000074784899,http://data.ordnancesurvey.co.uk/id/4000000074784899,Da Sounds,,,,hydrography,Channel,395857,1141543,2000,100000,395619,1141293,396119,1141793,ZE2,http://data.ordnancesurvey.co.uk/id/postcodedistrict/ZE2,,,,,,,Shetland Islands,http://data.ordnancesurvey.co.uk/id/7000000000186620,http://data.ordnancesurvey.co.uk/ontology/admingeo/UnitaryAuthority,Scotland,http://data.ordnancesurvey.co.uk/id/7000000000041429,Scotland,http://data.ordnancesurvey.co.uk/id/country/scotland,,,
osgb4000000074715252,http://data.ordnancesurvey.co.uk/id/4000000074715252,Da Geo o Rogar,,,,landform,Other Coastal Landform,393873,1140060,1000,15000,393623,1139796,394123,1140296,ZE2,http://data.ordnancesurvey.co.uk/id/postcodedistrict/ZE2,,,,,,,Shetland Islands,http://data.ordnancesurvey.co.uk/id/7000000000186620,http://data.ordnancesurvey.co.uk/ontology/admingeo/UnitaryAuthority,Scotland,http://data.ordnancesurvey.co.uk/id/7000000000041429,Scotland,http://data.ordnancesurvey.co.uk/id/country/scotland,,,
osgb4000000074588785,http://data.ordnancesurvey.co.uk/id/4000000074588785,Da Stacks o da Logat,,,,landform,Other Coastal Landform,395443,1141362,1000,50000,395194,1141112,395694,1141612,ZE2,http://data.ordnancesurvey.co.uk/id/postcodedistrict/ZE2,,,,,,,Shetland Islands,http://data.ordnancesurvey.co.uk/id/7000000000186620,http://data.ordnancesurvey.co.uk/ontology/admingeo/UnitaryAuthority,Scotland,http://data.ordnancesurvey.co.uk/id/7000000000041429,Scotland,http://data.ordnancesurvey.co.uk/id/country/scotland,,,
osgb4000000074748587,http://data.ordnancesurvey.co.uk/id/4000000074748587,Nort Veedal,,,,landform,Coastal Headland,397344,1140315,2000,750000,397095,1140023,397595,1140523,ZE2,http://data.ordnancesurvey.co.uk/id/postcodedistrict/ZE2,,,,,,,Shetland Islands,http://data.ordnancesurvey.co.uk/id/7000000000186620,http://data.ordnancesurvey.co.uk/ontology/admingeo/UnitaryAuthority,Scotland,http://data.ordnancesurvey.co.uk/id/7000000000041429,Scotland,http://data.ordnancesurvey.co.uk/id/country/scotland,,,
osgb4000000074748119,http://data.ordnancesurvey.co.uk/id/4000000074748119,Yungnapool,,,,landform,Other Coastal Landform,397472,1140723,2000,50000,397222,1140467,397722,1140967,ZE2,http://data.ordnancesurvey.co.uk/id/postcodedistrict/ZE2,,,,,,,Shetland Islands,http://data.ordnancesurvey.co.uk/id/7000000000186620,http://data.ordnancesurvey.co.uk/ontology/admingeo/UnitaryAuthority,Scotland,http://data.ordnancesurvey.co.uk/id/7000000000041429,Scotland,http://data.ordnancesurvey.co.uk/id/country/scotland,,,
osgb4000000074784897,http://data.ordnancesurvey.co.uk/id/4000000074784897,Hiorawick,,,,hydrography,Tidal Water,396236,1141276,2000,150000,395985,1141024,396485,1141524,ZE2,http://data.ordnancesurvey.co.uk/id/postcodedistrict/ZE2,,,,,,,Shetland Islands,http://data.ordnancesurvey.co.uk/id/7000000000186620,http://data.ordnancesurvey.co.uk/ontology/admingeo/UnitaryAuthority,Scotland,http://data.ordnancesurvey.co.uk/id/7000000000041429,Scotland,http://data.ordnancesurvey.co.uk/id/country/scotland,,,
osgb4000000074715190,http://data.ordnancesurvey.co.uk/id/4000000074715190,Da Sooth Geo o Nort Veedal,,,,landform,Other Coastal Landform,397418,1140274,1000,15000,397167,1140024,397667,1140524,ZE2,http://data.ordnancesurvey.co.uk/id/postcodedistrict/ZE2,,,,,,,Shetland Islands,http://data.ordnancesurvey.co.uk/id/7000000000186620,http://data.ordnancesurvey.co.uk/ontology/admingeo/UnitaryAuthority,Scotland,http://data.ordnancesurvey.co.uk/id/7000000000041429,Scotland,http://data.ordnancesurvey.co.uk/id/country/scotland,,,
osgb4000000074748305,http://data.ordnancesurvey.co.uk/id/4000000074748305,Bloberg,,,,landform,Other Coastal Landform,394792,1140888,1000,50000,394542,1140639,395042,1141139,ZE2,http://data.ordnancesurvey.co.uk/id/postcodedistrict/ZE2,,,,,,,Shetland Islands,http://data.ordnancesurvey.co.uk/id/7000000000186620,http://data.ordnancesurvey.co.uk/ontology/admingeo/UnitaryAuthority,Scotland,http://data.ordnancesurvey.co.uk/id/7000000000041429,Scotland,http://data.ordnancesurvey.co.uk/id/country/scotland,,,
osgb4000000074608600,http://data.ordnancesurvey.co.uk/id/4000000074608600,Da Sheepie,,,,landform,Other Coastal Landform,395960,1141604,1000,50000,395710,1141354,396210,1141854,ZE2,http://data.ordnancesurvey.co.uk/id/postcodedistrict/ZE2,,,,,,,Shetland Islands,http://data.ordnancesurvey.co.uk/id/7000000000186620,http://data.ordnancesurvey.co.uk/ontology/admingeo/UnitaryAuthority,Scotland,http://data.ordnancesurvey.co.uk/id/7000000000041429,Scotland,http://data.ordnancesurvey.co.uk/id/country/scotland,,,
osgb4000000074748303,http://data.ordnancesurvey.co.uk/id/4000000074748303,Da Broch,,,,landform,Other Coastal Landform,396043,1141533,1000,50000,395793,1141303,396293,1141803,ZE2,http://data.ordnancesurvey.co.uk/id/postcodedistrict/ZE2,,,,,,,Shetland Islands,http://data.ordnancesurvey.co.uk/id/7000000000186620,http://data.ordnancesurvey.co.uk/ontology/admingeo/UnitaryAuthority,Scotland,http://data.ordnancesurvey.co.uk/id/7000000000041429,Scotland,http://data.ordnancesurvey.co.uk/id/country/scotland,,,
osgb4000000074754939,http://data.ordnancesurvey.co.uk/id/4000000074754939,Da Hellibaas,,,,landform,Other Coastal Landform,397191,1141312,1000,50000,396941,1141075,397441,1141575,ZE2,http://data.ordnancesurvey.co.uk/id/postcodedistrict/ZE2,,,,,,,Shetland Islands,http://data.ordnancesurvey.co.uk/id/7000000000186620,http://data.ordnancesurvey.co.uk/ontology/admingeo/UnitaryAuthority,Scotland,http://data.ordnancesurvey.co.uk/id/7000000000041429,Scotland,http://data.ordnancesurvey.co.uk/id/country/scotland,,,
osgb4000000074754938,http://data.ordnancesurvey.co.uk/id/4000000074754938,Skeld,,,,landform,Coastal Headland,397155,1140886,1000,750000,396898,1140637,397398,1141137,ZE2,http://data.ordnancesurvey.co.uk/id/postcodedistrict/ZE2,,,,,,,Shetland Islands,http://data.ordnancesurvey.co.uk/id/7000000000186620,http://data.ordnancesurvey.co.uk/ontology/admingeo/UnitaryAuthority,Scotland,http://data.ordnancesurvey.co.uk/id/7000000000041429,Scotland,http://data.ordnancesurvey.co.uk/id/country/scotland,,,
osgb4000000074789142,http://data.ordnancesurvey.co.uk/id/4000000074789142,Robbie's Hole,,,,hydrography,Tidal Water,396462,1141130,1000,150000,396210,1140866,396710,1141366,ZE2,http://data.ordnancesurvey.co.uk/id/postcodedistrict/ZE2,,,,,,,Shetland Islands,http://data.ordnancesurvey.co.uk/id/7000000000186620,http://data.ordnancesurvey.co.uk/ontology/admingeo/UnitaryAuthority,Scotland,http://data.ordnancesurvey.co.uk/id/7000000000041429,Scotland,http://data.ordnancesurvey.co.uk/id/country/scotland,,,
osgb4000000074748181,http://data.ordnancesurvey.co.uk/id/4000000074748181,Trolligeo,,,,landform,Other Coastal Landform,395704,1141323,1000,15000,395462,1141074,395962,1141574,ZE2,http://data.ordnancesurvey.co.uk/id/postcodedistrict/ZE2,,,,,,,Shetland Islands,http://data.ordnancesurvey.co.uk/id/7000000000186620,http://data.ordnancesurvey.co.uk/ontology/admingeo/UnitaryAuthority,Scotland,http://data.ordnancesurvey.co.uk/id/7000000000041429,Scotland,http://data.ordnancesurvey.co.uk/id/country/scotland,,,
osgb4000000074784887,http://data.ordnancesurvey.co.uk/id/4000000074784887,Wurrwick,,,,hydrography,Tidal Water,396720,1141056,1000,150000,396466,1140797,396966,1141297,ZE2,http://data.ordnancesurvey.co.uk/id/postcodedistrict/ZE2,,,,,,,Shetland Islands,http://data.ordnancesurvey.co.uk/id/7000000000186620,http://data.ordnancesurvey.co.uk/ontology/admingeo/UnitaryAuthority,Scotland,http://data.ordnancesurvey.co.uk/id/7000000000041429,Scotland,http://data.ordnancesurvey.co.uk/id/country/scotland,,,
osgb4000000074587316,http://data.ordnancesurvey.co.uk/id/4000000074587316,Da Rotten Geo,,,,landform,Other Coastal Landform,396824,1141122,1000,15000,396575,1140872,397075,1141372,ZE2,http://data.ordnancesurvey.co.uk/id/postcodedistrict/ZE2,,,,,,,Shetland Islands,http://data.ordnancesurvey.co.uk/id/7000000000186620,http://data.ordnancesurvey.co.uk/ontology/admingeo/UnitaryAuthority,Scotland,http://data.ordnancesurvey.co.uk/id/7000000000041429,Scotland,http://data.ordnancesurvey.co.uk/id/country/scotland,,,
osgb4000000074748232,http://data.ordnancesurvey.co.uk/id/4000000074748232,Da Tuins,,,,landform,Other Coastal Landform,395612,1141340,1000,20000,395356,1141091,395856,1141591,ZE2,http://data.ordnancesurvey.co.uk/id/postcodedistrict/ZE2,,,,,,,Shetland Islands,http://data.ordnancesurvey.co.uk/id/7000000000186620,http://data.ordnancesurvey.co.uk/ontology/admingeo/UnitaryAuthority,Scotland,http://data.ordnancesurvey.co.uk/id/7000000000041429,Scotland,http://data.ordnancesurvey.co.uk/id/country/scotland,,,
osgb4000000074748497,http://data.ordnancesurvey.co.uk/id/4000000074748497,Da Swaa,,,,landform,Coastal Headland,397484,1140031,1000,750000,397242,1139781,397742,1140281,ZE2,http://data.ordnancesurvey.co.uk/id/postcodedistrict/ZE2,,,,,,,Shetland Islands,http://data.ordnancesurvey.co.uk/id/7000000000186620,http://data.ordnancesurvey.co.uk/ontology/admingeo/UnitaryAuthority,Scotland,http://data.ordnancesurvey.co.uk/id/7000000000041429,Scotland,http://data.ordnancesurvey.co.uk/id/country/scotland,,,
osgb4000000074587549,http://data.ordnancesurvey.co.uk/id/4000000074587549,Boss Geo,,,,landform,Other Coastal Landform,397128,1141212,1000,15000,396877,1140962,397377,1141462,ZE2,http://data.ordnancesurvey.co.uk/id/postcodedistrict/ZE2,,,,,,,Shetland Islands,http://data.ordnancesurvey.co.uk/id/7000000000186620,http://data.ordnancesurvey.co.uk/ontology/admingeo/UnitaryAuthority,Scotland,http://data.ordnancesurvey.co.uk/id/7000000000041429,Scotland,http://data.ordnancesurvey.co.uk/id/country/scotland,,,
osgb4000000074803651,http://data.ordnancesurvey.co.uk/id/4000000074803651,Da Lochs o da Fleck,,,,hydrography,Inland Water,394867,1140134,1000,40000,394613,1139884,395113,1140384,ZE2,http://data.ordnancesurvey.co.uk/id/postcodedistrict/ZE2,,,,,,,Shetland Islands,http://data.ordnancesurvey.co.uk/id/7000000000186620,http://data.ordnancesurvey.co.uk/ontology/admingeo/UnitaryAuthority,Scotland,http://data.ordnancesurvey.co.uk/id/7000000000041429,Scotland,http://data.ordnancesurvey.co.uk/id/country/scotland,,,
osgb4000000074748175,http://data.ordnancesurvey.co.uk/id/4000000074748175,Stremness,,,,landform,Coastal Headland,397081,1141212,2000,750000,396831,1140994,397331,1141494,ZE2,http://data.ordnancesurvey.co.uk/id/postcodedistrict/ZE2,,,,,,,Shetland Islands,http://data.ordnancesurvey.co.uk/id/7000000000186620,http://data.ordnancesurvey.co.uk/ontology/admingeo/UnitaryAuthority,Scotland,http://data.ordnancesurvey.co.uk/id/7000000000041429,Scotland,http://data.ordnancesurvey.co.uk/id/country/scotland,,,
osgb4000000074784886,http://data.ordnancesurvey.co.uk/id/4000000074784886,Da Kubbi o Skeld,,,,hydrography,Tidal Water,397132,1141017,1000,150000,396874,1140774,397374,1141274,ZE2,http://data.ordnancesurvey.co.uk/id/postcodedistrict/ZE2,,,,,,,Shetland Islands,http://data.ordnancesurvey.co.uk/id/7000000000186620,http://data.ordnancesurvey.co.uk/ontology/admingeo/UnitaryAuthority,Scotland,http://data.ordnancesurvey.co.uk/id/7000000000041429,Scotland,http://data.ordnancesurvey.co.uk/id/country/scotland,,,
osgb4000000074608597,http://data.ordnancesurvey.co.uk/id/4000000074608597,Muntaavie Stack,,,,landform,Other Coastal Landform,396907,1141242,1000,50000,396658,1140994,397158,1141494,ZE2,http://data.ordnancesurvey.co.uk/id/postcodedistrict/ZE2,,,,,,,Shetland Islands,http://data.ordnancesurvey.co.uk/id/7000000000186620,http://data.ordnancesurvey.co.uk/ontology/admingeo/UnitaryAuthority,Scotland,http://data.ordnancesurvey.co.uk/id/7000000000041429,Scotland,http://data.ordnancesurvey.co.uk/id/country/scotland,,,
osgb4000000074748118,http://data.ordnancesurvey.co.uk/id/4000000074748118,Da Shoaters,,,,landform,Other Coastal Landform,394277,1140327,1000,20000,394020,1140077,394520,1140577,ZE2,http://data.ordnancesurvey.co.uk/id/postcodedistrict/ZE2,,,,,,,Shetland Islands,http://data.ordnancesurvey.co.uk/id/7000000000186620,http://data.ordnancesurvey.co.uk/ontology/admingeo/UnitaryAuthority,Scotland,http://data.ordnancesurvey.co.uk/id/7000000000041429,Scotland,http://data.ordnancesurvey.co.uk/id/country/scotland,,,
osgb4000000074587544,http://data.ordnancesurvey.co.uk/id/4000000074587544,Sheep Geo,,,,landform,Other Coastal Landform,397112,1141185,1000,15000,396862,1140940,397362,1141440,ZE2,http://data.ordnancesurvey.co.uk/id/postcodedistrict/ZE2,,,,,,,Shetland Islands,http://data.ordnancesurvey.co.uk/id/7000000000186620,http://data.ordnancesurvey.co.uk/ontology/admingeo/UnitaryAuthority,Scotland,http://data.ordnancesurvey.co.uk/id/7000000000041429,Scotland,http://data.ordnancesurvey.co.uk/id/country/scotland,,,
osgb4000000074748117,http://data.ordnancesurvey.co.uk/id/4000000074748117,Da Clay Pool,,,,landform,Other Coastal Landform,394319,1140372,1000,20000,394068,1140123,394568,1140623,ZE2,http://data.ordnancesurvey.co.uk/id/postcodedistrict/ZE2,,,,,,,Shetland Islands,http://data.ordnancesurvey.co.uk/id/7000000000186620,http://data.ordnancesurvey.co.uk/ontology/admingeo/UnitaryAuthority,Scotland,http://data.ordnancesurvey.co.uk/id/7000000000041429,Scotland,http://data.ordnancesurvey.co.uk/id/country/scotland,,,
osgb4000000074587550,http://data.ordnancesurvey.co.uk/id/4000000074587550,Da Blue Geo,,,,landform,Other Coastal Landform,397057,1141282,1000,15000,396790,1141032,397290,1141532,ZE2,http://data.ordnancesurvey.co.uk/id/postcodedistrict/ZE2,,,,,,,Shetland Islands,http://data.ordnancesurvey.co.uk/id/7000000000186620,http://data.ordnancesurvey.co.uk/ontology/admingeo/UnitaryAuthority,Scotland,http://data.ordnancesurvey.co.uk/id/7000000000041429,Scotland,http://data.ordnancesurvey.co.uk/id/country/scotland,,,
osgb4000000074754301,http://data.ordnancesurvey.co.uk/id/4000000074754301,Ruyhedlar,,,,landform,Other Coastal Landform,397533,1140114,1000,50000,397284,1139866,397784,1140366,ZE2,http://data.ordnancesurvey.co.uk/id/postcodedistrict/ZE2,,,,,,,Shetland Islands,http://data.ordnancesurvey.co.uk/id/7000000000186620,http://data.ordnancesurvey.co.uk/ontology/admingeo/UnitaryAuthority,Scotland,http://data.ordnancesurvey.co.uk/id/7000000000041429,Scotland,http://data.ordnancesurvey.co.uk/id/country/scotland,,,
osgb4000000074748822,http://data.ordnancesurvey.co.uk/id/4000000074748822,Da Nort Bank,,,,landform,Cliff Or Slope,394569,1140579,3000,40000,394320,1140341,394820,1140841,ZE2,http://data.ordnancesurvey.co.uk/id/postcodedistrict/ZE2,,,,,,,Shetland Islands,http://data.ordnancesurvey.co.uk/id/7000000000186620,http://data.ordnancesurvey.co.uk/ontology/admingeo/UnitaryAuthority,Scotland,http://data.ordnancesurvey.co.uk/id/7000000000041429,Scotland,http://data.ordnancesurvey.co.uk/id/country/scotland,,,
osgb4000000074748116,http://data.ordnancesurvey.co.uk/id/4000000074748116,Da Little Kame,,,,landform,Cliff Or Slope,393968,1140022,2000,40000,393718,1139819,394218,1140319,ZE2,http://data.ordnancesurvey.co.uk/id/postcodedistrict/ZE2,,,,,,,Shetland Islands,http://data.ordnancesurvey.co.uk/id/7000000000186620,http://data.ordnancesurvey.co.uk/ontology/admingeo/UnitaryAuthority,Scotland,http://data.ordnancesurvey.co.uk/id/7000000000041429,Scotland,http://data.ordnancesurvey.co.uk/id/country/scotland,,,
osgb4000000074789208,http://data.ordnancesurvey.co.uk/id/4000000074789208,Ruyhedlar,,,,hydrography,Tidal Water,397565,1140151,1000,100000,397307,1139901,397807,1140401,ZE2,http://data.ordnancesurvey.co.uk/id/postcodedistrict/ZE2,,,,,,,Shetland Islands,http://data.ordnancesurvey.co.uk/id/7000000000186620,http://data.ordnancesurvey.co.uk/ontology/admingeo/UnitaryAuthority,Scotland,http://data.ordnancesurvey.co.uk/id/7000000000041429,Scotland,http://data.ordnancesurvey.co.uk/id/country/scotland,,,
osgb4000000074602164,http://data.ordnancesurvey.co.uk/id/4000000074602164,East Hoevdi,,,,landform,Other Coastal Landform,395132,1141263,1000,50000,394884,1141013,395384,1141513,ZE2,http://data.ordnancesurvey.co.uk/id/postcodedistrict/ZE2,,,,,,,Shetland Islands,http://data.ordnancesurvey.co.uk/id/7000000000186620,http://data.ordnancesurvey.co.uk/ontology/admingeo/UnitaryAuthority,Scotland,http://data.ordnancesurvey.co.uk/id/7000000000041429,Scotland,http://data.ordnancesurvey.co.uk/id/country/scotland,,,
osgb4000000074754940,http://data.ordnancesurvey.co.uk/id/4000000074754940,Da Ristie Nesses,,,,landform,Coastal Headland,395970,1141361,3000,750000,395699,1141111,396199,1141611,ZE2,http://data.ordnancesurvey.co.uk/id/postcodedistrict/ZE2,,,,,,,Shetland Islands,http://data.ordnancesurvey.co.uk/id/7000000000186620,http://data.ordnancesurvey.co.uk/ontology/admingeo/UnitaryAuthority,Scotland,http://data.ordnancesurvey.co.uk/id/7000000000041429,Scotland,http://data.ordnancesurvey.co.uk/id/country/scotland,,,
osgb4000000074715191,http://data.ordnancesurvey.co.uk/id/4000000074715191,Da Mid Geo o Nort Veedal,,,,landform,Other Coastal Landform,397390,1140344,1000,15000,397137,1140094,397637,1140594,ZE2,http://data.ordnancesurvey.co.uk/id/postcodedistrict/ZE2,,,,,,,Shetland Islands,http://data.ordnancesurvey.co.uk/id/7000000000186620,http://data.ordnancesurvey.co.uk/ontology/admingeo/UnitaryAuthority,Scotland,http://data.ordnancesurvey.co.uk/id/7000000000041429,Scotland,http://data.ordnancesurvey.co.uk/id/country/scotland,,,
osgb4000000074602163,http://data.ordnancesurvey.co.uk/id/4000000074602163,Arva Skerry,,,,landform,Other Coastal Landform,395341,1141500,1000,50000,395089,1141250,395589,1141750,ZE2,http://data.ordnancesurvey.co.uk/id/postcodedistrict/ZE2,,,,,,,Shetland Islands,http://data.ordnancesurvey.co.uk/id/7000000000186620,http://data.ordnancesurvey.co.uk/ontology/admingeo/UnitaryAuthority,Scotland,http://data.ordnancesurvey.co.uk/id/7000000000041429,Scotland,http://data.ordnancesurvey.co.uk/id/country/scotland,,,
osgb4000000074748178,http://data.ordnancesurvey.co.uk/id/4000000074748178,Da Wast Banks o Wurrwick,,,,landform,Other Coastal Landform,396550,1141067,3000,50000,396302,1140817,396802,1141317,ZE2,http://data.ordnancesurvey.co.uk/id/postcodedistrict/ZE2,,,,,,,Shetland Islands,http://data.ordnancesurvey.co.uk/id/7000000000186620,http://data.ordnancesurvey.co.uk/ontology/admingeo/UnitaryAuthority,Scotland,http://data.ordnancesurvey.co.uk/id/7000000000041429,Scotland,http://data.ordnancesurvey.co.uk/id/country/scotland,,,
osgb4000000074715223,http://data.ordnancesurvey.co.uk/id/4000000074715223,Da Nort Geo o Nort Veedal,,,,landform,Other Coastal Landform,397351,1140409,1000,15000,397099,1140159,397599,1140659,ZE2,http://data.ordnancesurvey.co.uk/id/postcodedistrict/ZE2,,,,,,,Shetland Islands,http://data.ordnancesurvey.co.uk/id/7000000000186620,http://data.ordnancesurvey.co.uk/ontology/admingeo/UnitaryAuthority,Scotland,http://data.ordnancesurvey.co.uk/id/7000000000041429,Scotland,http://data.ordnancesurvey.co.uk/id/country/scotland,,,
osgb4000000074784898,http://data.ordnancesurvey.co.uk/id/4000000074784898,Da Soond o da Broch,,,,hydrography,Channel,396169,1141529,2000,100000,395901,1141279,396401,1141779,ZE2,http://data.ordnancesurvey.co.uk/id/postcodedistrict/ZE2,,,,,,,Shetland Islands,http://data.ordnancesurvey.co.uk/id/7000000000186620,http://data.ordnancesurvey.co.uk/ontology/admingeo/UnitaryAuthority,Scotland,http://data.ordnancesurvey.co.uk/id/7000000000041429,Scotland,http://data.ordnancesurvey.co.uk/id/country/scotland,,,
osgb4000000074748302,http://data.ordnancesurvey.co.uk/id/4000000074748302,Da Rigs,,,,landform,Other Coastal Landform,396192,1141388,1000,50000,395915,1141138,396415,1141638,ZE2,http://data.ordnancesurvey.co.uk/id/postcodedistrict/ZE2,,,,,,,Shetland Islands,http://data.ordnancesurvey.co.uk/id/7000000000186620,http://data.ordnancesurvey.co.uk/ontology/admingeo/UnitaryAuthority,Scotland,http://data.ordnancesurvey.co.uk/id/7000000000041429,Scotland,http://data.ordnancesurvey.co.uk/id/country/scotland,,,
