﻿osgb4000000074588528,http://data.ordnancesurvey.co.uk/id/4000000074588528,Geodha Blàtha Beag,,,,landform,Other Coastal Landform,161990,1030626,1000,15000,161740,1030377,162240,1030877,HS2,http://data.ordnancesurvey.co.uk/id/postcodedistrict/HS2,,,,,,,Na h-Eileanan an Iar,http://data.ordnancesurvey.co.uk/id/7000000000186634,http://data.ordnancesurvey.co.uk/ontology/admingeo/UnitaryAuthority,Scotland,http://data.ordnancesurvey.co.uk/id/7000000000041429,Scotland,http://data.ordnancesurvey.co.uk/id/country/scotland,,,
osgb4000000074715139,http://data.ordnancesurvey.co.uk/id/4000000074715139,Pairc as Iar,,,,landform,Other Coastal Landform,161861,1030445,1000,20000,161612,1030194,162112,1030694,HS2,http://data.ordnancesurvey.co.uk/id/postcodedistrict/HS2,,,,,,,Na h-Eileanan an Iar,http://data.ordnancesurvey.co.uk/id/7000000000186634,http://data.ordnancesurvey.co.uk/ontology/admingeo/UnitaryAuthority,Scotland,http://data.ordnancesurvey.co.uk/id/7000000000041429,Scotland,http://data.ordnancesurvey.co.uk/id/country/scotland,,,
osgb4000000074586834,http://data.ordnancesurvey.co.uk/id/4000000074586834,Ràmha Cleit,,,,landform,Other Coastal Landform,162089,1030779,1000,20000,161839,1030530,162339,1031030,HS2,http://data.ordnancesurvey.co.uk/id/postcodedistrict/HS2,,,,,,,Na h-Eileanan an Iar,http://data.ordnancesurvey.co.uk/id/7000000000186634,http://data.ordnancesurvey.co.uk/ontology/admingeo/UnitaryAuthority,Scotland,http://data.ordnancesurvey.co.uk/id/7000000000041429,Scotland,http://data.ordnancesurvey.co.uk/id/country/scotland,,,
osgb4000000074614434,http://data.ordnancesurvey.co.uk/id/4000000074614434,Sgeir an Teampuill,,,,landform,Other Coastal Landform,162164,1030486,1000,50000,161911,1030236,162411,1030736,HS2,http://data.ordnancesurvey.co.uk/id/postcodedistrict/HS2,,,,,,,Na h-Eileanan an Iar,http://data.ordnancesurvey.co.uk/id/7000000000186634,http://data.ordnancesurvey.co.uk/ontology/admingeo/UnitaryAuthority,Scotland,http://data.ordnancesurvey.co.uk/id/7000000000041429,Scotland,http://data.ordnancesurvey.co.uk/id/country/scotland,,,
osgb4000000074756917,http://data.ordnancesurvey.co.uk/id/4000000074756917,Pal a' Chaitainich,,,,landform,Other Coastal Landform,162332,1030923,1000,20000,162083,1030673,162583,1031173,HS2,http://data.ordnancesurvey.co.uk/id/postcodedistrict/HS2,,,,,,,Na h-Eileanan an Iar,http://data.ordnancesurvey.co.uk/id/7000000000186634,http://data.ordnancesurvey.co.uk/ontology/admingeo/UnitaryAuthority,Scotland,http://data.ordnancesurvey.co.uk/id/7000000000041429,Scotland,http://data.ordnancesurvey.co.uk/id/country/scotland,,,
osgb4000000074589233,http://data.ordnancesurvey.co.uk/id/4000000074589233,Boghannan s' Iar,,,,landform,Other Coastal Landform,161843,1031033,1000,50000,161594,1030783,162094,1031283,HS2,http://data.ordnancesurvey.co.uk/id/postcodedistrict/HS2,,,,,,,Na h-Eileanan an Iar,http://data.ordnancesurvey.co.uk/id/7000000000186634,http://data.ordnancesurvey.co.uk/ontology/admingeo/UnitaryAuthority,Scotland,http://data.ordnancesurvey.co.uk/id/7000000000041429,Scotland,http://data.ordnancesurvey.co.uk/id/country/scotland,,,
osgb4000000074614435,http://data.ordnancesurvey.co.uk/id/4000000074614435,Thamna Sgeir,,,,landform,Other Coastal Landform,162321,1030708,1000,50000,162070,1030459,162570,1030959,HS2,http://data.ordnancesurvey.co.uk/id/postcodedistrict/HS2,,,,,,,Na h-Eileanan an Iar,http://data.ordnancesurvey.co.uk/id/7000000000186634,http://data.ordnancesurvey.co.uk/ontology/admingeo/UnitaryAuthority,Scotland,http://data.ordnancesurvey.co.uk/id/7000000000041429,Scotland,http://data.ordnancesurvey.co.uk/id/country/scotland,,,
osgb4000000074756731,http://data.ordnancesurvey.co.uk/id/4000000074756731,Creag Trithaiga,,,,landform,Other Coastal Landform,161952,1030412,1000,20000,161699,1030162,162199,1030662,HS2,http://data.ordnancesurvey.co.uk/id/postcodedistrict/HS2,,,,,,,Na h-Eileanan an Iar,http://data.ordnancesurvey.co.uk/id/7000000000186634,http://data.ordnancesurvey.co.uk/ontology/admingeo/UnitaryAuthority,Scotland,http://data.ordnancesurvey.co.uk/id/7000000000041429,Scotland,http://data.ordnancesurvey.co.uk/id/country/scotland,,,
osgb4000000074756730,http://data.ordnancesurvey.co.uk/id/4000000074756730,Meagh Cich,,,,landform,Other Coastal Landform,162004,1030443,1000,20000,161754,1030194,162254,1030694,HS2,http://data.ordnancesurvey.co.uk/id/postcodedistrict/HS2,,,,,,,Na h-Eileanan an Iar,http://data.ordnancesurvey.co.uk/id/7000000000186634,http://data.ordnancesurvey.co.uk/ontology/admingeo/UnitaryAuthority,Scotland,http://data.ordnancesurvey.co.uk/id/7000000000041429,Scotland,http://data.ordnancesurvey.co.uk/id/country/scotland,,,
osgb4000000074756819,http://data.ordnancesurvey.co.uk/id/4000000074756819,Bhun Mòr,,,,landform,Other Coastal Landform,162208,1030569,1000,20000,161970,1030320,162470,1030820,HS2,http://data.ordnancesurvey.co.uk/id/postcodedistrict/HS2,,,,,,,Na h-Eileanan an Iar,http://data.ordnancesurvey.co.uk/id/7000000000186634,http://data.ordnancesurvey.co.uk/ontology/admingeo/UnitaryAuthority,Scotland,http://data.ordnancesurvey.co.uk/id/7000000000041429,Scotland,http://data.ordnancesurvey.co.uk/id/country/scotland,,,
osgb4000000074614436,http://data.ordnancesurvey.co.uk/id/4000000074614436,Sula Sgeir,,,,landform,Island,162080,1030666,4000,800000,161781,1030293,162378,1030964,HS2,http://data.ordnancesurvey.co.uk/id/postcodedistrict/HS2,,,,,,,Na h-Eileanan an Iar,http://data.ordnancesurvey.co.uk/id/7000000000186634,http://data.ordnancesurvey.co.uk/ontology/admingeo/UnitaryAuthority,Scotland,http://data.ordnancesurvey.co.uk/id/7000000000041429,Scotland,http://data.ordnancesurvey.co.uk/id/country/scotland,,,
osgb4000000074614017,http://data.ordnancesurvey.co.uk/id/4000000074614017,Gralisgeir,,,,landform,Other Coastal Landform,161821,1029657,1000,50000,161571,1029415,162071,1029915,HS2,http://data.ordnancesurvey.co.uk/id/postcodedistrict/HS2,,,,,,,Na h-Eileanan an Iar,http://data.ordnancesurvey.co.uk/id/7000000000186634,http://data.ordnancesurvey.co.uk/ontology/admingeo/UnitaryAuthority,Scotland,http://data.ordnancesurvey.co.uk/id/7000000000041429,Scotland,http://data.ordnancesurvey.co.uk/id/country/scotland,,,
osgb4000000074587124,http://data.ordnancesurvey.co.uk/id/4000000074587124,Geodha Phuill Bhàin,,,,landform,Other Coastal Landform,162101,1030664,1000,15000,161851,1030416,162351,1030916,HS2,http://data.ordnancesurvey.co.uk/id/postcodedistrict/HS2,,,,,,,Na h-Eileanan an Iar,http://data.ordnancesurvey.co.uk/id/7000000000186634,http://data.ordnancesurvey.co.uk/ontology/admingeo/UnitaryAuthority,Scotland,http://data.ordnancesurvey.co.uk/id/7000000000041429,Scotland,http://data.ordnancesurvey.co.uk/id/country/scotland,,,
osgb4000000074587559,http://data.ordnancesurvey.co.uk/id/4000000074587559,Bealach an t-Suidhe,,,,landform,Other Coastal Landform,162020,1030459,1000,15000,161771,1030209,162271,1030709,HS2,http://data.ordnancesurvey.co.uk/id/postcodedistrict/HS2,,,,,,,Na h-Eileanan an Iar,http://data.ordnancesurvey.co.uk/id/7000000000186634,http://data.ordnancesurvey.co.uk/ontology/admingeo/UnitaryAuthority,Scotland,http://data.ordnancesurvey.co.uk/id/7000000000041429,Scotland,http://data.ordnancesurvey.co.uk/id/country/scotland,,,
osgb4000000074756818,http://data.ordnancesurvey.co.uk/id/4000000074756818,Pal a' Tigh,,,,landform,Other Coastal Landform,162197,1030527,1000,20000,161947,1030277,162447,1030777,HS2,http://data.ordnancesurvey.co.uk/id/postcodedistrict/HS2,,,,,,,Na h-Eileanan an Iar,http://data.ordnancesurvey.co.uk/id/7000000000186634,http://data.ordnancesurvey.co.uk/ontology/admingeo/UnitaryAuthority,Scotland,http://data.ordnancesurvey.co.uk/id/7000000000041429,Scotland,http://data.ordnancesurvey.co.uk/id/country/scotland,,,
osgb4000000074756821,http://data.ordnancesurvey.co.uk/id/4000000074756821,Lunndastoth,,,,landform,Other Coastal Landform,162348,1030857,1000,20000,162098,1030610,162598,1031110,HS2,http://data.ordnancesurvey.co.uk/id/postcodedistrict/HS2,,,,,,,Na h-Eileanan an Iar,http://data.ordnancesurvey.co.uk/id/7000000000186634,http://data.ordnancesurvey.co.uk/ontology/admingeo/UnitaryAuthority,Scotland,http://data.ordnancesurvey.co.uk/id/7000000000041429,Scotland,http://data.ordnancesurvey.co.uk/id/country/scotland,,,
osgb4000000074756822,http://data.ordnancesurvey.co.uk/id/4000000074756822,Palaichean Chrois,,,,landform,Other Coastal Landform,161804,1030379,1000,20000,161554,1030129,162054,1030629,HS2,http://data.ordnancesurvey.co.uk/id/postcodedistrict/HS2,,,,,,,Na h-Eileanan an Iar,http://data.ordnancesurvey.co.uk/id/7000000000186634,http://data.ordnancesurvey.co.uk/ontology/admingeo/UnitaryAuthority,Scotland,http://data.ordnancesurvey.co.uk/id/7000000000041429,Scotland,http://data.ordnancesurvey.co.uk/id/country/scotland,,,
osgb4000000074587123,http://data.ordnancesurvey.co.uk/id/4000000074587123,Geodh' a' Bhun Mhòir,,,,landform,Other Coastal Landform,162193,1030586,1000,15000,161946,1030337,162446,1030837,HS2,http://data.ordnancesurvey.co.uk/id/postcodedistrict/HS2,,,,,,,Na h-Eileanan an Iar,http://data.ordnancesurvey.co.uk/id/7000000000186634,http://data.ordnancesurvey.co.uk/ontology/admingeo/UnitaryAuthority,Scotland,http://data.ordnancesurvey.co.uk/id/7000000000041429,Scotland,http://data.ordnancesurvey.co.uk/id/country/scotland,,,
osgb4000000074756732,http://data.ordnancesurvey.co.uk/id/4000000074756732,Levinis,,,,landform,Other Coastal Landform,161848,1030313,1000,20000,161598,1030063,162098,1030563,HS2,http://data.ordnancesurvey.co.uk/id/postcodedistrict/HS2,,,,,,,Na h-Eileanan an Iar,http://data.ordnancesurvey.co.uk/id/7000000000186634,http://data.ordnancesurvey.co.uk/ontology/admingeo/UnitaryAuthority,Scotland,http://data.ordnancesurvey.co.uk/id/7000000000041429,Scotland,http://data.ordnancesurvey.co.uk/id/country/scotland,,,
osgb4000000074614439,http://data.ordnancesurvey.co.uk/id/4000000074614439,Bogha Leathainn,,,,landform,Other Coastal Landform,161859,1030800,1000,50000,161609,1030549,162109,1031049,HS2,http://data.ordnancesurvey.co.uk/id/postcodedistrict/HS2,,,,,,,Na h-Eileanan an Iar,http://data.ordnancesurvey.co.uk/id/7000000000186634,http://data.ordnancesurvey.co.uk/ontology/admingeo/UnitaryAuthority,Scotland,http://data.ordnancesurvey.co.uk/id/7000000000041429,Scotland,http://data.ordnancesurvey.co.uk/id/country/scotland,,,
osgb4000000074614438,http://data.ordnancesurvey.co.uk/id/4000000074614438,Dà Bogha Ràmha Cleit,,,,landform,Other Coastal Landform,161929,1030724,1000,50000,161676,1030475,162176,1030975,HS2,http://data.ordnancesurvey.co.uk/id/postcodedistrict/HS2,,,,,,,Na h-Eileanan an Iar,http://data.ordnancesurvey.co.uk/id/7000000000186634,http://data.ordnancesurvey.co.uk/ontology/admingeo/UnitaryAuthority,Scotland,http://data.ordnancesurvey.co.uk/id/7000000000041429,Scotland,http://data.ordnancesurvey.co.uk/id/country/scotland,,,
osgb4000000074614437,http://data.ordnancesurvey.co.uk/id/4000000074614437,Cnap Geodha Blàtha Beag,,,,landform,Other Coastal Landform,161882,1030594,1000,50000,161630,1030344,162130,1030844,HS2,http://data.ordnancesurvey.co.uk/id/postcodedistrict/HS2,,,,,,,Na h-Eileanan an Iar,http://data.ordnancesurvey.co.uk/id/7000000000186634,http://data.ordnancesurvey.co.uk/ontology/admingeo/UnitaryAuthority,Scotland,http://data.ordnancesurvey.co.uk/id/7000000000041429,Scotland,http://data.ordnancesurvey.co.uk/id/country/scotland,,,
osgb4000000074588527,http://data.ordnancesurvey.co.uk/id/4000000074588527,Geodha Blàtha Mòr,,,,landform,Other Coastal Landform,162020,1030613,1000,15000,161770,1030364,162270,1030864,HS2,http://data.ordnancesurvey.co.uk/id/postcodedistrict/HS2,,,,,,,Na h-Eileanan an Iar,http://data.ordnancesurvey.co.uk/id/7000000000186634,http://data.ordnancesurvey.co.uk/ontology/admingeo/UnitaryAuthority,Scotland,http://data.ordnancesurvey.co.uk/id/7000000000041429,Scotland,http://data.ordnancesurvey.co.uk/id/country/scotland,,,
osgb4000000074756820,http://data.ordnancesurvey.co.uk/id/4000000074756820,Bhun Beag,,,,landform,Other Coastal Landform,162178,1030624,1000,20000,161928,1030372,162428,1030872,HS2,http://data.ordnancesurvey.co.uk/id/postcodedistrict/HS2,,,,,,,Na h-Eileanan an Iar,http://data.ordnancesurvey.co.uk/id/7000000000186634,http://data.ordnancesurvey.co.uk/ontology/admingeo/UnitaryAuthority,Scotland,http://data.ordnancesurvey.co.uk/id/7000000000041429,Scotland,http://data.ordnancesurvey.co.uk/id/country/scotland,,,
osgb4000000074614440,http://data.ordnancesurvey.co.uk/id/4000000074614440,Bogha Còrr,,,,landform,Other Coastal Landform,161246,1031238,1000,50000,160996,1030988,161496,1031488,HS2,http://data.ordnancesurvey.co.uk/id/postcodedistrict/HS2,,,,,,,Na h-Eileanan an Iar,http://data.ordnancesurvey.co.uk/id/7000000000186634,http://data.ordnancesurvey.co.uk/ontology/admingeo/UnitaryAuthority,Scotland,http://data.ordnancesurvey.co.uk/id/7000000000041429,Scotland,http://data.ordnancesurvey.co.uk/id/country/scotland,,,
osgb4000000074715138,http://data.ordnancesurvey.co.uk/id/4000000074715138,Sròn na Lice,,,,landform,Other Coastal Landform,161867,1030363,1000,20000,161611,1030113,162111,1030613,HS2,http://data.ordnancesurvey.co.uk/id/postcodedistrict/HS2,,,,,,,Na h-Eileanan an Iar,http://data.ordnancesurvey.co.uk/id/7000000000186634,http://data.ordnancesurvey.co.uk/ontology/admingeo/UnitaryAuthority,Scotland,http://data.ordnancesurvey.co.uk/id/7000000000041429,Scotland,http://data.ordnancesurvey.co.uk/id/country/scotland,,,
