﻿osgb4000000074612917,http://data.ordnancesurvey.co.uk/id/4000000074612917,Old Man of Hoy,,,,landform,Hill Or Mountain,317635,1000784,1000,300000,317385,1000534,317885,1001034,KW16,http://data.ordnancesurvey.co.uk/id/postcodedistrict/KW16,,,,,,,Orkney Islands,http://data.ordnancesurvey.co.uk/id/7000000000186631,http://data.ordnancesurvey.co.uk/ontology/admingeo/UnitaryAuthority,Scotland,http://data.ordnancesurvey.co.uk/id/7000000000041429,Scotland,http://data.ordnancesurvey.co.uk/id/country/scotland,,,
osgb4000000074752873,http://data.ordnancesurvey.co.uk/id/4000000074752873,Heel of the Kame,,,,landform,Other Coastal Landform,319805,1004913,1000,50000,319555,1004649,320055,1005149,KW16,http://data.ordnancesurvey.co.uk/id/postcodedistrict/KW16,,,,,,,Orkney Islands,http://data.ordnancesurvey.co.uk/id/7000000000186631,http://data.ordnancesurvey.co.uk/ontology/admingeo/UnitaryAuthority,Scotland,http://data.ordnancesurvey.co.uk/id/7000000000041429,Scotland,http://data.ordnancesurvey.co.uk/id/country/scotland,,,
osgb4000000074752944,http://data.ordnancesurvey.co.uk/id/4000000074752944,Scarsa,,,,landform,Cliff Or Slope,317999,1000943,1000,40000,317773,1000694,318273,1001194,KW16,http://data.ordnancesurvey.co.uk/id/postcodedistrict/KW16,,,,,,,Orkney Islands,http://data.ordnancesurvey.co.uk/id/7000000000186631,http://data.ordnancesurvey.co.uk/ontology/admingeo/UnitaryAuthority,Scotland,http://data.ordnancesurvey.co.uk/id/7000000000041429,Scotland,http://data.ordnancesurvey.co.uk/id/country/scotland,,,
osgb4000000074723157,http://data.ordnancesurvey.co.uk/id/4000000074723157,Berrie Dale,,,,landform,Valley,319807,1001639,3000,800000,319558,1001412,320058,1001912,KW16,http://data.ordnancesurvey.co.uk/id/postcodedistrict/KW16,,,,,,,Orkney Islands,http://data.ordnancesurvey.co.uk/id/7000000000186631,http://data.ordnancesurvey.co.uk/ontology/admingeo/UnitaryAuthority,Scotland,http://data.ordnancesurvey.co.uk/id/7000000000041429,Scotland,http://data.ordnancesurvey.co.uk/id/country/scotland,,,
osgb4000000074752876,http://data.ordnancesurvey.co.uk/id/4000000074752876,Geo of the Light,,,,landform,Other Coastal Landform,317562,1000187,1000,15000,317313,999927,317813,1000427,KW16,http://data.ordnancesurvey.co.uk/id/postcodedistrict/KW16,,,,,,,Orkney Islands,http://data.ordnancesurvey.co.uk/id/7000000000186631,http://data.ordnancesurvey.co.uk/ontology/admingeo/UnitaryAuthority,Scotland,http://data.ordnancesurvey.co.uk/id/7000000000041429,Scotland,http://data.ordnancesurvey.co.uk/id/country/scotland,,,
osgb4000000074752946,http://data.ordnancesurvey.co.uk/id/4000000074752946,The Carl,,,,landform,Other Coastal Landform,318017,1001482,1000,50000,317767,1001256,318267,1001756,KW16,http://data.ordnancesurvey.co.uk/id/postcodedistrict/KW16,,,,,,,Orkney Islands,http://data.ordnancesurvey.co.uk/id/7000000000186631,http://data.ordnancesurvey.co.uk/ontology/admingeo/UnitaryAuthority,Scotland,http://data.ordnancesurvey.co.uk/id/7000000000041429,Scotland,http://data.ordnancesurvey.co.uk/id/country/scotland,,,
osgb4000000074753034,http://data.ordnancesurvey.co.uk/id/4000000074753034,Hendry's Holes,,,,landform,Other Coastal Landform,318500,1002747,1000,20000,318250,1002497,318750,1002997,KW16,http://data.ordnancesurvey.co.uk/id/postcodedistrict/KW16,,,,,,,Orkney Islands,http://data.ordnancesurvey.co.uk/id/7000000000186631,http://data.ordnancesurvey.co.uk/ontology/admingeo/UnitaryAuthority,Scotland,http://data.ordnancesurvey.co.uk/id/7000000000041429,Scotland,http://data.ordnancesurvey.co.uk/id/country/scotland,,,
osgb4000000074791937,http://data.ordnancesurvey.co.uk/id/4000000074791937,Loch of Grutfea,,,,hydrography,Inland Water,319277,1000831,1000,500000,319031,1000582,319531,1001082,KW16,http://data.ordnancesurvey.co.uk/id/postcodedistrict/KW16,,,,,,,Orkney Islands,http://data.ordnancesurvey.co.uk/id/7000000000186631,http://data.ordnancesurvey.co.uk/ontology/admingeo/UnitaryAuthority,Scotland,http://data.ordnancesurvey.co.uk/id/7000000000041429,Scotland,http://data.ordnancesurvey.co.uk/id/country/scotland,,,
osgb4000000074752781,http://data.ordnancesurvey.co.uk/id/4000000074752781,Kame of Hoy,,,,landform,Cliff Or Slope,319731,1004798,2000,40000,319490,1004548,319990,1005048,KW16,http://data.ordnancesurvey.co.uk/id/postcodedistrict/KW16,,,,,,,Orkney Islands,http://data.ordnancesurvey.co.uk/id/7000000000186631,http://data.ordnancesurvey.co.uk/ontology/admingeo/UnitaryAuthority,Scotland,http://data.ordnancesurvey.co.uk/id/7000000000041429,Scotland,http://data.ordnancesurvey.co.uk/id/country/scotland,,,
osgb4000000074752947,http://data.ordnancesurvey.co.uk/id/4000000074752947,Geo of the Sow,,,,landform,Other Coastal Landform,318168,1001795,2000,15000,317938,1001545,318438,1002045,KW16,http://data.ordnancesurvey.co.uk/id/postcodedistrict/KW16,,,,,,,Orkney Islands,http://data.ordnancesurvey.co.uk/id/7000000000186631,http://data.ordnancesurvey.co.uk/ontology/admingeo/UnitaryAuthority,Scotland,http://data.ordnancesurvey.co.uk/id/7000000000041429,Scotland,http://data.ordnancesurvey.co.uk/id/country/scotland,,,
osgb4000000074752945,http://data.ordnancesurvey.co.uk/id/4000000074752945,Stours Kinora,,,,landform,Cliff Or Slope,318190,1001208,2000,40000,317949,1000958,318449,1001458,KW16,http://data.ordnancesurvey.co.uk/id/postcodedistrict/KW16,,,,,,,Orkney Islands,http://data.ordnancesurvey.co.uk/id/7000000000186631,http://data.ordnancesurvey.co.uk/ontology/admingeo/UnitaryAuthority,Scotland,http://data.ordnancesurvey.co.uk/id/7000000000041429,Scotland,http://data.ordnancesurvey.co.uk/id/country/scotland,,,
osgb4000000074593906,http://data.ordnancesurvey.co.uk/id/4000000074593906,Hellia,,,,landform,Cliff Or Slope,319352,1004525,6000,40000,318927,1004044,319777,1004735,KW16,http://data.ordnancesurvey.co.uk/id/postcodedistrict/KW16,,,,,,,Orkney Islands,http://data.ordnancesurvey.co.uk/id/7000000000186631,http://data.ordnancesurvey.co.uk/ontology/admingeo/UnitaryAuthority,Scotland,http://data.ordnancesurvey.co.uk/id/7000000000041429,Scotland,http://data.ordnancesurvey.co.uk/id/country/scotland,,,
osgb4000000074752875,http://data.ordnancesurvey.co.uk/id/4000000074752875,Runnarto,,,,landform,Other Coastal Landform,317854,1000471,1000,20000,317604,1000216,318104,1000716,KW16,http://data.ordnancesurvey.co.uk/id/postcodedistrict/KW16,,,,,,,Orkney Islands,http://data.ordnancesurvey.co.uk/id/7000000000186631,http://data.ordnancesurvey.co.uk/ontology/admingeo/UnitaryAuthority,Scotland,http://data.ordnancesurvey.co.uk/id/7000000000041429,Scotland,http://data.ordnancesurvey.co.uk/id/country/scotland,,,
osgb4000000074752603,http://data.ordnancesurvey.co.uk/id/4000000074752603,Slett of the Heel,,,,landform,Other Coastal Landform,319418,1004691,1000,50000,319169,1004433,319669,1004933,KW16,http://data.ordnancesurvey.co.uk/id/postcodedistrict/KW16,,,,,,,Orkney Islands,http://data.ordnancesurvey.co.uk/id/7000000000186631,http://data.ordnancesurvey.co.uk/ontology/admingeo/UnitaryAuthority,Scotland,http://data.ordnancesurvey.co.uk/id/7000000000041429,Scotland,http://data.ordnancesurvey.co.uk/id/country/scotland,,,
osgb4000000074612916,http://data.ordnancesurvey.co.uk/id/4000000074612916,Sui Fea,,,,landform,Hill Or Mountain,319079,1003039,1000,300000,318829,1002789,319329,1003289,KW16,http://data.ordnancesurvey.co.uk/id/postcodedistrict/KW16,,,,,,,Orkney Islands,http://data.ordnancesurvey.co.uk/id/7000000000186631,http://data.ordnancesurvey.co.uk/ontology/admingeo/UnitaryAuthority,Scotland,http://data.ordnancesurvey.co.uk/id/7000000000041429,Scotland,http://data.ordnancesurvey.co.uk/id/country/scotland,,,
osgb4000000074588370,http://data.ordnancesurvey.co.uk/id/4000000074588370,Leaden Geo,,,,landform,Other Coastal Landform,318441,1002664,2000,15000,318192,1002414,318692,1002914,KW16,http://data.ordnancesurvey.co.uk/id/postcodedistrict/KW16,,,,,,,Orkney Islands,http://data.ordnancesurvey.co.uk/id/7000000000186631,http://data.ordnancesurvey.co.uk/ontology/admingeo/UnitaryAuthority,Scotland,http://data.ordnancesurvey.co.uk/id/7000000000041429,Scotland,http://data.ordnancesurvey.co.uk/id/country/scotland,,,
osgb4000000074752874,http://data.ordnancesurvey.co.uk/id/4000000074752874,Foreberry,,,,landform,Other Coastal Landform,319306,1004678,1000,50000,319057,1004420,319557,1004920,KW16,http://data.ordnancesurvey.co.uk/id/postcodedistrict/KW16,,,,,,,Orkney Islands,http://data.ordnancesurvey.co.uk/id/7000000000186631,http://data.ordnancesurvey.co.uk/ontology/admingeo/UnitaryAuthority,Scotland,http://data.ordnancesurvey.co.uk/id/7000000000041429,Scotland,http://data.ordnancesurvey.co.uk/id/country/scotland,,,
osgb4000000074752877,http://data.ordnancesurvey.co.uk/id/4000000074752877,Tuaks of the Boy,,,,landform,Coastal Headland,317877,1000623,3000,750000,317628,1000408,318128,1000908,KW16,http://data.ordnancesurvey.co.uk/id/postcodedistrict/KW16,,,,,,,Orkney Islands,http://data.ordnancesurvey.co.uk/id/7000000000186631,http://data.ordnancesurvey.co.uk/ontology/admingeo/UnitaryAuthority,Scotland,http://data.ordnancesurvey.co.uk/id/7000000000041429,Scotland,http://data.ordnancesurvey.co.uk/id/country/scotland,,,
osgb4000000074752780,http://data.ordnancesurvey.co.uk/id/4000000074752780,Doors of the Kame,,,,landform,Other Coastal Landform,319919,1004764,1000,20000,319669,1004516,320169,1005016,KW16,http://data.ordnancesurvey.co.uk/id/postcodedistrict/KW16,,,,,,,Orkney Islands,http://data.ordnancesurvey.co.uk/id/7000000000186631,http://data.ordnancesurvey.co.uk/ontology/admingeo/UnitaryAuthority,Scotland,http://data.ordnancesurvey.co.uk/id/7000000000041429,Scotland,http://data.ordnancesurvey.co.uk/id/country/scotland,,,
osgb4000000074723158,http://data.ordnancesurvey.co.uk/id/4000000074723158,Smerr Dale,,,,landform,Valley,319637,1002252,3000,800000,319387,1002020,319887,1002524,KW16,http://data.ordnancesurvey.co.uk/id/postcodedistrict/KW16,,,,,,,Orkney Islands,http://data.ordnancesurvey.co.uk/id/7000000000186631,http://data.ordnancesurvey.co.uk/ontology/admingeo/UnitaryAuthority,Scotland,http://data.ordnancesurvey.co.uk/id/7000000000041429,Scotland,http://data.ordnancesurvey.co.uk/id/country/scotland,,,
osgb4000000074786710,http://data.ordnancesurvey.co.uk/id/4000000074786710,The Neuk,,,,hydrography,Bay,317677,1000925,3000,150000,317428,1000664,317928,1001164,KW16,http://data.ordnancesurvey.co.uk/id/postcodedistrict/KW16,,,,,,,Orkney Islands,http://data.ordnancesurvey.co.uk/id/7000000000186631,http://data.ordnancesurvey.co.uk/ontology/admingeo/UnitaryAuthority,Scotland,http://data.ordnancesurvey.co.uk/id/7000000000041429,Scotland,http://data.ordnancesurvey.co.uk/id/country/scotland,,,
osgb4000000074588369,http://data.ordnancesurvey.co.uk/id/4000000074588369,Geo of Hellia,,,,landform,Other Coastal Landform,319094,1004228,1000,15000,318845,1003982,319345,1004482,KW16,http://data.ordnancesurvey.co.uk/id/postcodedistrict/KW16,,,,,,,Orkney Islands,http://data.ordnancesurvey.co.uk/id/7000000000186631,http://data.ordnancesurvey.co.uk/ontology/admingeo/UnitaryAuthority,Scotland,http://data.ordnancesurvey.co.uk/id/7000000000041429,Scotland,http://data.ordnancesurvey.co.uk/id/country/scotland,,,
osgb4000000074753035,http://data.ordnancesurvey.co.uk/id/4000000074753035,St John's Head,,,,landform,Other Coastal Landform,318501,1003125,1000,20000,318251,1002891,318751,1003391,KW16,http://data.ordnancesurvey.co.uk/id/postcodedistrict/KW16,,,,,,,Orkney Islands,http://data.ordnancesurvey.co.uk/id/7000000000186631,http://data.ordnancesurvey.co.uk/ontology/admingeo/UnitaryAuthority,Scotland,http://data.ordnancesurvey.co.uk/id/7000000000041429,Scotland,http://data.ordnancesurvey.co.uk/id/country/scotland,,,
osgb4000000074804587,http://data.ordnancesurvey.co.uk/id/4000000074804587,Suifea Lochs,,,,hydrography,Inland Water,319108,1001683,3000,40000,318858,1001426,319358,1001926,KW16,http://data.ordnancesurvey.co.uk/id/postcodedistrict/KW16,,,,,,,Orkney Islands,http://data.ordnancesurvey.co.uk/id/7000000000186631,http://data.ordnancesurvey.co.uk/ontology/admingeo/UnitaryAuthority,Scotland,http://data.ordnancesurvey.co.uk/id/7000000000041429,Scotland,http://data.ordnancesurvey.co.uk/id/country/scotland,,,
osgb4000000074594510,http://data.ordnancesurvey.co.uk/id/4000000074594510,Outer Door of the Kame,,,,landform,Other Coastal Landform,319869,1004825,1000,20000,319617,1004575,320117,1005075,KW16,http://data.ordnancesurvey.co.uk/id/postcodedistrict/KW16,,,,,,,Orkney Islands,http://data.ordnancesurvey.co.uk/id/7000000000186631,http://data.ordnancesurvey.co.uk/ontology/admingeo/UnitaryAuthority,Scotland,http://data.ordnancesurvey.co.uk/id/7000000000041429,Scotland,http://data.ordnancesurvey.co.uk/id/country/scotland,,,
osgb4000000074752948,http://data.ordnancesurvey.co.uk/id/4000000074752948,The Sow,,,,landform,Other Coastal Landform,318068,1002218,1000,50000,317819,1001964,318319,1002464,KW16,http://data.ordnancesurvey.co.uk/id/postcodedistrict/KW16,,,,,,,Orkney Islands,http://data.ordnancesurvey.co.uk/id/7000000000186631,http://data.ordnancesurvey.co.uk/ontology/admingeo/UnitaryAuthority,Scotland,http://data.ordnancesurvey.co.uk/id/7000000000041429,Scotland,http://data.ordnancesurvey.co.uk/id/country/scotland,,,
