﻿KW172AU,http://data.ordnancesurvey.co.uk/id/postcodeunit/KW172AU,KW17 2AU,,,,other,Postcode,367093,1016924,3500,18000,,,,,,,,,,,,,Orkney Islands,http://data.ordnancesurvey.co.uk/id/7000000000186631,http://data.ordnancesurvey.co.uk/ontology/admingeo/UnitaryAuthority,Scotland,http://data.ordnancesurvey.co.uk/id/7000000000041429,Scotland,http://data.ordnancesurvey.co.uk/id/country/scotland,,,
osgb4000000074588402,http://data.ordnancesurvey.co.uk/id/4000000074588402,Melders Geo,,,,landform,Other Coastal Landform,361570,1001680,1000,15000,361333,1001430,361833,1001930,KW17,http://data.ordnancesurvey.co.uk/id/postcodedistrict/KW17,,,,,,,Orkney Islands,http://data.ordnancesurvey.co.uk/id/7000000000186631,http://data.ordnancesurvey.co.uk/ontology/admingeo/UnitaryAuthority,Scotland,http://data.ordnancesurvey.co.uk/id/7000000000041429,Scotland,http://data.ordnancesurvey.co.uk/id/country/scotland,,,
osgb4000000074587820,http://data.ordnancesurvey.co.uk/id/4000000074587820,Hunters Geo,,,,landform,Other Coastal Landform,367353,1015551,1000,15000,367103,1015302,367603,1015802,KW17,http://data.ordnancesurvey.co.uk/id/postcodedistrict/KW17,,,,,,,Orkney Islands,http://data.ordnancesurvey.co.uk/id/7000000000186631,http://data.ordnancesurvey.co.uk/ontology/admingeo/UnitaryAuthority,Scotland,http://data.ordnancesurvey.co.uk/id/7000000000041429,Scotland,http://data.ordnancesurvey.co.uk/id/country/scotland,,,
osgb4000000074798966,http://data.ordnancesurvey.co.uk/id/4000000074798966,Horse Sound,,,,hydrography,Channel,360752,1002290,19000,100000,359337,1001721,362226,1002859,KW17,http://data.ordnancesurvey.co.uk/id/postcodedistrict/KW17,,,,,,,Orkney Islands,http://data.ordnancesurvey.co.uk/id/7000000000186631,http://data.ordnancesurvey.co.uk/ontology/admingeo/UnitaryAuthority,Scotland,http://data.ordnancesurvey.co.uk/id/7000000000041429,Scotland,http://data.ordnancesurvey.co.uk/id/country/scotland,,,
osgb4000000074792471,http://data.ordnancesurvey.co.uk/id/4000000074792471,Loch of Dinnapow,,,,hydrography,Inland Water,367452,1016544,1000,500000,367205,1016295,367705,1016795,KW17,http://data.ordnancesurvey.co.uk/id/postcodedistrict/KW17,,,,,,,Orkney Islands,http://data.ordnancesurvey.co.uk/id/7000000000186631,http://data.ordnancesurvey.co.uk/ontology/admingeo/UnitaryAuthority,Scotland,http://data.ordnancesurvey.co.uk/id/7000000000041429,Scotland,http://data.ordnancesurvey.co.uk/id/country/scotland,,,
osgb4000000074586359,http://data.ordnancesurvey.co.uk/id/4000000074586359,Isle Rough,,,,landform,Other Coastal Landform,360473,1001592,4000,50000,360215,1001342,360772,1001842,KW17,http://data.ordnancesurvey.co.uk/id/postcodedistrict/KW17,,,,,,,Orkney Islands,http://data.ordnancesurvey.co.uk/id/7000000000186631,http://data.ordnancesurvey.co.uk/ontology/admingeo/UnitaryAuthority,Scotland,http://data.ordnancesurvey.co.uk/id/7000000000041429,Scotland,http://data.ordnancesurvey.co.uk/id/country/scotland,,,
osgb4000000074752102,http://data.ordnancesurvey.co.uk/id/4000000074752102,Blaster Hole,,,,landform,Other Coastal Landform,362254,1002846,1000,20000,361998,1002599,362498,1003099,KW17,http://data.ordnancesurvey.co.uk/id/postcodedistrict/KW17,,,,,,,Orkney Islands,http://data.ordnancesurvey.co.uk/id/7000000000186631,http://data.ordnancesurvey.co.uk/ontology/admingeo/UnitaryAuthority,Scotland,http://data.ordnancesurvey.co.uk/id/7000000000041429,Scotland,http://data.ordnancesurvey.co.uk/id/country/scotland,,,
osgb4000000074752279,http://data.ordnancesurvey.co.uk/id/4000000074752279,Stairs of Mous,,,,landform,Cliff Or Slope,360922,1001660,1000,40000,360672,1001382,361172,1001882,KW17,http://data.ordnancesurvey.co.uk/id/postcodedistrict/KW17,,,,,,,Orkney Islands,http://data.ordnancesurvey.co.uk/id/7000000000186631,http://data.ordnancesurvey.co.uk/ontology/admingeo/UnitaryAuthority,Scotland,http://data.ordnancesurvey.co.uk/id/7000000000041429,Scotland,http://data.ordnancesurvey.co.uk/id/country/scotland,,,
osgb4000000074611431,http://data.ordnancesurvey.co.uk/id/4000000074611431,Horse of Copinsay,,,,landform,Other Coastal Landform,362198,1002776,1000,50000,361944,1002526,362444,1003026,KW17,http://data.ordnancesurvey.co.uk/id/postcodedistrict/KW17,,,,,,,Orkney Islands,http://data.ordnancesurvey.co.uk/id/7000000000186631,http://data.ordnancesurvey.co.uk/ontology/admingeo/UnitaryAuthority,Scotland,http://data.ordnancesurvey.co.uk/id/7000000000041429,Scotland,http://data.ordnancesurvey.co.uk/id/country/scotland,,,
osgb4000000074587652,http://data.ordnancesurvey.co.uk/id/4000000074587652,Chohel Geo,,,,landform,Other Coastal Landform,367751,1015958,1000,15000,367502,1015713,368002,1016213,KW17,http://data.ordnancesurvey.co.uk/id/postcodedistrict/KW17,,,,,,,Orkney Islands,http://data.ordnancesurvey.co.uk/id/7000000000186631,http://data.ordnancesurvey.co.uk/ontology/admingeo/UnitaryAuthority,Scotland,http://data.ordnancesurvey.co.uk/id/7000000000041429,Scotland,http://data.ordnancesurvey.co.uk/id/country/scotland,,,
osgb4000000074752278,http://data.ordnancesurvey.co.uk/id/4000000074752278,Well of the Horse,,,,landform,Other Coastal Landform,362136,1002775,1000,20000,361896,1002526,362396,1003026,KW17,http://data.ordnancesurvey.co.uk/id/postcodedistrict/KW17,,,,,,,Orkney Islands,http://data.ordnancesurvey.co.uk/id/7000000000186631,http://data.ordnancesurvey.co.uk/ontology/admingeo/UnitaryAuthority,Scotland,http://data.ordnancesurvey.co.uk/id/7000000000041429,Scotland,http://data.ordnancesurvey.co.uk/id/country/scotland,,,
osgb4000000074786746,http://data.ordnancesurvey.co.uk/id/4000000074786746,Outer Deep,,,,hydrography,Sea,360476,1001701,2000,12000000,360227,1001451,360727,1001951,KW17,http://data.ordnancesurvey.co.uk/id/postcodedistrict/KW17,,,,,,,Orkney Islands,http://data.ordnancesurvey.co.uk/id/7000000000186631,http://data.ordnancesurvey.co.uk/ontology/admingeo/UnitaryAuthority,Scotland,http://data.ordnancesurvey.co.uk/id/7000000000041429,Scotland,http://data.ordnancesurvey.co.uk/id/country/scotland,,,
osgb4000000074752100,http://data.ordnancesurvey.co.uk/id/4000000074752100,Sandgeo Taing,,,,landform,Other Coastal Landform,361210,1001845,1000,50000,360961,1001594,361461,1002094,KW17,http://data.ordnancesurvey.co.uk/id/postcodedistrict/KW17,,,,,,,Orkney Islands,http://data.ordnancesurvey.co.uk/id/7000000000186631,http://data.ordnancesurvey.co.uk/ontology/admingeo/UnitaryAuthority,Scotland,http://data.ordnancesurvey.co.uk/id/7000000000041429,Scotland,http://data.ordnancesurvey.co.uk/id/country/scotland,,,
osgb4000000074588556,http://data.ordnancesurvey.co.uk/id/4000000074588556,Bught Geo,,,,landform,Other Coastal Landform,367140,1015589,1000,15000,366891,1015339,367391,1015839,KW17,http://data.ordnancesurvey.co.uk/id/postcodedistrict/KW17,,,,,,,Orkney Islands,http://data.ordnancesurvey.co.uk/id/7000000000186631,http://data.ordnancesurvey.co.uk/ontology/admingeo/UnitaryAuthority,Scotland,http://data.ordnancesurvey.co.uk/id/7000000000041429,Scotland,http://data.ordnancesurvey.co.uk/id/country/scotland,,,
osgb4000000074752847,http://data.ordnancesurvey.co.uk/id/4000000074752847,Skirts of Dinnapow,,,,landform,Other Coastal Landform,367588,1016588,3000,50000,367338,1016343,367838,1016843,KW17,http://data.ordnancesurvey.co.uk/id/postcodedistrict/KW17,,,,,,,Orkney Islands,http://data.ordnancesurvey.co.uk/id/7000000000186631,http://data.ordnancesurvey.co.uk/ontology/admingeo/UnitaryAuthority,Scotland,http://data.ordnancesurvey.co.uk/id/7000000000041429,Scotland,http://data.ordnancesurvey.co.uk/id/country/scotland,,,
osgb4000000074761151,http://data.ordnancesurvey.co.uk/id/4000000074761151,South Nevi,,,,landform,Other Coastal Landform,360665,1000700,1000,50000,360448,1000450,360948,1000950,KW17,http://data.ordnancesurvey.co.uk/id/postcodedistrict/KW17,,,,,,,Orkney Islands,http://data.ordnancesurvey.co.uk/id/7000000000186631,http://data.ordnancesurvey.co.uk/ontology/admingeo/UnitaryAuthority,Scotland,http://data.ordnancesurvey.co.uk/id/7000000000041429,Scotland,http://data.ordnancesurvey.co.uk/id/country/scotland,,,
osgb4000000074587803,http://data.ordnancesurvey.co.uk/id/4000000074587803,South Geo,,,,landform,Other Coastal Landform,367124,1015636,1000,15000,366894,1015386,367394,1015886,KW17,http://data.ordnancesurvey.co.uk/id/postcodedistrict/KW17,,,,,,,Orkney Islands,http://data.ordnancesurvey.co.uk/id/7000000000186631,http://data.ordnancesurvey.co.uk/ontology/admingeo/UnitaryAuthority,Scotland,http://data.ordnancesurvey.co.uk/id/7000000000041429,Scotland,http://data.ordnancesurvey.co.uk/id/country/scotland,,,
osgb4000000074752846,http://data.ordnancesurvey.co.uk/id/4000000074752846,Geo Gerson,,,,landform,Other Coastal Landform,367834,1016463,1000,15000,367584,1016202,368084,1016702,KW17,http://data.ordnancesurvey.co.uk/id/postcodedistrict/KW17,,,,,,,Orkney Islands,http://data.ordnancesurvey.co.uk/id/7000000000186631,http://data.ordnancesurvey.co.uk/ontology/admingeo/UnitaryAuthority,Scotland,http://data.ordnancesurvey.co.uk/id/7000000000041429,Scotland,http://data.ordnancesurvey.co.uk/id/country/scotland,,,
osgb4000000074752848,http://data.ordnancesurvey.co.uk/id/4000000074752848,Dinna Pow,,,,landform,Other Coastal Landform,367352,1016689,1000,50000,367102,1016465,367602,1016965,KW17,http://data.ordnancesurvey.co.uk/id/postcodedistrict/KW17,,,,,,,Orkney Islands,http://data.ordnancesurvey.co.uk/id/7000000000186631,http://data.ordnancesurvey.co.uk/ontology/admingeo/UnitaryAuthority,Scotland,http://data.ordnancesurvey.co.uk/id/7000000000041429,Scotland,http://data.ordnancesurvey.co.uk/id/country/scotland,,,
osgb4000000074611432,http://data.ordnancesurvey.co.uk/id/4000000074611432,Copinsay Skerry,,,,landform,Other Coastal Landform,360641,1001688,2000,50000,360392,1001439,360892,1001939,KW17,http://data.ordnancesurvey.co.uk/id/postcodedistrict/KW17,,,,,,,Orkney Islands,http://data.ordnancesurvey.co.uk/id/7000000000186631,http://data.ordnancesurvey.co.uk/ontology/admingeo/UnitaryAuthority,Scotland,http://data.ordnancesurvey.co.uk/id/7000000000041429,Scotland,http://data.ordnancesurvey.co.uk/id/country/scotland,,,
osgb4000000074588020,http://data.ordnancesurvey.co.uk/id/4000000074588020,Little Sand Geo,,,,landform,Other Coastal Landform,361170,1001745,1000,15000,360920,1001496,361420,1001996,KW17,http://data.ordnancesurvey.co.uk/id/postcodedistrict/KW17,,,,,,,Orkney Islands,http://data.ordnancesurvey.co.uk/id/7000000000186631,http://data.ordnancesurvey.co.uk/ontology/admingeo/UnitaryAuthority,Scotland,http://data.ordnancesurvey.co.uk/id/7000000000041429,Scotland,http://data.ordnancesurvey.co.uk/id/country/scotland,,,
osgb4000000074799047,http://data.ordnancesurvey.co.uk/id/4000000074799047,North Bay,,,,hydrography,Bay,360583,1001785,7000,150000,360083,1001533,361230,1002042,KW17,http://data.ordnancesurvey.co.uk/id/postcodedistrict/KW17,,,,,,,Orkney Islands,http://data.ordnancesurvey.co.uk/id/7000000000186631,http://data.ordnancesurvey.co.uk/ontology/admingeo/UnitaryAuthority,Scotland,http://data.ordnancesurvey.co.uk/id/7000000000041429,Scotland,http://data.ordnancesurvey.co.uk/id/country/scotland,,,
osgb4000000074752918,http://data.ordnancesurvey.co.uk/id/4000000074752918,The Clett,,,,landform,Other Coastal Landform,366952,1016691,1000,50000,366703,1016441,367203,1016941,KW17,http://data.ordnancesurvey.co.uk/id/postcodedistrict/KW17,,,,,,,Orkney Islands,http://data.ordnancesurvey.co.uk/id/7000000000186631,http://data.ordnancesurvey.co.uk/ontology/admingeo/UnitaryAuthority,Scotland,http://data.ordnancesurvey.co.uk/id/7000000000041429,Scotland,http://data.ordnancesurvey.co.uk/id/country/scotland,,,
osgb4000000074612259,http://data.ordnancesurvey.co.uk/id/4000000074612259,Oessen Skerry,,,,landform,Other Coastal Landform,366804,1016473,1000,50000,366554,1016226,367054,1016726,KW17,http://data.ordnancesurvey.co.uk/id/postcodedistrict/KW17,,,,,,,Orkney Islands,http://data.ordnancesurvey.co.uk/id/7000000000186631,http://data.ordnancesurvey.co.uk/ontology/admingeo/UnitaryAuthority,Scotland,http://data.ordnancesurvey.co.uk/id/7000000000041429,Scotland,http://data.ordnancesurvey.co.uk/id/country/scotland,,,
osgb4000000074752025,http://data.ordnancesurvey.co.uk/id/4000000074752025,Hinger Stone,,,,landform,Other Coastal Landform,360928,1000751,1000,50000,360683,1000501,361183,1001001,KW17,http://data.ordnancesurvey.co.uk/id/postcodedistrict/KW17,,,,,,,Orkney Islands,http://data.ordnancesurvey.co.uk/id/7000000000186631,http://data.ordnancesurvey.co.uk/ontology/admingeo/UnitaryAuthority,Scotland,http://data.ordnancesurvey.co.uk/id/7000000000041429,Scotland,http://data.ordnancesurvey.co.uk/id/country/scotland,,,
osgb4000000074752101,http://data.ordnancesurvey.co.uk/id/4000000074752101,Geo of the Toe,,,,landform,Other Coastal Landform,361060,1001762,1000,15000,360819,1001513,361319,1002013,KW17,http://data.ordnancesurvey.co.uk/id/postcodedistrict/KW17,,,,,,,Orkney Islands,http://data.ordnancesurvey.co.uk/id/7000000000186631,http://data.ordnancesurvey.co.uk/ontology/admingeo/UnitaryAuthority,Scotland,http://data.ordnancesurvey.co.uk/id/7000000000041429,Scotland,http://data.ordnancesurvey.co.uk/id/country/scotland,,,
osgb4000000074752383,http://data.ordnancesurvey.co.uk/id/4000000074752383,North Ebb,,,,landform,Other Coastal Landform,360901,1001743,2000,50000,360651,1001454,361151,1001954,KW17,http://data.ordnancesurvey.co.uk/id/postcodedistrict/KW17,,,,,,,Orkney Islands,http://data.ordnancesurvey.co.uk/id/7000000000186631,http://data.ordnancesurvey.co.uk/ontology/admingeo/UnitaryAuthority,Scotland,http://data.ordnancesurvey.co.uk/id/7000000000041429,Scotland,http://data.ordnancesurvey.co.uk/id/country/scotland,,,
osgb4000000074751931,http://data.ordnancesurvey.co.uk/id/4000000074751931,Broad Lee,,,,landform,Other Coastal Landform,361422,1001252,1000,50000,361172,1001011,361672,1001511,KW17,http://data.ordnancesurvey.co.uk/id/postcodedistrict/KW17,,,,,,,Orkney Islands,http://data.ordnancesurvey.co.uk/id/7000000000186631,http://data.ordnancesurvey.co.uk/ontology/admingeo/UnitaryAuthority,Scotland,http://data.ordnancesurvey.co.uk/id/7000000000041429,Scotland,http://data.ordnancesurvey.co.uk/id/country/scotland,,,
osgb4000000074752849,http://data.ordnancesurvey.co.uk/id/4000000074752849,Longrigging,,,,landform,Other Coastal Landform,366948,1016217,1000,20000,366698,1015970,367198,1016470,KW17,http://data.ordnancesurvey.co.uk/id/postcodedistrict/KW17,,,,,,,Orkney Islands,http://data.ordnancesurvey.co.uk/id/7000000000186631,http://data.ordnancesurvey.co.uk/ontology/admingeo/UnitaryAuthority,Scotland,http://data.ordnancesurvey.co.uk/id/7000000000041429,Scotland,http://data.ordnancesurvey.co.uk/id/country/scotland,,,
osgb4000000074798665,http://data.ordnancesurvey.co.uk/id/4000000074798665,Auskerry Sound,,,,hydrography,Sea,366168,1018913,43000,12000000,362871,1015417,369441,1022040,KW17,http://data.ordnancesurvey.co.uk/id/postcodedistrict/KW17,,,,,,,Orkney Islands,http://data.ordnancesurvey.co.uk/id/7000000000186631,http://data.ordnancesurvey.co.uk/ontology/admingeo/UnitaryAuthority,Scotland,http://data.ordnancesurvey.co.uk/id/7000000000041429,Scotland,http://data.ordnancesurvey.co.uk/id/country/scotland,,,
osgb4000000074752026,http://data.ordnancesurvey.co.uk/id/4000000074752026,Kamesgeo Taing,,,,landform,Other Coastal Landform,361404,1001814,1000,50000,361154,1001568,361654,1002068,KW17,http://data.ordnancesurvey.co.uk/id/postcodedistrict/KW17,,,,,,,Orkney Islands,http://data.ordnancesurvey.co.uk/id/7000000000186631,http://data.ordnancesurvey.co.uk/ontology/admingeo/UnitaryAuthority,Scotland,http://data.ordnancesurvey.co.uk/id/7000000000041429,Scotland,http://data.ordnancesurvey.co.uk/id/country/scotland,,,
osgb4000000074612260,http://data.ordnancesurvey.co.uk/id/4000000074612260,Lunga Skerries,,,,landform,Other Coastal Landform,366606,1016807,2000,50000,366414,1016557,366914,1017057,KW17,http://data.ordnancesurvey.co.uk/id/postcodedistrict/KW17,,,,,,,Orkney Islands,http://data.ordnancesurvey.co.uk/id/7000000000186631,http://data.ordnancesurvey.co.uk/ontology/admingeo/UnitaryAuthority,Scotland,http://data.ordnancesurvey.co.uk/id/7000000000041429,Scotland,http://data.ordnancesurvey.co.uk/id/country/scotland,,,
osgb4000000074752845,http://data.ordnancesurvey.co.uk/id/4000000074752845,Gerson,,,,landform,Other Coastal Landform,367917,1016399,1000,20000,367668,1016158,368168,1016658,KW17,http://data.ordnancesurvey.co.uk/id/postcodedistrict/KW17,,,,,,,Orkney Islands,http://data.ordnancesurvey.co.uk/id/7000000000186631,http://data.ordnancesurvey.co.uk/ontology/admingeo/UnitaryAuthority,Scotland,http://data.ordnancesurvey.co.uk/id/7000000000041429,Scotland,http://data.ordnancesurvey.co.uk/id/country/scotland,,,
osgb4000000074751930,http://data.ordnancesurvey.co.uk/id/4000000074751930,Mousetter,,,,landcover,Wetland,361341,1001126,1000,200000,361092,1000878,361592,1001378,KW17,http://data.ordnancesurvey.co.uk/id/postcodedistrict/KW17,,,,,,,Orkney Islands,http://data.ordnancesurvey.co.uk/id/7000000000186631,http://data.ordnancesurvey.co.uk/ontology/admingeo/UnitaryAuthority,Scotland,http://data.ordnancesurvey.co.uk/id/7000000000041429,Scotland,http://data.ordnancesurvey.co.uk/id/country/scotland,,,
osgb4000000074595141,http://data.ordnancesurvey.co.uk/id/4000000074595141,Black Geo,,,,landform,Other Coastal Landform,360796,1001106,1000,15000,360546,1000856,361046,1001356,KW17,http://data.ordnancesurvey.co.uk/id/postcodedistrict/KW17,,,,,,,Orkney Islands,http://data.ordnancesurvey.co.uk/id/7000000000186631,http://data.ordnancesurvey.co.uk/ontology/admingeo/UnitaryAuthority,Scotland,http://data.ordnancesurvey.co.uk/id/7000000000041429,Scotland,http://data.ordnancesurvey.co.uk/id/country/scotland,,,
osgb4000000074587995,http://data.ordnancesurvey.co.uk/id/4000000074587995,Kames Geo,,,,landform,Other Coastal Landform,361398,1001705,1000,15000,361145,1001455,361645,1001955,KW17,http://data.ordnancesurvey.co.uk/id/postcodedistrict/KW17,,,,,,,Orkney Islands,http://data.ordnancesurvey.co.uk/id/7000000000186631,http://data.ordnancesurvey.co.uk/ontology/admingeo/UnitaryAuthority,Scotland,http://data.ordnancesurvey.co.uk/id/7000000000041429,Scotland,http://data.ordnancesurvey.co.uk/id/country/scotland,,,
osgb4000000074776057,http://data.ordnancesurvey.co.uk/id/4000000074776057,West Hill,,,,landform,Hill Or Mountain,367097,1016275,1000,300000,366847,1016025,367347,1016525,KW17,http://data.ordnancesurvey.co.uk/id/postcodedistrict/KW17,,,,,,,Orkney Islands,http://data.ordnancesurvey.co.uk/id/7000000000186631,http://data.ordnancesurvey.co.uk/ontology/admingeo/UnitaryAuthority,Scotland,http://data.ordnancesurvey.co.uk/id/7000000000041429,Scotland,http://data.ordnancesurvey.co.uk/id/country/scotland,,,
osgb4000000074593911,http://data.ordnancesurvey.co.uk/id/4000000074593911,Sand Geo,,,,landform,Other Coastal Landform,361218,1001730,1000,15000,360969,1001480,361469,1001980,KW17,http://data.ordnancesurvey.co.uk/id/postcodedistrict/KW17,,,,,,,Orkney Islands,http://data.ordnancesurvey.co.uk/id/7000000000186631,http://data.ordnancesurvey.co.uk/ontology/admingeo/UnitaryAuthority,Scotland,http://data.ordnancesurvey.co.uk/id/7000000000041429,Scotland,http://data.ordnancesurvey.co.uk/id/country/scotland,,,
osgb4000000074612674,http://data.ordnancesurvey.co.uk/id/4000000074612674,Ingale Skerry,,,,landform,Other Coastal Landform,367587,1019965,2000,50000,367337,1019683,367837,1020183,KW17,http://data.ordnancesurvey.co.uk/id/postcodedistrict/KW17,,,,,,,Orkney Islands,http://data.ordnancesurvey.co.uk/id/7000000000186631,http://data.ordnancesurvey.co.uk/ontology/admingeo/UnitaryAuthority,Scotland,http://data.ordnancesurvey.co.uk/id/7000000000041429,Scotland,http://data.ordnancesurvey.co.uk/id/country/scotland,,,
osgb4000000074752753,http://data.ordnancesurvey.co.uk/id/4000000074752753,South Taing,,,,landform,Other Coastal Landform,367143,1015497,1000,50000,366893,1015236,367393,1015736,KW17,http://data.ordnancesurvey.co.uk/id/postcodedistrict/KW17,,,,,,,Orkney Islands,http://data.ordnancesurvey.co.uk/id/7000000000186631,http://data.ordnancesurvey.co.uk/ontology/admingeo/UnitaryAuthority,Scotland,http://data.ordnancesurvey.co.uk/id/7000000000041429,Scotland,http://data.ordnancesurvey.co.uk/id/country/scotland,,,
osgb4000000074752850,http://data.ordnancesurvey.co.uk/id/4000000074752850,The Lothers,,,,landform,Other Coastal Landform,367897,1016034,2000,50000,367647,1015845,368147,1016345,KW17,http://data.ordnancesurvey.co.uk/id/postcodedistrict/KW17,,,,,,,Orkney Islands,http://data.ordnancesurvey.co.uk/id/7000000000186631,http://data.ordnancesurvey.co.uk/ontology/admingeo/UnitaryAuthority,Scotland,http://data.ordnancesurvey.co.uk/id/7000000000041429,Scotland,http://data.ordnancesurvey.co.uk/id/country/scotland,,,
osgb4000000074612258,http://data.ordnancesurvey.co.uk/id/4000000074612258,Auskerry,,,,landform,Island,367476,1016167,11000,800000,366921,1015328,368032,1017043,KW17,http://data.ordnancesurvey.co.uk/id/postcodedistrict/KW17,,,,,,,Orkney Islands,http://data.ordnancesurvey.co.uk/id/7000000000186631,http://data.ordnancesurvey.co.uk/ontology/admingeo/UnitaryAuthority,Scotland,http://data.ordnancesurvey.co.uk/id/7000000000041429,Scotland,http://data.ordnancesurvey.co.uk/id/country/scotland,,,
osgb4000000074611430,http://data.ordnancesurvey.co.uk/id/4000000074611430,Sow Skerry,,,,landform,Other Coastal Landform,360297,1001492,1000,50000,360063,1001242,360563,1001742,KW17,http://data.ordnancesurvey.co.uk/id/postcodedistrict/KW17,,,,,,,Orkney Islands,http://data.ordnancesurvey.co.uk/id/7000000000186631,http://data.ordnancesurvey.co.uk/ontology/admingeo/UnitaryAuthority,Scotland,http://data.ordnancesurvey.co.uk/id/7000000000041429,Scotland,http://data.ordnancesurvey.co.uk/id/country/scotland,,,
osgb4000000074588477,http://data.ordnancesurvey.co.uk/id/4000000074588477,Whale Geo,,,,landform,Other Coastal Landform,367972,1016212,1000,15000,367722,1015931,368222,1016431,KW17,http://data.ordnancesurvey.co.uk/id/postcodedistrict/KW17,,,,,,,Orkney Islands,http://data.ordnancesurvey.co.uk/id/7000000000186631,http://data.ordnancesurvey.co.uk/ontology/admingeo/UnitaryAuthority,Scotland,http://data.ordnancesurvey.co.uk/id/7000000000041429,Scotland,http://data.ordnancesurvey.co.uk/id/country/scotland,,,
osgb4000000074752920,http://data.ordnancesurvey.co.uk/id/4000000074752920,Falling Craig,,,,landform,Other Coastal Landform,367004,1016431,1000,20000,366754,1016135,367254,1016635,KW17,http://data.ordnancesurvey.co.uk/id/postcodedistrict/KW17,,,,,,,Orkney Islands,http://data.ordnancesurvey.co.uk/id/7000000000186631,http://data.ordnancesurvey.co.uk/ontology/admingeo/UnitaryAuthority,Scotland,http://data.ordnancesurvey.co.uk/id/7000000000041429,Scotland,http://data.ordnancesurvey.co.uk/id/country/scotland,,,
osgb4000000074752913,http://data.ordnancesurvey.co.uk/id/4000000074752913,North Nevi,,,,landform,Other Coastal Landform,361823,1001784,1000,50000,361573,1001508,362073,1002008,KW17,http://data.ordnancesurvey.co.uk/id/postcodedistrict/KW17,,,,,,,Orkney Islands,http://data.ordnancesurvey.co.uk/id/7000000000186631,http://data.ordnancesurvey.co.uk/ontology/admingeo/UnitaryAuthority,Scotland,http://data.ordnancesurvey.co.uk/id/7000000000041429,Scotland,http://data.ordnancesurvey.co.uk/id/country/scotland,,,
osgb4000000074594508,http://data.ordnancesurvey.co.uk/id/4000000074594508,Howe Holes,,,,landform,Other Coastal Landform,360908,1000772,1000,20000,360665,1000522,361165,1001022,KW17,http://data.ordnancesurvey.co.uk/id/postcodedistrict/KW17,,,,,,,Orkney Islands,http://data.ordnancesurvey.co.uk/id/7000000000186631,http://data.ordnancesurvey.co.uk/ontology/admingeo/UnitaryAuthority,Scotland,http://data.ordnancesurvey.co.uk/id/7000000000041429,Scotland,http://data.ordnancesurvey.co.uk/id/country/scotland,,,
osgb4000000074345740,http://data.ordnancesurvey.co.uk/id/4000000074345740,South Bay,,,,hydrography,Bay,360490,1001324,6000,150000,359913,1000914,360838,1001769,KW17,http://data.ordnancesurvey.co.uk/id/postcodedistrict/KW17,,,,,,,Orkney Islands,http://data.ordnancesurvey.co.uk/id/7000000000186631,http://data.ordnancesurvey.co.uk/ontology/admingeo/UnitaryAuthority,Scotland,http://data.ordnancesurvey.co.uk/id/7000000000041429,Scotland,http://data.ordnancesurvey.co.uk/id/country/scotland,,,
osgb4000000074735682,http://data.ordnancesurvey.co.uk/id/4000000074735682,Reekie Brae,,,,landcover,Other Landcover,360909,1001601,1000,800000,360659,1001346,361159,1001846,KW17,http://data.ordnancesurvey.co.uk/id/postcodedistrict/KW17,,,,,,,Orkney Islands,http://data.ordnancesurvey.co.uk/id/7000000000186631,http://data.ordnancesurvey.co.uk/ontology/admingeo/UnitaryAuthority,Scotland,http://data.ordnancesurvey.co.uk/id/7000000000041429,Scotland,http://data.ordnancesurvey.co.uk/id/country/scotland,,,
osgb4000000074587802,http://data.ordnancesurvey.co.uk/id/4000000074587802,Clinker Geo,,,,landform,Other Coastal Landform,367006,1016454,1000,15000,366757,1016198,367257,1016698,KW17,http://data.ordnancesurvey.co.uk/id/postcodedistrict/KW17,,,,,,,Orkney Islands,http://data.ordnancesurvey.co.uk/id/7000000000186631,http://data.ordnancesurvey.co.uk/ontology/admingeo/UnitaryAuthority,Scotland,http://data.ordnancesurvey.co.uk/id/7000000000041429,Scotland,http://data.ordnancesurvey.co.uk/id/country/scotland,,,
osgb4000000074611429,http://data.ordnancesurvey.co.uk/id/4000000074611429,Copinsay,,,,landform,Island,361237,1001403,9000,800000,360608,1000626,361867,1001936,KW17,http://data.ordnancesurvey.co.uk/id/postcodedistrict/KW17,,,,,,,Orkney Islands,http://data.ordnancesurvey.co.uk/id/7000000000186631,http://data.ordnancesurvey.co.uk/ontology/admingeo/UnitaryAuthority,Scotland,http://data.ordnancesurvey.co.uk/id/7000000000041429,Scotland,http://data.ordnancesurvey.co.uk/id/country/scotland,,,
osgb4000000074587933,http://data.ordnancesurvey.co.uk/id/4000000074587933,Chapel Geo,,,,landform,Other Coastal Landform,367782,1016001,1000,15000,367532,1015752,368032,1016252,KW17,http://data.ordnancesurvey.co.uk/id/postcodedistrict/KW17,,,,,,,Orkney Islands,http://data.ordnancesurvey.co.uk/id/7000000000186631,http://data.ordnancesurvey.co.uk/ontology/admingeo/UnitaryAuthority,Scotland,http://data.ordnancesurvey.co.uk/id/7000000000041429,Scotland,http://data.ordnancesurvey.co.uk/id/country/scotland,,,
osgb4000000074752919,http://data.ordnancesurvey.co.uk/id/4000000074752919,North Taing,,,,landform,Coastal Headland,367156,1016846,2000,750000,366906,1016592,367406,1017092,KW17,http://data.ordnancesurvey.co.uk/id/postcodedistrict/KW17,,,,,,,Orkney Islands,http://data.ordnancesurvey.co.uk/id/7000000000186631,http://data.ordnancesurvey.co.uk/ontology/admingeo/UnitaryAuthority,Scotland,http://data.ordnancesurvey.co.uk/id/7000000000041429,Scotland,http://data.ordnancesurvey.co.uk/id/country/scotland,,,
osgb4000000074611846,http://data.ordnancesurvey.co.uk/id/4000000074611846,Corn Holm,,,,landform,Island,360001,1001782,5000,800000,359583,1001470,360364,1002094,KW17,http://data.ordnancesurvey.co.uk/id/postcodedistrict/KW17,,,,,,,Orkney Islands,http://data.ordnancesurvey.co.uk/id/7000000000186631,http://data.ordnancesurvey.co.uk/ontology/admingeo/UnitaryAuthority,Scotland,http://data.ordnancesurvey.co.uk/id/7000000000041429,Scotland,http://data.ordnancesurvey.co.uk/id/country/scotland,,,
