﻿ZE29JU,http://data.ordnancesurvey.co.uk/id/postcodeunit/ZE29JU,ZE2 9JU,,,,other,Postcode,420494,1070589,3500,18000,,,,,,,,,,,,,Shetland Islands,http://data.ordnancesurvey.co.uk/id/7000000000186620,http://data.ordnancesurvey.co.uk/ontology/admingeo/UnitaryAuthority,Scotland,http://data.ordnancesurvey.co.uk/id/7000000000041429,Scotland,http://data.ordnancesurvey.co.uk/id/country/scotland,,,
osgb4000000074587620,http://data.ordnancesurvey.co.uk/id/4000000074587620,Gorsins Geo,,,,landform,Other Coastal Landform,420198,1071238,1000,15000,419958,1070988,420458,1071488,ZE2,http://data.ordnancesurvey.co.uk/id/postcodedistrict/ZE2,,,,,,,Shetland Islands,http://data.ordnancesurvey.co.uk/id/7000000000186620,http://data.ordnancesurvey.co.uk/ontology/admingeo/UnitaryAuthority,Scotland,http://data.ordnancesurvey.co.uk/id/7000000000041429,Scotland,http://data.ordnancesurvey.co.uk/id/country/scotland,,,
osgb4000000074756497,http://data.ordnancesurvey.co.uk/id/4000000074756497,The Gowans,,,,landform,Cliff Or Slope,422017,1071300,2000,40000,421768,1071134,422268,1071634,ZE2,http://data.ordnancesurvey.co.uk/id/postcodedistrict/ZE2,,,,,,,Shetland Islands,http://data.ordnancesurvey.co.uk/id/7000000000186620,http://data.ordnancesurvey.co.uk/ontology/admingeo/UnitaryAuthority,Scotland,http://data.ordnancesurvey.co.uk/id/7000000000041429,Scotland,http://data.ordnancesurvey.co.uk/id/country/scotland,,,
osgb4000000074749358,http://data.ordnancesurvey.co.uk/id/4000000074749358,Point Saider,,,,landform,Other Coastal Landform,421123,1069870,1000,20000,420889,1069620,421389,1070120,ZE2,http://data.ordnancesurvey.co.uk/id/postcodedistrict/ZE2,,,,,,,Shetland Islands,http://data.ordnancesurvey.co.uk/id/7000000000186620,http://data.ordnancesurvey.co.uk/ontology/admingeo/UnitaryAuthority,Scotland,http://data.ordnancesurvey.co.uk/id/7000000000041429,Scotland,http://data.ordnancesurvey.co.uk/id/country/scotland,,,
osgb4000000074785241,http://data.ordnancesurvey.co.uk/id/4000000074785241,Duttfield,,,,hydrography,Tidal Water,422029,1072115,1000,150000,421772,1071873,422272,1072373,ZE2,http://data.ordnancesurvey.co.uk/id/postcodedistrict/ZE2,,,,,,,Shetland Islands,http://data.ordnancesurvey.co.uk/id/7000000000186620,http://data.ordnancesurvey.co.uk/ontology/admingeo/UnitaryAuthority,Scotland,http://data.ordnancesurvey.co.uk/id/7000000000041429,Scotland,http://data.ordnancesurvey.co.uk/id/country/scotland,,,
osgb4000000074749975,http://data.ordnancesurvey.co.uk/id/4000000074749975,Tower of Ward Hill,,,,landform,Other Coastal Landform,420461,1073520,1000,50000,420214,1073270,420714,1073770,ZE2,http://data.ordnancesurvey.co.uk/id/postcodedistrict/ZE2,,,,,,,Shetland Islands,http://data.ordnancesurvey.co.uk/id/7000000000186620,http://data.ordnancesurvey.co.uk/ontology/admingeo/UnitaryAuthority,Scotland,http://data.ordnancesurvey.co.uk/id/7000000000041429,Scotland,http://data.ordnancesurvey.co.uk/id/country/scotland,,,
osgb4000000074749557,http://data.ordnancesurvey.co.uk/id/4000000074749557,South Reeva,,,,landform,Other Coastal Landform,420056,1070843,1000,20000,419803,1070593,420303,1071093,ZE2,http://data.ordnancesurvey.co.uk/id/postcodedistrict/ZE2,,,,,,,Shetland Islands,http://data.ordnancesurvey.co.uk/id/7000000000186620,http://data.ordnancesurvey.co.uk/ontology/admingeo/UnitaryAuthority,Scotland,http://data.ordnancesurvey.co.uk/id/7000000000041429,Scotland,http://data.ordnancesurvey.co.uk/id/country/scotland,,,
osgb4000000074785248,http://data.ordnancesurvey.co.uk/id/4000000074785248,East Bergaroo,,,,hydrography,Tidal Water,421991,1074023,1000,150000,421742,1073799,422242,1074299,ZE2,http://data.ordnancesurvey.co.uk/id/postcodedistrict/ZE2,,,,,,,Shetland Islands,http://data.ordnancesurvey.co.uk/id/7000000000186620,http://data.ordnancesurvey.co.uk/ontology/admingeo/UnitaryAuthority,Scotland,http://data.ordnancesurvey.co.uk/id/7000000000041429,Scotland,http://data.ordnancesurvey.co.uk/id/country/scotland,,,
osgb4000000074749840,http://data.ordnancesurvey.co.uk/id/4000000074749840,Easter Geo of Skroo,,,,landform,Other Coastal Landform,422291,1074128,1000,15000,422041,1073881,422541,1074381,ZE2,http://data.ordnancesurvey.co.uk/id/postcodedistrict/ZE2,,,,,,,Shetland Islands,http://data.ordnancesurvey.co.uk/id/7000000000186620,http://data.ordnancesurvey.co.uk/ontology/admingeo/UnitaryAuthority,Scotland,http://data.ordnancesurvey.co.uk/id/7000000000041429,Scotland,http://data.ordnancesurvey.co.uk/id/country/scotland,,,
osgb4000000074749907,http://data.ordnancesurvey.co.uk/id/4000000074749907,Funniquey,,,,landcover,Beach,421850,1071918,1000,100000,421601,1071697,422101,1072197,ZE2,http://data.ordnancesurvey.co.uk/id/postcodedistrict/ZE2,,,,,,,Shetland Islands,http://data.ordnancesurvey.co.uk/id/7000000000186620,http://data.ordnancesurvey.co.uk/ontology/admingeo/UnitaryAuthority,Scotland,http://data.ordnancesurvey.co.uk/id/7000000000041429,Scotland,http://data.ordnancesurvey.co.uk/id/country/scotland,,,
osgb4000000074749769,http://data.ordnancesurvey.co.uk/id/4000000074749769,Ruskilie,,,,landform,Cliff Or Slope,422260,1072720,1000,40000,421953,1072470,422453,1072970,ZE2,http://data.ordnancesurvey.co.uk/id/postcodedistrict/ZE2,,,,,,,Shetland Islands,http://data.ordnancesurvey.co.uk/id/7000000000186620,http://data.ordnancesurvey.co.uk/ontology/admingeo/UnitaryAuthority,Scotland,http://data.ordnancesurvey.co.uk/id/7000000000041429,Scotland,http://data.ordnancesurvey.co.uk/id/country/scotland,,,
osgb4000000074614564,http://data.ordnancesurvey.co.uk/id/4000000074614564,Stacks of Skroo,,,,landform,Other Coastal Landform,420942,1074285,1000,50000,420693,1073994,421193,1074494,ZE2,http://data.ordnancesurvey.co.uk/id/postcodedistrict/ZE2,,,,,,,Shetland Islands,http://data.ordnancesurvey.co.uk/id/7000000000186620,http://data.ordnancesurvey.co.uk/ontology/admingeo/UnitaryAuthority,Scotland,http://data.ordnancesurvey.co.uk/id/7000000000041429,Scotland,http://data.ordnancesurvey.co.uk/id/country/scotland,,,
osgb4000000074749974,http://data.ordnancesurvey.co.uk/id/4000000074749974,Lercum,,,,landform,Other Coastal Landform,421741,1073944,1000,20000,421491,1073699,421991,1074199,ZE2,http://data.ordnancesurvey.co.uk/id/postcodedistrict/ZE2,,,,,,,Shetland Islands,http://data.ordnancesurvey.co.uk/id/7000000000186620,http://data.ordnancesurvey.co.uk/ontology/admingeo/UnitaryAuthority,Scotland,http://data.ordnancesurvey.co.uk/id/7000000000041429,Scotland,http://data.ordnancesurvey.co.uk/id/country/scotland,,,
osgb4000000074749912,http://data.ordnancesurvey.co.uk/id/4000000074749912,Burrista,,,,landform,Coastal Headland,420202,1072682,2000,750000,419952,1072458,420452,1072958,ZE2,http://data.ordnancesurvey.co.uk/id/postcodedistrict/ZE2,,,,,,,Shetland Islands,http://data.ordnancesurvey.co.uk/id/7000000000186620,http://data.ordnancesurvey.co.uk/ontology/admingeo/UnitaryAuthority,Scotland,http://data.ordnancesurvey.co.uk/id/7000000000041429,Scotland,http://data.ordnancesurvey.co.uk/id/country/scotland,,,
osgb4000000074587817,http://data.ordnancesurvey.co.uk/id/4000000074587817,Small Trunket Geo,,,,landform,Other Coastal Landform,421215,1070880,1000,15000,420928,1070630,421428,1071130,ZE2,http://data.ordnancesurvey.co.uk/id/postcodedistrict/ZE2,,,,,,,Shetland Islands,http://data.ordnancesurvey.co.uk/id/7000000000186620,http://data.ordnancesurvey.co.uk/ontology/admingeo/UnitaryAuthority,Scotland,http://data.ordnancesurvey.co.uk/id/7000000000041429,Scotland,http://data.ordnancesurvey.co.uk/id/country/scotland,,,
osgb4000000074818229,http://data.ordnancesurvey.co.uk/id/4000000074818229,South Mila Hesslands,,,,hydrography,Bay,421818,1071061,2000,150000,421556,1070824,422056,1071324,ZE2,http://data.ordnancesurvey.co.uk/id/postcodedistrict/ZE2,,,,,,,Shetland Islands,http://data.ordnancesurvey.co.uk/id/7000000000186620,http://data.ordnancesurvey.co.uk/ontology/admingeo/UnitaryAuthority,Scotland,http://data.ordnancesurvey.co.uk/id/7000000000041429,Scotland,http://data.ordnancesurvey.co.uk/id/country/scotland,,,
osgb4000000074749640,http://data.ordnancesurvey.co.uk/id/4000000074749640,Hoini,,,,landform,Coastal Headland,420218,1071878,2000,750000,419944,1071629,420444,1072129,ZE2,http://data.ordnancesurvey.co.uk/id/postcodedistrict/ZE2,,,,,,,Shetland Islands,http://data.ordnancesurvey.co.uk/id/7000000000186620,http://data.ordnancesurvey.co.uk/ontology/admingeo/UnitaryAuthority,Scotland,http://data.ordnancesurvey.co.uk/id/7000000000041429,Scotland,http://data.ordnancesurvey.co.uk/id/country/scotland,,,
osgb4000000074614189,http://data.ordnancesurvey.co.uk/id/4000000074614189,The Keels,,,,landform,Other Coastal Landform,420043,1069320,1000,50000,419794,1069083,420294,1069583,ZE2,http://data.ordnancesurvey.co.uk/id/postcodedistrict/ZE2,,,,,,,Shetland Islands,http://data.ordnancesurvey.co.uk/id/7000000000186620,http://data.ordnancesurvey.co.uk/ontology/admingeo/UnitaryAuthority,Scotland,http://data.ordnancesurvey.co.uk/id/7000000000041429,Scotland,http://data.ordnancesurvey.co.uk/id/country/scotland,,,
osgb4000000074614563,http://data.ordnancesurvey.co.uk/id/4000000074614563,Hoiliff,,,,landform,Other Coastal Landform,420080,1072128,1000,50000,419830,1071883,420330,1072383,ZE2,http://data.ordnancesurvey.co.uk/id/postcodedistrict/ZE2,,,,,,,Shetland Islands,http://data.ordnancesurvey.co.uk/id/7000000000186620,http://data.ordnancesurvey.co.uk/ontology/admingeo/UnitaryAuthority,Scotland,http://data.ordnancesurvey.co.uk/id/7000000000041429,Scotland,http://data.ordnancesurvey.co.uk/id/country/scotland,,,
osgb4000000074597693,http://data.ordnancesurvey.co.uk/id/4000000074597693,Fog Horn,,,,landform,Other Coastal Landform,422202,1074268,1000,50000,421951,1074019,422451,1074519,ZE2,http://data.ordnancesurvey.co.uk/id/postcodedistrict/ZE2,,,,,,,Shetland Islands,http://data.ordnancesurvey.co.uk/id/7000000000186620,http://data.ordnancesurvey.co.uk/ontology/admingeo/UnitaryAuthority,Scotland,http://data.ordnancesurvey.co.uk/id/7000000000041429,Scotland,http://data.ordnancesurvey.co.uk/id/country/scotland,,,
osgb4000000074749910,http://data.ordnancesurvey.co.uk/id/4000000074749910,Connis,,,,landform,Other Coastal Landform,420010,1071941,1000,20000,419761,1071734,420261,1072234,ZE2,http://data.ordnancesurvey.co.uk/id/postcodedistrict/ZE2,,,,,,,Shetland Islands,http://data.ordnancesurvey.co.uk/id/7000000000186620,http://data.ordnancesurvey.co.uk/ontology/admingeo/UnitaryAuthority,Scotland,http://data.ordnancesurvey.co.uk/id/7000000000041429,Scotland,http://data.ordnancesurvey.co.uk/id/country/scotland,,,
osgb4000000074749839,http://data.ordnancesurvey.co.uk/id/4000000074749839,Skroo,,,,landform,Coastal Headland,422137,1074048,3000,750000,421888,1073833,422388,1074333,ZE2,http://data.ordnancesurvey.co.uk/id/postcodedistrict/ZE2,,,,,,,Shetland Islands,http://data.ordnancesurvey.co.uk/id/7000000000186620,http://data.ordnancesurvey.co.uk/ontology/admingeo/UnitaryAuthority,Scotland,http://data.ordnancesurvey.co.uk/id/7000000000041429,Scotland,http://data.ordnancesurvey.co.uk/id/country/scotland,,,
osgb4000000074760951,http://data.ordnancesurvey.co.uk/id/4000000074760951,Kirn of Skroo,,,,landform,Other Coastal Landform,422234,1073862,1000,20000,421984,1073610,422484,1074110,ZE2,http://data.ordnancesurvey.co.uk/id/postcodedistrict/ZE2,,,,,,,Shetland Islands,http://data.ordnancesurvey.co.uk/id/7000000000186620,http://data.ordnancesurvey.co.uk/ontology/admingeo/UnitaryAuthority,Scotland,http://data.ordnancesurvey.co.uk/id/7000000000041429,Scotland,http://data.ordnancesurvey.co.uk/id/country/scotland,,,
osgb4000000074749558,http://data.ordnancesurvey.co.uk/id/4000000074749558,Hunds Hillier,,,,landform,Other Coastal Landform,420169,1071066,1000,20000,419919,1070816,420419,1071316,ZE2,http://data.ordnancesurvey.co.uk/id/postcodedistrict/ZE2,,,,,,,Shetland Islands,http://data.ordnancesurvey.co.uk/id/7000000000186620,http://data.ordnancesurvey.co.uk/ontology/admingeo/UnitaryAuthority,Scotland,http://data.ordnancesurvey.co.uk/id/7000000000041429,Scotland,http://data.ordnancesurvey.co.uk/id/country/scotland,,,
osgb4000000074749772,http://data.ordnancesurvey.co.uk/id/4000000074749772,North Restensgeo,,,,landform,Other Coastal Landform,422078,1073125,1000,15000,421825,1072875,422325,1073375,ZE2,http://data.ordnancesurvey.co.uk/id/postcodedistrict/ZE2,,,,,,,Shetland Islands,http://data.ordnancesurvey.co.uk/id/7000000000186620,http://data.ordnancesurvey.co.uk/ontology/admingeo/UnitaryAuthority,Scotland,http://data.ordnancesurvey.co.uk/id/7000000000041429,Scotland,http://data.ordnancesurvey.co.uk/id/country/scotland,,,
osgb4000000074760636,http://data.ordnancesurvey.co.uk/id/4000000074760636,Lang Mansie,,,,landform,Other Coastal Landform,422204,1072080,1000,50000,421957,1071830,422457,1072330,ZE2,http://data.ordnancesurvey.co.uk/id/postcodedistrict/ZE2,,,,,,,Shetland Islands,http://data.ordnancesurvey.co.uk/id/7000000000186620,http://data.ordnancesurvey.co.uk/ontology/admingeo/UnitaryAuthority,Scotland,http://data.ordnancesurvey.co.uk/id/7000000000041429,Scotland,http://data.ordnancesurvey.co.uk/id/country/scotland,,,
osgb4000000074614186,http://data.ordnancesurvey.co.uk/id/4000000074614186,The Burrian,,,,landform,Other Coastal Landform,420920,1069642,1000,50000,420670,1069410,421170,1069910,ZE2,http://data.ordnancesurvey.co.uk/id/postcodedistrict/ZE2,,,,,,,Shetland Islands,http://data.ordnancesurvey.co.uk/id/7000000000186620,http://data.ordnancesurvey.co.uk/ontology/admingeo/UnitaryAuthority,Scotland,http://data.ordnancesurvey.co.uk/id/7000000000041429,Scotland,http://data.ordnancesurvey.co.uk/id/country/scotland,,,
osgb4000000074749413,http://data.ordnancesurvey.co.uk/id/4000000074749413,Scraavilskin,,,,landform,Other Coastal Landform,420812,1069697,1000,50000,420594,1069447,421094,1069947,ZE2,http://data.ordnancesurvey.co.uk/id/postcodedistrict/ZE2,,,,,,,Shetland Islands,http://data.ordnancesurvey.co.uk/id/7000000000186620,http://data.ordnancesurvey.co.uk/ontology/admingeo/UnitaryAuthority,Scotland,http://data.ordnancesurvey.co.uk/id/7000000000041429,Scotland,http://data.ordnancesurvey.co.uk/id/country/scotland,,,
osgb4000000074715304,http://data.ordnancesurvey.co.uk/id/4000000074715304,Hoi-lee,,,,landform,Cliff Or Slope,422398,1072594,2000,40000,422148,1072378,422648,1072878,ZE2,http://data.ordnancesurvey.co.uk/id/postcodedistrict/ZE2,,,,,,,Shetland Islands,http://data.ordnancesurvey.co.uk/id/7000000000186620,http://data.ordnancesurvey.co.uk/ontology/admingeo/UnitaryAuthority,Scotland,http://data.ordnancesurvey.co.uk/id/7000000000041429,Scotland,http://data.ordnancesurvey.co.uk/id/country/scotland,,,
osgb4000000074608227,http://data.ordnancesurvey.co.uk/id/4000000074608227,The Rippack,,,,landform,Coastal Headland,421133,1070464,3000,750000,420883,1070215,421383,1070715,ZE2,http://data.ordnancesurvey.co.uk/id/postcodedistrict/ZE2,,,,,,,Shetland Islands,http://data.ordnancesurvey.co.uk/id/7000000000186620,http://data.ordnancesurvey.co.uk/ontology/admingeo/UnitaryAuthority,Scotland,http://data.ordnancesurvey.co.uk/id/7000000000041429,Scotland,http://data.ordnancesurvey.co.uk/id/country/scotland,,,
osgb4000000074587690,http://data.ordnancesurvey.co.uk/id/4000000074587690,South Naaversgill,,,,landform,Other Coastal Landform,420250,1072575,2000,15000,420042,1072325,420542,1072825,ZE2,http://data.ordnancesurvey.co.uk/id/postcodedistrict/ZE2,,,,,,,Shetland Islands,http://data.ordnancesurvey.co.uk/id/7000000000186620,http://data.ordnancesurvey.co.uk/ontology/admingeo/UnitaryAuthority,Scotland,http://data.ordnancesurvey.co.uk/id/7000000000041429,Scotland,http://data.ordnancesurvey.co.uk/id/country/scotland,,,
osgb4000000074785272,http://data.ordnancesurvey.co.uk/id/4000000074785272,Leestat,,,,hydrography,Bay,420272,1069886,1000,150000,420005,1069644,420505,1070144,ZE2,http://data.ordnancesurvey.co.uk/id/postcodedistrict/ZE2,,,,,,,Shetland Islands,http://data.ordnancesurvey.co.uk/id/7000000000186620,http://data.ordnancesurvey.co.uk/ontology/admingeo/UnitaryAuthority,Scotland,http://data.ordnancesurvey.co.uk/id/7000000000041429,Scotland,http://data.ordnancesurvey.co.uk/id/country/scotland,,,
osgb4000000074760952,http://data.ordnancesurvey.co.uk/id/4000000074760952,Stacks of Wirrvie,,,,landform,Other Coastal Landform,422190,1073373,1000,50000,421940,1073123,422440,1073623,ZE2,http://data.ordnancesurvey.co.uk/id/postcodedistrict/ZE2,,,,,,,Shetland Islands,http://data.ordnancesurvey.co.uk/id/7000000000186620,http://data.ordnancesurvey.co.uk/ontology/admingeo/UnitaryAuthority,Scotland,http://data.ordnancesurvey.co.uk/id/7000000000041429,Scotland,http://data.ordnancesurvey.co.uk/id/country/scotland,,,
osgb4000000074749356,http://data.ordnancesurvey.co.uk/id/4000000074749356,Hillia Tind,,,,landform,Other Coastal Landform,422134,1071707,1000,20000,421876,1071457,422376,1071957,ZE2,http://data.ordnancesurvey.co.uk/id/postcodedistrict/ZE2,,,,,,,Shetland Islands,http://data.ordnancesurvey.co.uk/id/7000000000186620,http://data.ordnancesurvey.co.uk/ontology/admingeo/UnitaryAuthority,Scotland,http://data.ordnancesurvey.co.uk/id/7000000000041429,Scotland,http://data.ordnancesurvey.co.uk/id/country/scotland,,,
osgb4000000074749908,http://data.ordnancesurvey.co.uk/id/4000000074749908,Ler Ness,,,,landform,Coastal Headland,420396,1073044,3000,750000,420146,1072789,420646,1073289,ZE2,http://data.ordnancesurvey.co.uk/id/postcodedistrict/ZE2,,,,,,,Shetland Islands,http://data.ordnancesurvey.co.uk/id/7000000000186620,http://data.ordnancesurvey.co.uk/ontology/admingeo/UnitaryAuthority,Scotland,http://data.ordnancesurvey.co.uk/id/7000000000041429,Scotland,http://data.ordnancesurvey.co.uk/id/country/scotland,,,
osgb4000000074785246,http://data.ordnancesurvey.co.uk/id/4000000074785246,Furse,,,,hydrography,Tidal Water,422070,1072818,1000,150000,421810,1072577,422310,1073077,ZE2,http://data.ordnancesurvey.co.uk/id/postcodedistrict/ZE2,,,,,,,Shetland Islands,http://data.ordnancesurvey.co.uk/id/7000000000186620,http://data.ordnancesurvey.co.uk/ontology/admingeo/UnitaryAuthority,Scotland,http://data.ordnancesurvey.co.uk/id/7000000000041429,Scotland,http://data.ordnancesurvey.co.uk/id/country/scotland,,,
osgb4000000074608655,http://data.ordnancesurvey.co.uk/id/4000000074608655,Fair Isle,,,,landform,Island,421159,1072458,31000,800000,419440,1069559,422877,1074270,ZE2,http://data.ordnancesurvey.co.uk/id/postcodedistrict/ZE2,,,,,,,Shetland Islands,http://data.ordnancesurvey.co.uk/id/7000000000186620,http://data.ordnancesurvey.co.uk/ontology/admingeo/UnitaryAuthority,Scotland,http://data.ordnancesurvey.co.uk/id/7000000000041429,Scotland,http://data.ordnancesurvey.co.uk/id/country/scotland,,,
osgb4000000074749554,http://data.ordnancesurvey.co.uk/id/4000000074749554,Geo Claver,,,,landform,Other Coastal Landform,421554,1071123,1000,15000,421304,1070893,421804,1071393,ZE2,http://data.ordnancesurvey.co.uk/id/postcodedistrict/ZE2,,,,,,,Shetland Islands,http://data.ordnancesurvey.co.uk/id/7000000000186620,http://data.ordnancesurvey.co.uk/ontology/admingeo/UnitaryAuthority,Scotland,http://data.ordnancesurvey.co.uk/id/7000000000041429,Scotland,http://data.ordnancesurvey.co.uk/id/country/scotland,,,
osgb4000000074749354,http://data.ordnancesurvey.co.uk/id/4000000074749354,Engan Roo,,,,landform,Other Coastal Landform,421920,1071046,1000,20000,421671,1070789,422171,1071289,ZE2,http://data.ordnancesurvey.co.uk/id/postcodedistrict/ZE2,,,,,,,Shetland Islands,http://data.ordnancesurvey.co.uk/id/7000000000186620,http://data.ordnancesurvey.co.uk/ontology/admingeo/UnitaryAuthority,Scotland,http://data.ordnancesurvey.co.uk/id/7000000000041429,Scotland,http://data.ordnancesurvey.co.uk/id/country/scotland,,,
osgb4000000074785249,http://data.ordnancesurvey.co.uk/id/4000000074785249,Guidicum,,,,hydrography,Tidal Water,420542,1073118,1000,150000,420292,1072852,420792,1073352,ZE2,http://data.ordnancesurvey.co.uk/id/postcodedistrict/ZE2,,,,,,,Shetland Islands,http://data.ordnancesurvey.co.uk/id/7000000000186620,http://data.ordnancesurvey.co.uk/ontology/admingeo/UnitaryAuthority,Scotland,http://data.ordnancesurvey.co.uk/id/7000000000041429,Scotland,http://data.ordnancesurvey.co.uk/id/country/scotland,,,
osgb4000000074749909,http://data.ordnancesurvey.co.uk/id/4000000074749909,Stack of Guidicum,,,,landform,Other Coastal Landform,420611,1073161,1000,20000,420361,1072917,420861,1073417,ZE2,http://data.ordnancesurvey.co.uk/id/postcodedistrict/ZE2,,,,,,,Shetland Islands,http://data.ordnancesurvey.co.uk/id/7000000000186620,http://data.ordnancesurvey.co.uk/ontology/admingeo/UnitaryAuthority,Scotland,http://data.ordnancesurvey.co.uk/id/7000000000041429,Scotland,http://data.ordnancesurvey.co.uk/id/country/scotland,,,
osgb4000000074587966,http://data.ordnancesurvey.co.uk/id/4000000074587966,Copper Geo,,,,landform,Other Coastal Landform,420226,1072790,2000,15000,419977,1072525,420477,1073025,ZE2,http://data.ordnancesurvey.co.uk/id/postcodedistrict/ZE2,,,,,,,Shetland Islands,http://data.ordnancesurvey.co.uk/id/7000000000186620,http://data.ordnancesurvey.co.uk/ontology/admingeo/UnitaryAuthority,Scotland,http://data.ordnancesurvey.co.uk/id/7000000000041429,Scotland,http://data.ordnancesurvey.co.uk/id/country/scotland,,,
osgb4000000074587601,http://data.ordnancesurvey.co.uk/id/4000000074587601,Mid Geo,,,,landform,Other Coastal Landform,420055,1069782,1000,15000,419805,1069533,420305,1070033,ZE2,http://data.ordnancesurvey.co.uk/id/postcodedistrict/ZE2,,,,,,,Shetland Islands,http://data.ordnancesurvey.co.uk/id/7000000000186620,http://data.ordnancesurvey.co.uk/ontology/admingeo/UnitaryAuthority,Scotland,http://data.ordnancesurvey.co.uk/id/7000000000041429,Scotland,http://data.ordnancesurvey.co.uk/id/country/scotland,,,
osgb4000000074760841,http://data.ordnancesurvey.co.uk/id/4000000074760841,Stack of North Haven,,,,landform,Other Coastal Landform,422512,1072629,1000,20000,422262,1072381,422762,1072881,ZE2,http://data.ordnancesurvey.co.uk/id/postcodedistrict/ZE2,,,,,,,Shetland Islands,http://data.ordnancesurvey.co.uk/id/7000000000186620,http://data.ordnancesurvey.co.uk/ontology/admingeo/UnitaryAuthority,Scotland,http://data.ordnancesurvey.co.uk/id/7000000000041429,Scotland,http://data.ordnancesurvey.co.uk/id/country/scotland,,,
osgb4000000074587883,http://data.ordnancesurvey.co.uk/id/4000000074587883,North Ramni Geo,,,,landform,Other Coastal Landform,422173,1071643,1000,15000,421912,1071393,422412,1071893,ZE2,http://data.ordnancesurvey.co.uk/id/postcodedistrict/ZE2,,,,,,,Shetland Islands,http://data.ordnancesurvey.co.uk/id/7000000000186620,http://data.ordnancesurvey.co.uk/ontology/admingeo/UnitaryAuthority,Scotland,http://data.ordnancesurvey.co.uk/id/7000000000041429,Scotland,http://data.ordnancesurvey.co.uk/id/country/scotland,,,
osgb4000000074749711,http://data.ordnancesurvey.co.uk/id/4000000074749711,Bu Ness,,,,landform,Coastal Headland,422667,1072161,6000,750000,422417,1071898,422917,1072845,ZE2,http://data.ordnancesurvey.co.uk/id/postcodedistrict/ZE2,,,,,,,Shetland Islands,http://data.ordnancesurvey.co.uk/id/7000000000186620,http://data.ordnancesurvey.co.uk/ontology/admingeo/UnitaryAuthority,Scotland,http://data.ordnancesurvey.co.uk/id/7000000000041429,Scotland,http://data.ordnancesurvey.co.uk/id/country/scotland,,,
osgb4000000074749913,http://data.ordnancesurvey.co.uk/id/4000000074749913,Geo of Grey,,,,landform,Other Coastal Landform,420292,1072898,1000,15000,420055,1072648,420555,1073148,ZE2,http://data.ordnancesurvey.co.uk/id/postcodedistrict/ZE2,,,,,,,Shetland Islands,http://data.ordnancesurvey.co.uk/id/7000000000186620,http://data.ordnancesurvey.co.uk/ontology/admingeo/UnitaryAuthority,Scotland,http://data.ordnancesurvey.co.uk/id/7000000000041429,Scotland,http://data.ordnancesurvey.co.uk/id/country/scotland,,,
osgb4000000074587821,http://data.ordnancesurvey.co.uk/id/4000000074587821,Blue Geo,,,,landform,Other Coastal Landform,422709,1072201,1000,15000,422459,1071961,422959,1072461,ZE2,http://data.ordnancesurvey.co.uk/id/postcodedistrict/ZE2,,,,,,,Shetland Islands,http://data.ordnancesurvey.co.uk/id/7000000000186620,http://data.ordnancesurvey.co.uk/ontology/admingeo/UnitaryAuthority,Scotland,http://data.ordnancesurvey.co.uk/id/7000000000041429,Scotland,http://data.ordnancesurvey.co.uk/id/country/scotland,,,
osgb4000000074587672,http://data.ordnancesurvey.co.uk/id/4000000074587672,Hjukni Geo,,,,landform,Other Coastal Landform,420237,1071119,1000,15000,419987,1070870,420487,1071370,ZE2,http://data.ordnancesurvey.co.uk/id/postcodedistrict/ZE2,,,,,,,Shetland Islands,http://data.ordnancesurvey.co.uk/id/7000000000186620,http://data.ordnancesurvey.co.uk/ontology/admingeo/UnitaryAuthority,Scotland,http://data.ordnancesurvey.co.uk/id/7000000000041429,Scotland,http://data.ordnancesurvey.co.uk/id/country/scotland,,,
osgb4000000074749976,http://data.ordnancesurvey.co.uk/id/4000000074749976,North Fellsigeo,,,,landform,Other Coastal Landform,420555,1073623,1000,15000,420295,1073374,420795,1073874,ZE2,http://data.ordnancesurvey.co.uk/id/postcodedistrict/ZE2,,,,,,,Shetland Islands,http://data.ordnancesurvey.co.uk/id/7000000000186620,http://data.ordnancesurvey.co.uk/ontology/admingeo/UnitaryAuthority,Scotland,http://data.ordnancesurvey.co.uk/id/7000000000041429,Scotland,http://data.ordnancesurvey.co.uk/id/country/scotland,,,
osgb4000000074749836,http://data.ordnancesurvey.co.uk/id/4000000074749836,Geo of Wirrvie,,,,landform,Other Coastal Landform,422158,1073439,1000,15000,421908,1073191,422408,1073691,ZE2,http://data.ordnancesurvey.co.uk/id/postcodedistrict/ZE2,,,,,,,Shetland Islands,http://data.ordnancesurvey.co.uk/id/7000000000186620,http://data.ordnancesurvey.co.uk/ontology/admingeo/UnitaryAuthority,Scotland,http://data.ordnancesurvey.co.uk/id/7000000000041429,Scotland,http://data.ordnancesurvey.co.uk/id/country/scotland,,,
osgb4000000074732880,http://data.ordnancesurvey.co.uk/id/4000000074732880,Brae of Restensgeo,,,,landcover,Other Landcover,421652,1072867,5000,1300000,421313,1072502,421991,1073235,ZE2,http://data.ordnancesurvey.co.uk/id/postcodedistrict/ZE2,,,,,,,Shetland Islands,http://data.ordnancesurvey.co.uk/id/7000000000186620,http://data.ordnancesurvey.co.uk/ontology/admingeo/UnitaryAuthority,Scotland,http://data.ordnancesurvey.co.uk/id/7000000000041429,Scotland,http://data.ordnancesurvey.co.uk/id/country/scotland,,,
osgb4000000074749773,http://data.ordnancesurvey.co.uk/id/4000000074749773,Heads of Peitron,,,,landform,Coastal Headland,422188,1073320,1000,750000,421939,1073059,422439,1073559,ZE2,http://data.ordnancesurvey.co.uk/id/postcodedistrict/ZE2,,,,,,,Shetland Islands,http://data.ordnancesurvey.co.uk/id/7000000000186620,http://data.ordnancesurvey.co.uk/ontology/admingeo/UnitaryAuthority,Scotland,http://data.ordnancesurvey.co.uk/id/7000000000041429,Scotland,http://data.ordnancesurvey.co.uk/id/country/scotland,,,
osgb4000000074587757,http://data.ordnancesurvey.co.uk/id/4000000074587757,Fillsi Geo,,,,landform,Other Coastal Landform,420417,1069687,1000,15000,420167,1069431,420667,1069931,ZE2,http://data.ordnancesurvey.co.uk/id/postcodedistrict/ZE2,,,,,,,Shetland Islands,http://data.ordnancesurvey.co.uk/id/7000000000186620,http://data.ordnancesurvey.co.uk/ontology/admingeo/UnitaryAuthority,Scotland,http://data.ordnancesurvey.co.uk/id/7000000000041429,Scotland,http://data.ordnancesurvey.co.uk/id/country/scotland,,,
osgb4000000074749353,http://data.ordnancesurvey.co.uk/id/4000000074749353,The Ruff,,,,landform,Cliff Or Slope,422208,1070898,1000,40000,421921,1070649,422421,1071149,ZE2,http://data.ordnancesurvey.co.uk/id/postcodedistrict/ZE2,,,,,,,Shetland Islands,http://data.ordnancesurvey.co.uk/id/7000000000186620,http://data.ordnancesurvey.co.uk/ontology/admingeo/UnitaryAuthority,Scotland,http://data.ordnancesurvey.co.uk/id/7000000000041429,Scotland,http://data.ordnancesurvey.co.uk/id/country/scotland,,,
osgb4000000074749559,http://data.ordnancesurvey.co.uk/id/4000000074749559,North Reeva,,,,landform,Other Coastal Landform,420096,1070927,1000,20000,419841,1070677,420341,1071177,ZE2,http://data.ordnancesurvey.co.uk/id/postcodedistrict/ZE2,,,,,,,Shetland Islands,http://data.ordnancesurvey.co.uk/id/7000000000186620,http://data.ordnancesurvey.co.uk/ontology/admingeo/UnitaryAuthority,Scotland,http://data.ordnancesurvey.co.uk/id/7000000000041429,Scotland,http://data.ordnancesurvey.co.uk/id/country/scotland,,,
osgb4000000074587719,http://data.ordnancesurvey.co.uk/id/4000000074587719,Swartz Geo,,,,landform,Other Coastal Landform,421057,1070200,1000,15000,420809,1069951,421309,1070451,ZE2,http://data.ordnancesurvey.co.uk/id/postcodedistrict/ZE2,,,,,,,Shetland Islands,http://data.ordnancesurvey.co.uk/id/7000000000186620,http://data.ordnancesurvey.co.uk/ontology/admingeo/UnitaryAuthority,Scotland,http://data.ordnancesurvey.co.uk/id/7000000000041429,Scotland,http://data.ordnancesurvey.co.uk/id/country/scotland,,,
osgb4000000074587967,http://data.ordnancesurvey.co.uk/id/4000000074587967,North Naaversgill,,,,landform,Other Coastal Landform,420267,1072781,1000,15000,420017,1072532,420517,1073032,ZE2,http://data.ordnancesurvey.co.uk/id/postcodedistrict/ZE2,,,,,,,Shetland Islands,http://data.ordnancesurvey.co.uk/id/7000000000186620,http://data.ordnancesurvey.co.uk/ontology/admingeo/UnitaryAuthority,Scotland,http://data.ordnancesurvey.co.uk/id/7000000000041429,Scotland,http://data.ordnancesurvey.co.uk/id/country/scotland,,,
osgb4000000074749837,http://data.ordnancesurvey.co.uk/id/4000000074749837,Cristal Kame,,,,landform,Other Coastal Landform,422314,1074053,1000,20000,422075,1073804,422575,1074304,ZE2,http://data.ordnancesurvey.co.uk/id/postcodedistrict/ZE2,,,,,,,Shetland Islands,http://data.ordnancesurvey.co.uk/id/7000000000186620,http://data.ordnancesurvey.co.uk/ontology/admingeo/UnitaryAuthority,Scotland,http://data.ordnancesurvey.co.uk/id/7000000000041429,Scotland,http://data.ordnancesurvey.co.uk/id/country/scotland,,,
osgb4000000074749492,http://data.ordnancesurvey.co.uk/id/4000000074749492,Maavi Tongue,,,,landform,Other Coastal Landform,421199,1070778,1000,20000,420950,1070528,421450,1071028,ZE2,http://data.ordnancesurvey.co.uk/id/postcodedistrict/ZE2,,,,,,,Shetland Islands,http://data.ordnancesurvey.co.uk/id/7000000000186620,http://data.ordnancesurvey.co.uk/ontology/admingeo/UnitaryAuthority,Scotland,http://data.ordnancesurvey.co.uk/id/7000000000041429,Scotland,http://data.ordnancesurvey.co.uk/id/country/scotland,,,
osgb4000000074785252,http://data.ordnancesurvey.co.uk/id/4000000074785252,South Gunnawark,,,,hydrography,Tidal Water,420073,1072041,1000,150000,419823,1071791,420323,1072291,ZE2,http://data.ordnancesurvey.co.uk/id/postcodedistrict/ZE2,,,,,,,Shetland Islands,http://data.ordnancesurvey.co.uk/id/7000000000186620,http://data.ordnancesurvey.co.uk/ontology/admingeo/UnitaryAuthority,Scotland,http://data.ordnancesurvey.co.uk/id/7000000000041429,Scotland,http://data.ordnancesurvey.co.uk/id/country/scotland,,,
osgb4000000074715927,http://data.ordnancesurvey.co.uk/id/4000000074715927,Homis Dale,,,,landform,Valley,421552,1072270,2000,800000,421303,1072020,421803,1072520,ZE2,http://data.ordnancesurvey.co.uk/id/postcodedistrict/ZE2,,,,,,,Shetland Islands,http://data.ordnancesurvey.co.uk/id/7000000000186620,http://data.ordnancesurvey.co.uk/ontology/admingeo/UnitaryAuthority,Scotland,http://data.ordnancesurvey.co.uk/id/7000000000041429,Scotland,http://data.ordnancesurvey.co.uk/id/country/scotland,,,
osgb4000000074749834,http://data.ordnancesurvey.co.uk/id/4000000074749834,Geo of Peitron,,,,landform,Other Coastal Landform,422165,1073238,1000,15000,421916,1072990,422416,1073490,ZE2,http://data.ordnancesurvey.co.uk/id/postcodedistrict/ZE2,,,,,,,Shetland Islands,http://data.ordnancesurvey.co.uk/id/7000000000186620,http://data.ordnancesurvey.co.uk/ontology/admingeo/UnitaryAuthority,Scotland,http://data.ordnancesurvey.co.uk/id/7000000000041429,Scotland,http://data.ordnancesurvey.co.uk/id/country/scotland,,,
osgb4000000074586436,http://data.ordnancesurvey.co.uk/id/4000000074586436,The Fless,,,,landform,Other Coastal Landform,420431,1074131,1000,50000,420179,1073882,420679,1074382,ZE2,http://data.ordnancesurvey.co.uk/id/postcodedistrict/ZE2,,,,,,,Shetland Islands,http://data.ordnancesurvey.co.uk/id/7000000000186620,http://data.ordnancesurvey.co.uk/ontology/admingeo/UnitaryAuthority,Scotland,http://data.ordnancesurvey.co.uk/id/7000000000041429,Scotland,http://data.ordnancesurvey.co.uk/id/country/scotland,,,
osgb4000000074608654,http://data.ordnancesurvey.co.uk/id/4000000074608654,Cubbi Skerry,,,,landform,Other Coastal Landform,422549,1073671,1000,50000,422301,1073422,422801,1073922,ZE2,http://data.ordnancesurvey.co.uk/id/postcodedistrict/ZE2,,,,,,,Shetland Islands,http://data.ordnancesurvey.co.uk/id/7000000000186620,http://data.ordnancesurvey.co.uk/ontology/admingeo/UnitaryAuthority,Scotland,http://data.ordnancesurvey.co.uk/id/7000000000041429,Scotland,http://data.ordnancesurvey.co.uk/id/country/scotland,,,
osgb4000000074785251,http://data.ordnancesurvey.co.uk/id/4000000074785251,West Bergaroo,,,,hydrography,Tidal Water,421826,1073970,1000,150000,421594,1073720,422094,1074220,ZE2,http://data.ordnancesurvey.co.uk/id/postcodedistrict/ZE2,,,,,,,Shetland Islands,http://data.ordnancesurvey.co.uk/id/7000000000186620,http://data.ordnancesurvey.co.uk/ontology/admingeo/UnitaryAuthority,Scotland,http://data.ordnancesurvey.co.uk/id/7000000000041429,Scotland,http://data.ordnancesurvey.co.uk/id/country/scotland,,,
osgb4000000074749710,http://data.ordnancesurvey.co.uk/id/4000000074749710,Henry's Heads,,,,landform,Other Coastal Landform,422220,1072095,1000,50000,421970,1071846,422470,1072346,ZE2,http://data.ordnancesurvey.co.uk/id/postcodedistrict/ZE2,,,,,,,Shetland Islands,http://data.ordnancesurvey.co.uk/id/7000000000186620,http://data.ordnancesurvey.co.uk/ontology/admingeo/UnitaryAuthority,Scotland,http://data.ordnancesurvey.co.uk/id/7000000000041429,Scotland,http://data.ordnancesurvey.co.uk/id/country/scotland,,,
osgb4000000074749493,http://data.ordnancesurvey.co.uk/id/4000000074749493,Vaasetter,,,,landform,Coastal Headland,421714,1071126,2000,750000,421443,1070876,421943,1071376,ZE2,http://data.ordnancesurvey.co.uk/id/postcodedistrict/ZE2,,,,,,,Shetland Islands,http://data.ordnancesurvey.co.uk/id/7000000000186620,http://data.ordnancesurvey.co.uk/ontology/admingeo/UnitaryAuthority,Scotland,http://data.ordnancesurvey.co.uk/id/7000000000041429,Scotland,http://data.ordnancesurvey.co.uk/id/country/scotland,,,
osgb4000000074785260,http://data.ordnancesurvey.co.uk/id/4000000074785260,Wester Loder,,,,hydrography,Tidal Water,421019,1074050,2000,150000,420771,1073800,421271,1074300,ZE2,http://data.ordnancesurvey.co.uk/id/postcodedistrict/ZE2,,,,,,,Shetland Islands,http://data.ordnancesurvey.co.uk/id/7000000000186620,http://data.ordnancesurvey.co.uk/ontology/admingeo/UnitaryAuthority,Scotland,http://data.ordnancesurvey.co.uk/id/7000000000041429,Scotland,http://data.ordnancesurvey.co.uk/id/country/scotland,,,
osgb4000000074614187,http://data.ordnancesurvey.co.uk/id/4000000074614187,Skerry Nessan,,,,landform,Other Coastal Landform,420704,1069609,1000,50000,420454,1069357,420954,1069857,ZE2,http://data.ordnancesurvey.co.uk/id/postcodedistrict/ZE2,,,,,,,Shetland Islands,http://data.ordnancesurvey.co.uk/id/7000000000186620,http://data.ordnancesurvey.co.uk/ontology/admingeo/UnitaryAuthority,Scotland,http://data.ordnancesurvey.co.uk/id/7000000000041429,Scotland,http://data.ordnancesurvey.co.uk/id/country/scotland,,,
osgb4000000074587706,http://data.ordnancesurvey.co.uk/id/4000000074587706,Mavers Geo,,,,landform,Other Coastal Landform,422218,1072218,1000,15000,421968,1071962,422468,1072462,ZE2,http://data.ordnancesurvey.co.uk/id/postcodedistrict/ZE2,,,,,,,Shetland Islands,http://data.ordnancesurvey.co.uk/id/7000000000186620,http://data.ordnancesurvey.co.uk/ontology/admingeo/UnitaryAuthority,Scotland,http://data.ordnancesurvey.co.uk/id/7000000000041429,Scotland,http://data.ordnancesurvey.co.uk/id/country/scotland,,,
osgb4000000074608226,http://data.ordnancesurvey.co.uk/id/4000000074608226,Rauin Roo,,,,landform,Other Coastal Landform,421676,1070985,1000,50000,421426,1070735,421926,1071235,ZE2,http://data.ordnancesurvey.co.uk/id/postcodedistrict/ZE2,,,,,,,Shetland Islands,http://data.ordnancesurvey.co.uk/id/7000000000186620,http://data.ordnancesurvey.co.uk/ontology/admingeo/UnitaryAuthority,Scotland,http://data.ordnancesurvey.co.uk/id/7000000000041429,Scotland,http://data.ordnancesurvey.co.uk/id/country/scotland,,,
osgb4000000074749838,http://data.ordnancesurvey.co.uk/id/4000000074749838,The Nizz,,,,landform,Coastal Headland,422242,1074191,1000,750000,421992,1073942,422492,1074442,ZE2,http://data.ordnancesurvey.co.uk/id/postcodedistrict/ZE2,,,,,,,Shetland Islands,http://data.ordnancesurvey.co.uk/id/7000000000186620,http://data.ordnancesurvey.co.uk/ontology/admingeo/UnitaryAuthority,Scotland,http://data.ordnancesurvey.co.uk/id/7000000000041429,Scotland,http://data.ordnancesurvey.co.uk/id/country/scotland,,,
osgb4000000074749767,http://data.ordnancesurvey.co.uk/id/4000000074749767,North Gavel,,,,landform,Coastal Headland,422735,1072790,1000,750000,422487,1072541,422987,1073041,ZE2,http://data.ordnancesurvey.co.uk/id/postcodedistrict/ZE2,,,,,,,Shetland Islands,http://data.ordnancesurvey.co.uk/id/7000000000186620,http://data.ordnancesurvey.co.uk/ontology/admingeo/UnitaryAuthority,Scotland,http://data.ordnancesurvey.co.uk/id/7000000000041429,Scotland,http://data.ordnancesurvey.co.uk/id/country/scotland,,,
osgb4000000074597342,http://data.ordnancesurvey.co.uk/id/4000000074597342,Stane of the North Gavel,,,,landform,Other Coastal Landform,422710,1072885,1000,50000,422459,1072636,422959,1073136,ZE2,http://data.ordnancesurvey.co.uk/id/postcodedistrict/ZE2,,,,,,,Shetland Islands,http://data.ordnancesurvey.co.uk/id/7000000000186620,http://data.ordnancesurvey.co.uk/ontology/admingeo/UnitaryAuthority,Scotland,http://data.ordnancesurvey.co.uk/id/7000000000041429,Scotland,http://data.ordnancesurvey.co.uk/id/country/scotland,,,
osgb4000000074749973,http://data.ordnancesurvey.co.uk/id/4000000074749973,Trottie Kame,,,,landform,Other Coastal Landform,420216,1073042,1000,20000,419966,1072791,420466,1073291,ZE2,http://data.ordnancesurvey.co.uk/id/postcodedistrict/ZE2,,,,,,,Shetland Islands,http://data.ordnancesurvey.co.uk/id/7000000000186620,http://data.ordnancesurvey.co.uk/ontology/admingeo/UnitaryAuthority,Scotland,http://data.ordnancesurvey.co.uk/id/7000000000041429,Scotland,http://data.ordnancesurvey.co.uk/id/country/scotland,,,
osgb4000000074587849,http://data.ordnancesurvey.co.uk/id/4000000074587849,Clingers Geo,,,,landform,Other Coastal Landform,421181,1070704,1000,15000,420938,1070454,421438,1070954,ZE2,http://data.ordnancesurvey.co.uk/id/postcodedistrict/ZE2,,,,,,,Shetland Islands,http://data.ordnancesurvey.co.uk/id/7000000000186620,http://data.ordnancesurvey.co.uk/ontology/admingeo/UnitaryAuthority,Scotland,http://data.ordnancesurvey.co.uk/id/7000000000041429,Scotland,http://data.ordnancesurvey.co.uk/id/country/scotland,,,
osgb4000000074749770,http://data.ordnancesurvey.co.uk/id/4000000074749770,Kame of Furse,,,,landform,Other Coastal Landform,422120,1072757,1000,20000,421871,1072506,422371,1073006,ZE2,http://data.ordnancesurvey.co.uk/id/postcodedistrict/ZE2,,,,,,,Shetland Islands,http://data.ordnancesurvey.co.uk/id/7000000000186620,http://data.ordnancesurvey.co.uk/ontology/admingeo/UnitaryAuthority,Scotland,http://data.ordnancesurvey.co.uk/id/7000000000041429,Scotland,http://data.ordnancesurvey.co.uk/id/country/scotland,,,
osgb4000000074785229,http://data.ordnancesurvey.co.uk/id/4000000074785229,North Mila Hesslands,,,,hydrography,Bay,422040,1071235,1000,150000,421780,1070983,422280,1071483,ZE2,http://data.ordnancesurvey.co.uk/id/postcodedistrict/ZE2,,,,,,,Shetland Islands,http://data.ordnancesurvey.co.uk/id/7000000000186620,http://data.ordnancesurvey.co.uk/ontology/admingeo/UnitaryAuthority,Scotland,http://data.ordnancesurvey.co.uk/id/7000000000041429,Scotland,http://data.ordnancesurvey.co.uk/id/country/scotland,,,
osgb4000000074587619,http://data.ordnancesurvey.co.uk/id/4000000074587619,Jivy Geo,,,,landform,Other Coastal Landform,422226,1073558,1000,15000,421976,1073309,422476,1073809,ZE2,http://data.ordnancesurvey.co.uk/id/postcodedistrict/ZE2,,,,,,,Shetland Islands,http://data.ordnancesurvey.co.uk/id/7000000000186620,http://data.ordnancesurvey.co.uk/ontology/admingeo/UnitaryAuthority,Scotland,http://data.ordnancesurvey.co.uk/id/7000000000041429,Scotland,http://data.ordnancesurvey.co.uk/id/country/scotland,,,
osgb4000000074749553,http://data.ordnancesurvey.co.uk/id/4000000074749553,Shaldi Cliff,,,,landform,Cliff Or Slope,421508,1071110,1000,40000,421258,1070897,421758,1071397,ZE2,http://data.ordnancesurvey.co.uk/id/postcodedistrict/ZE2,,,,,,,Shetland Islands,http://data.ordnancesurvey.co.uk/id/7000000000186620,http://data.ordnancesurvey.co.uk/ontology/admingeo/UnitaryAuthority,Scotland,http://data.ordnancesurvey.co.uk/id/7000000000041429,Scotland,http://data.ordnancesurvey.co.uk/id/country/scotland,,,
osgb4000000074587718,http://data.ordnancesurvey.co.uk/id/4000000074587718,Croga Geo,,,,landform,Other Coastal Landform,420202,1071074,1000,15000,419949,1070824,420449,1071324,ZE2,http://data.ordnancesurvey.co.uk/id/postcodedistrict/ZE2,,,,,,,Shetland Islands,http://data.ordnancesurvey.co.uk/id/7000000000186620,http://data.ordnancesurvey.co.uk/ontology/admingeo/UnitaryAuthority,Scotland,http://data.ordnancesurvey.co.uk/id/7000000000041429,Scotland,http://data.ordnancesurvey.co.uk/id/country/scotland,,,
osgb4000000074749835,http://data.ordnancesurvey.co.uk/id/4000000074749835,Mopul,,,,landform,Coastal Headland,422370,1073709,2000,750000,422120,1073480,422620,1073980,ZE2,http://data.ordnancesurvey.co.uk/id/postcodedistrict/ZE2,,,,,,,Shetland Islands,http://data.ordnancesurvey.co.uk/id/7000000000186620,http://data.ordnancesurvey.co.uk/ontology/admingeo/UnitaryAuthority,Scotland,http://data.ordnancesurvey.co.uk/id/7000000000041429,Scotland,http://data.ordnancesurvey.co.uk/id/country/scotland,,,
osgb4000000074749977,http://data.ordnancesurvey.co.uk/id/4000000074749977,Sheena Wheeda,,,,landform,Coastal Headland,420810,1073985,2000,750000,420563,1073736,421063,1074236,ZE2,http://data.ordnancesurvey.co.uk/id/postcodedistrict/ZE2,,,,,,,Shetland Islands,http://data.ordnancesurvey.co.uk/id/7000000000186620,http://data.ordnancesurvey.co.uk/ontology/admingeo/UnitaryAuthority,Scotland,http://data.ordnancesurvey.co.uk/id/7000000000041429,Scotland,http://data.ordnancesurvey.co.uk/id/country/scotland,,,
osgb4000000074587603,http://data.ordnancesurvey.co.uk/id/4000000074587603,Kirki Geo,,,,landform,Other Coastal Landform,420108,1069861,1000,15000,419857,1069612,420357,1070112,ZE2,http://data.ordnancesurvey.co.uk/id/postcodedistrict/ZE2,,,,,,,Shetland Islands,http://data.ordnancesurvey.co.uk/id/7000000000186620,http://data.ordnancesurvey.co.uk/ontology/admingeo/UnitaryAuthority,Scotland,http://data.ordnancesurvey.co.uk/id/7000000000041429,Scotland,http://data.ordnancesurvey.co.uk/id/country/scotland,,,
osgb4000000074785250,http://data.ordnancesurvey.co.uk/id/4000000074785250,North Gunnawark,,,,hydrography,Tidal Water,420168,1072089,1000,150000,419918,1071866,420418,1072366,ZE2,http://data.ordnancesurvey.co.uk/id/postcodedistrict/ZE2,,,,,,,Shetland Islands,http://data.ordnancesurvey.co.uk/id/7000000000186620,http://data.ordnancesurvey.co.uk/ontology/admingeo/UnitaryAuthority,Scotland,http://data.ordnancesurvey.co.uk/id/7000000000041429,Scotland,http://data.ordnancesurvey.co.uk/id/country/scotland,,,
osgb4000000074715302,http://data.ordnancesurvey.co.uk/id/4000000074715302,Geo of Sheeprock,,,,landform,Other Coastal Landform,422194,1071029,1000,15000,421941,1070779,422441,1071279,ZE2,http://data.ordnancesurvey.co.uk/id/postcodedistrict/ZE2,,,,,,,Shetland Islands,http://data.ordnancesurvey.co.uk/id/7000000000186620,http://data.ordnancesurvey.co.uk/ontology/admingeo/UnitaryAuthority,Scotland,http://data.ordnancesurvey.co.uk/id/7000000000041429,Scotland,http://data.ordnancesurvey.co.uk/id/country/scotland,,,
osgb4000000074614561,http://data.ordnancesurvey.co.uk/id/4000000074614561,Oa Stack,,,,landform,Other Coastal Landform,421976,1074205,1000,50000,421726,1073955,422226,1074455,ZE2,http://data.ordnancesurvey.co.uk/id/postcodedistrict/ZE2,,,,,,,Shetland Islands,http://data.ordnancesurvey.co.uk/id/7000000000186620,http://data.ordnancesurvey.co.uk/ontology/admingeo/UnitaryAuthority,Scotland,http://data.ordnancesurvey.co.uk/id/7000000000041429,Scotland,http://data.ordnancesurvey.co.uk/id/country/scotland,,,
osgb4000000074785271,http://data.ordnancesurvey.co.uk/id/4000000074785271,Aaglass,,,,hydrography,Bay,420353,1069771,1000,150000,420108,1069527,420608,1070027,ZE2,http://data.ordnancesurvey.co.uk/id/postcodedistrict/ZE2,,,,,,,Shetland Islands,http://data.ordnancesurvey.co.uk/id/7000000000186620,http://data.ordnancesurvey.co.uk/ontology/admingeo/UnitaryAuthority,Scotland,http://data.ordnancesurvey.co.uk/id/7000000000041429,Scotland,http://data.ordnancesurvey.co.uk/id/country/scotland,,,
osgb4000000074587956,http://data.ordnancesurvey.co.uk/id/4000000074587956,South Ramni Geo,,,,landform,Other Coastal Landform,422106,1071471,1000,15000,421851,1071221,422351,1071721,ZE2,http://data.ordnancesurvey.co.uk/id/postcodedistrict/ZE2,,,,,,,Shetland Islands,http://data.ordnancesurvey.co.uk/id/7000000000186620,http://data.ordnancesurvey.co.uk/ontology/admingeo/UnitaryAuthority,Scotland,http://data.ordnancesurvey.co.uk/id/7000000000041429,Scotland,http://data.ordnancesurvey.co.uk/id/country/scotland,,,
osgb4000000074602155,http://data.ordnancesurvey.co.uk/id/4000000074602155,Ward Hill,,,,landform,Hill Or Mountain,420867,1073393,1000,300000,420617,1073143,421117,1073643,ZE2,http://data.ordnancesurvey.co.uk/id/postcodedistrict/ZE2,,,,,,,Shetland Islands,http://data.ordnancesurvey.co.uk/id/7000000000186620,http://data.ordnancesurvey.co.uk/ontology/admingeo/UnitaryAuthority,Scotland,http://data.ordnancesurvey.co.uk/id/7000000000041429,Scotland,http://data.ordnancesurvey.co.uk/id/country/scotland,,,
osgb4000000074614188,http://data.ordnancesurvey.co.uk/id/4000000074614188,Flure Stack,,,,landform,Other Coastal Landform,420332,1069684,1000,50000,420082,1069437,420582,1069937,ZE2,http://data.ordnancesurvey.co.uk/id/postcodedistrict/ZE2,,,,,,,Shetland Islands,http://data.ordnancesurvey.co.uk/id/7000000000186620,http://data.ordnancesurvey.co.uk/ontology/admingeo/UnitaryAuthority,Scotland,http://data.ordnancesurvey.co.uk/id/7000000000041429,Scotland,http://data.ordnancesurvey.co.uk/id/country/scotland,,,
osgb4000000074749414,http://data.ordnancesurvey.co.uk/id/4000000074749414,Geo of Busta,,,,landform,Other Coastal Landform,420878,1069838,1000,15000,420641,1069588,421141,1070088,ZE2,http://data.ordnancesurvey.co.uk/id/postcodedistrict/ZE2,,,,,,,Shetland Islands,http://data.ordnancesurvey.co.uk/id/7000000000186620,http://data.ordnancesurvey.co.uk/ontology/admingeo/UnitaryAuthority,Scotland,http://data.ordnancesurvey.co.uk/id/7000000000041429,Scotland,http://data.ordnancesurvey.co.uk/id/country/scotland,,,
osgb4000000074749978,http://data.ordnancesurvey.co.uk/id/4000000074749978,Dronger,,,,landform,Coastal Headland,420571,1073988,2000,750000,420330,1073738,420830,1074238,ZE2,http://data.ordnancesurvey.co.uk/id/postcodedistrict/ZE2,,,,,,,Shetland Islands,http://data.ordnancesurvey.co.uk/id/7000000000186620,http://data.ordnancesurvey.co.uk/ontology/admingeo/UnitaryAuthority,Scotland,http://data.ordnancesurvey.co.uk/id/7000000000041429,Scotland,http://data.ordnancesurvey.co.uk/id/country/scotland,,,
osgb4000000074587818,http://data.ordnancesurvey.co.uk/id/4000000074587818,Rip-hillier Geo,,,,landform,Other Coastal Landform,421279,1070572,1000,15000,421039,1070322,421539,1070822,ZE2,http://data.ordnancesurvey.co.uk/id/postcodedistrict/ZE2,,,,,,,Shetland Islands,http://data.ordnancesurvey.co.uk/id/7000000000186620,http://data.ordnancesurvey.co.uk/ontology/admingeo/UnitaryAuthority,Scotland,http://data.ordnancesurvey.co.uk/id/7000000000041429,Scotland,http://data.ordnancesurvey.co.uk/id/country/scotland,,,
osgb4000000074749768,http://data.ordnancesurvey.co.uk/id/4000000074749768,Yessness,,,,landform,Other Coastal Landform,422422,1072816,1000,20000,422174,1072566,422674,1073066,ZE2,http://data.ordnancesurvey.co.uk/id/postcodedistrict/ZE2,,,,,,,Shetland Islands,http://data.ordnancesurvey.co.uk/id/7000000000186620,http://data.ordnancesurvey.co.uk/ontology/admingeo/UnitaryAuthority,Scotland,http://data.ordnancesurvey.co.uk/id/7000000000041429,Scotland,http://data.ordnancesurvey.co.uk/id/country/scotland,,,
osgb4000000074749355,http://data.ordnancesurvey.co.uk/id/4000000074749355,Goorn,,,,landform,Coastal Headland,422146,1071564,2000,750000,421895,1071315,422395,1071815,ZE2,http://data.ordnancesurvey.co.uk/id/postcodedistrict/ZE2,,,,,,,Shetland Islands,http://data.ordnancesurvey.co.uk/id/7000000000186620,http://data.ordnancesurvey.co.uk/ontology/admingeo/UnitaryAuthority,Scotland,http://data.ordnancesurvey.co.uk/id/7000000000041429,Scotland,http://data.ordnancesurvey.co.uk/id/country/scotland,,,
osgb4000000074798749,http://data.ordnancesurvey.co.uk/id/4000000074798749,North Haven,,,,hydrography,Bay,422544,1072720,3000,150000,422285,1072431,422785,1072931,ZE2,http://data.ordnancesurvey.co.uk/id/postcodedistrict/ZE2,,,,,,,Shetland Islands,http://data.ordnancesurvey.co.uk/id/7000000000186620,http://data.ordnancesurvey.co.uk/ontology/admingeo/UnitaryAuthority,Scotland,http://data.ordnancesurvey.co.uk/id/7000000000041429,Scotland,http://data.ordnancesurvey.co.uk/id/country/scotland,,,
osgb4000000074614562,http://data.ordnancesurvey.co.uk/id/4000000074614562,Matchi Stack,,,,landform,Other Coastal Landform,420594,1073282,1000,50000,420326,1073033,420826,1073533,ZE2,http://data.ordnancesurvey.co.uk/id/postcodedistrict/ZE2,,,,,,,Shetland Islands,http://data.ordnancesurvey.co.uk/id/7000000000186620,http://data.ordnancesurvey.co.uk/ontology/admingeo/UnitaryAuthority,Scotland,http://data.ordnancesurvey.co.uk/id/7000000000041429,Scotland,http://data.ordnancesurvey.co.uk/id/country/scotland,,,
osgb4000000074749638,http://data.ordnancesurvey.co.uk/id/4000000074749638,Hundi Stack,,,,landform,Other Coastal Landform,420066,1071426,1000,20000,419789,1071176,420289,1071676,ZE2,http://data.ordnancesurvey.co.uk/id/postcodedistrict/ZE2,,,,,,,Shetland Islands,http://data.ordnancesurvey.co.uk/id/7000000000186620,http://data.ordnancesurvey.co.uk/ontology/admingeo/UnitaryAuthority,Scotland,http://data.ordnancesurvey.co.uk/id/7000000000041429,Scotland,http://data.ordnancesurvey.co.uk/id/country/scotland,,,
osgb4000000074749707,http://data.ordnancesurvey.co.uk/id/4000000074749707,South Gavel,,,,landform,Coastal Headland,422690,1071983,1000,750000,422441,1071739,422941,1072239,ZE2,http://data.ordnancesurvey.co.uk/id/postcodedistrict/ZE2,,,,,,,Shetland Islands,http://data.ordnancesurvey.co.uk/id/7000000000186620,http://data.ordnancesurvey.co.uk/ontology/admingeo/UnitaryAuthority,Scotland,http://data.ordnancesurvey.co.uk/id/7000000000041429,Scotland,http://data.ordnancesurvey.co.uk/id/country/scotland,,,
osgb4000000074749708,http://data.ordnancesurvey.co.uk/id/4000000074749708,Broken Knuckles,,,,landform,Cliff Or Slope,422733,1071969,1000,40000,422484,1071718,422984,1072218,ZE2,http://data.ordnancesurvey.co.uk/id/postcodedistrict/ZE2,,,,,,,Shetland Islands,http://data.ordnancesurvey.co.uk/id/7000000000186620,http://data.ordnancesurvey.co.uk/ontology/admingeo/UnitaryAuthority,Scotland,http://data.ordnancesurvey.co.uk/id/7000000000041429,Scotland,http://data.ordnancesurvey.co.uk/id/country/scotland,,,
osgb4000000074790741,http://data.ordnancesurvey.co.uk/id/4000000074790741,Saaverstein,,,,hydrography,Bay,421288,1073982,1000,150000,421034,1073732,421534,1074232,ZE2,http://data.ordnancesurvey.co.uk/id/postcodedistrict/ZE2,,,,,,,Shetland Islands,http://data.ordnancesurvey.co.uk/id/7000000000186620,http://data.ordnancesurvey.co.uk/ontology/admingeo/UnitaryAuthority,Scotland,http://data.ordnancesurvey.co.uk/id/7000000000041429,Scotland,http://data.ordnancesurvey.co.uk/id/country/scotland,,,
osgb4000000074608225,http://data.ordnancesurvey.co.uk/id/4000000074608225,Back Cletts,,,,landform,Other Coastal Landform,421251,1070650,1000,50000,421001,1070400,421501,1070900,ZE2,http://data.ordnancesurvey.co.uk/id/postcodedistrict/ZE2,,,,,,,Shetland Islands,http://data.ordnancesurvey.co.uk/id/7000000000186620,http://data.ordnancesurvey.co.uk/ontology/admingeo/UnitaryAuthority,Scotland,http://data.ordnancesurvey.co.uk/id/7000000000041429,Scotland,http://data.ordnancesurvey.co.uk/id/country/scotland,,,
osgb4000000074587955,http://data.ordnancesurvey.co.uk/id/4000000074587955,Udi Geo,,,,landform,Other Coastal Landform,420020,1069726,1000,15000,419771,1069476,420271,1069976,ZE2,http://data.ordnancesurvey.co.uk/id/postcodedistrict/ZE2,,,,,,,Shetland Islands,http://data.ordnancesurvey.co.uk/id/7000000000186620,http://data.ordnancesurvey.co.uk/ontology/admingeo/UnitaryAuthority,Scotland,http://data.ordnancesurvey.co.uk/id/7000000000041429,Scotland,http://data.ordnancesurvey.co.uk/id/country/scotland,,,
osgb4000000074749415,http://data.ordnancesurvey.co.uk/id/4000000074749415,Meo Ness,,,,landform,Coastal Headland,420537,1069641,1000,750000,420295,1069391,420795,1069891,ZE2,http://data.ordnancesurvey.co.uk/id/postcodedistrict/ZE2,,,,,,,Shetland Islands,http://data.ordnancesurvey.co.uk/id/7000000000186620,http://data.ordnancesurvey.co.uk/ontology/admingeo/UnitaryAuthority,Scotland,http://data.ordnancesurvey.co.uk/id/7000000000041429,Scotland,http://data.ordnancesurvey.co.uk/id/country/scotland,,,
osgb4000000074749709,http://data.ordnancesurvey.co.uk/id/4000000074749709,Skervalie,,,,landform,Other Coastal Landform,422748,1072475,1000,20000,422494,1072225,422994,1072725,ZE2,http://data.ordnancesurvey.co.uk/id/postcodedistrict/ZE2,,,,,,,Shetland Islands,http://data.ordnancesurvey.co.uk/id/7000000000186620,http://data.ordnancesurvey.co.uk/ontology/admingeo/UnitaryAuthority,Scotland,http://data.ordnancesurvey.co.uk/id/7000000000041429,Scotland,http://data.ordnancesurvey.co.uk/id/country/scotland,,,
osgb4000000074749412,http://data.ordnancesurvey.co.uk/id/4000000074749412,Heuberg,,,,landform,Other Coastal Landform,420976,1069898,1000,20000,420726,1069648,421226,1070148,ZE2,http://data.ordnancesurvey.co.uk/id/postcodedistrict/ZE2,,,,,,,Shetland Islands,http://data.ordnancesurvey.co.uk/id/7000000000186620,http://data.ordnancesurvey.co.uk/ontology/admingeo/UnitaryAuthority,Scotland,http://data.ordnancesurvey.co.uk/id/7000000000041429,Scotland,http://data.ordnancesurvey.co.uk/id/country/scotland,,,
osgb4000000074614190,http://data.ordnancesurvey.co.uk/id/4000000074614190,Scarfi Stack,,,,landform,Other Coastal Landform,420165,1069738,1000,50000,419915,1069488,420415,1069988,ZE2,http://data.ordnancesurvey.co.uk/id/postcodedistrict/ZE2,,,,,,,Shetland Islands,http://data.ordnancesurvey.co.uk/id/7000000000186620,http://data.ordnancesurvey.co.uk/ontology/admingeo/UnitaryAuthority,Scotland,http://data.ordnancesurvey.co.uk/id/7000000000041429,Scotland,http://data.ordnancesurvey.co.uk/id/country/scotland,,,
osgb4000000074798747,http://data.ordnancesurvey.co.uk/id/4000000074798747,South Harbour,,,,hydrography,Tidal Water,420204,1069531,5000,150000,419813,1069138,420596,1069968,ZE2,http://data.ordnancesurvey.co.uk/id/postcodedistrict/ZE2,,,,,,,Shetland Islands,http://data.ordnancesurvey.co.uk/id/7000000000186620,http://data.ordnancesurvey.co.uk/ontology/admingeo/UnitaryAuthority,Scotland,http://data.ordnancesurvey.co.uk/id/7000000000041429,Scotland,http://data.ordnancesurvey.co.uk/id/country/scotland,,,
osgb4000000074785228,http://data.ordnancesurvey.co.uk/id/4000000074785228,The Hilliers,,,,hydrography,Channel,422035,1070838,1000,100000,421786,1070585,422286,1071085,ZE2,http://data.ordnancesurvey.co.uk/id/postcodedistrict/ZE2,,,,,,,Shetland Islands,http://data.ordnancesurvey.co.uk/id/7000000000186620,http://data.ordnancesurvey.co.uk/ontology/admingeo/UnitaryAuthority,Scotland,http://data.ordnancesurvey.co.uk/id/7000000000041429,Scotland,http://data.ordnancesurvey.co.uk/id/country/scotland,,,
osgb4000000074785274,http://data.ordnancesurvey.co.uk/id/4000000074785274,Haswalls,,,,hydrography,Tidal Water,421312,1071201,1000,150000,421062,1070953,421562,1071453,ZE2,http://data.ordnancesurvey.co.uk/id/postcodedistrict/ZE2,,,,,,,Shetland Islands,http://data.ordnancesurvey.co.uk/id/7000000000186620,http://data.ordnancesurvey.co.uk/ontology/admingeo/UnitaryAuthority,Scotland,http://data.ordnancesurvey.co.uk/id/7000000000041429,Scotland,http://data.ordnancesurvey.co.uk/id/country/scotland,,,
osgb4000000074785242,http://data.ordnancesurvey.co.uk/id/4000000074785242,Sloagar,,,,hydrography,Channel,422766,1072406,1000,100000,422493,1072156,422993,1072656,ZE2,http://data.ordnancesurvey.co.uk/id/postcodedistrict/ZE2,,,,,,,Shetland Islands,http://data.ordnancesurvey.co.uk/id/7000000000186620,http://data.ordnancesurvey.co.uk/ontology/admingeo/UnitaryAuthority,Scotland,http://data.ordnancesurvey.co.uk/id/7000000000041429,Scotland,http://data.ordnancesurvey.co.uk/id/country/scotland,,,
osgb4000000074785240,http://data.ordnancesurvey.co.uk/id/4000000074785240,Bight of South Haven,,,,hydrography,Bay,422261,1071993,6000,150000,421835,1071584,422688,1072402,ZE2,http://data.ordnancesurvey.co.uk/id/postcodedistrict/ZE2,,,,,,,Shetland Islands,http://data.ordnancesurvey.co.uk/id/7000000000186620,http://data.ordnancesurvey.co.uk/ontology/admingeo/UnitaryAuthority,Scotland,http://data.ordnancesurvey.co.uk/id/7000000000041429,Scotland,http://data.ordnancesurvey.co.uk/id/country/scotland,,,
osgb4000000074608656,http://data.ordnancesurvey.co.uk/id/4000000074608656,Breiti Stack,,,,landform,Other Coastal Landform,420117,1072505,1000,50000,419867,1072253,420367,1072753,ZE2,http://data.ordnancesurvey.co.uk/id/postcodedistrict/ZE2,,,,,,,Shetland Islands,http://data.ordnancesurvey.co.uk/id/7000000000186620,http://data.ordnancesurvey.co.uk/ontology/admingeo/UnitaryAuthority,Scotland,http://data.ordnancesurvey.co.uk/id/7000000000041429,Scotland,http://data.ordnancesurvey.co.uk/id/country/scotland,,,
osgb4000000074789973,http://data.ordnancesurvey.co.uk/id/4000000074789973,Golden Water,,,,hydrography,Inland Water,422138,1073698,1000,500000,421888,1073448,422388,1073948,ZE2,http://data.ordnancesurvey.co.uk/id/postcodedistrict/ZE2,,,,,,,Shetland Islands,http://data.ordnancesurvey.co.uk/id/7000000000186620,http://data.ordnancesurvey.co.uk/ontology/admingeo/UnitaryAuthority,Scotland,http://data.ordnancesurvey.co.uk/id/7000000000041429,Scotland,http://data.ordnancesurvey.co.uk/id/country/scotland,,,
osgb4000000074587691,http://data.ordnancesurvey.co.uk/id/4000000074587691,Troila Geo,,,,landform,Other Coastal Landform,420202,1072335,1000,15000,420002,1072085,420502,1072585,ZE2,http://data.ordnancesurvey.co.uk/id/postcodedistrict/ZE2,,,,,,,Shetland Islands,http://data.ordnancesurvey.co.uk/id/7000000000186620,http://data.ordnancesurvey.co.uk/ontology/admingeo/UnitaryAuthority,Scotland,http://data.ordnancesurvey.co.uk/id/7000000000041429,Scotland,http://data.ordnancesurvey.co.uk/id/country/scotland,,,
osgb4000000074749911,http://data.ordnancesurvey.co.uk/id/4000000074749911,Colsta,,,,landform,Coastal Headland,420295,1072191,2000,750000,420051,1071941,420551,1072441,ZE2,http://data.ordnancesurvey.co.uk/id/postcodedistrict/ZE2,,,,,,,Shetland Islands,http://data.ordnancesurvey.co.uk/id/7000000000186620,http://data.ordnancesurvey.co.uk/ontology/admingeo/UnitaryAuthority,Scotland,http://data.ordnancesurvey.co.uk/id/7000000000041429,Scotland,http://data.ordnancesurvey.co.uk/id/country/scotland,,,
osgb4000000074623654,http://data.ordnancesurvey.co.uk/id/4000000074623654,Sheep Rock,,,,landform,Hill Or Mountain,421977,1071027,1000,300000,421727,1070777,422227,1071277,ZE2,http://data.ordnancesurvey.co.uk/id/postcodedistrict/ZE2,,,,,,,Shetland Islands,http://data.ordnancesurvey.co.uk/id/7000000000186620,http://data.ordnancesurvey.co.uk/ontology/admingeo/UnitaryAuthority,Scotland,http://data.ordnancesurvey.co.uk/id/7000000000041429,Scotland,http://data.ordnancesurvey.co.uk/id/country/scotland,,,
osgb4000000074785247,http://data.ordnancesurvey.co.uk/id/4000000074785247,Wick of Furse,,,,hydrography,Bay,422208,1073005,4000,150000,421949,1072707,422449,1073293,ZE2,http://data.ordnancesurvey.co.uk/id/postcodedistrict/ZE2,,,,,,,Shetland Islands,http://data.ordnancesurvey.co.uk/id/7000000000186620,http://data.ordnancesurvey.co.uk/ontology/admingeo/UnitaryAuthority,Scotland,http://data.ordnancesurvey.co.uk/id/7000000000041429,Scotland,http://data.ordnancesurvey.co.uk/id/country/scotland,,,
osgb4000000074732879,http://data.ordnancesurvey.co.uk/id/4000000074732879,Sukka Moor,,,,landcover,Other Landcover,420848,1072164,3000,1300000,420598,1071984,421098,1072484,ZE2,http://data.ordnancesurvey.co.uk/id/postcodedistrict/ZE2,,,,,,,Shetland Islands,http://data.ordnancesurvey.co.uk/id/7000000000186620,http://data.ordnancesurvey.co.uk/ontology/admingeo/UnitaryAuthority,Scotland,http://data.ordnancesurvey.co.uk/id/7000000000041429,Scotland,http://data.ordnancesurvey.co.uk/id/country/scotland,,,
osgb4000000074749641,http://data.ordnancesurvey.co.uk/id/4000000074749641,Muckle Geo of Hoini,,,,landform,Other Coastal Landform,420020,1071896,1000,15000,419767,1071646,420267,1072146,ZE2,http://data.ordnancesurvey.co.uk/id/postcodedistrict/ZE2,,,,,,,Shetland Islands,http://data.ordnancesurvey.co.uk/id/7000000000186620,http://data.ordnancesurvey.co.uk/ontology/admingeo/UnitaryAuthority,Scotland,http://data.ordnancesurvey.co.uk/id/7000000000041429,Scotland,http://data.ordnancesurvey.co.uk/id/country/scotland,,,
osgb4000000074785259,http://data.ordnancesurvey.co.uk/id/4000000074785259,Easter Loder,,,,hydrography,Tidal Water,421639,1073974,1000,150000,421398,1073724,421898,1074224,ZE2,http://data.ordnancesurvey.co.uk/id/postcodedistrict/ZE2,,,,,,,Shetland Islands,http://data.ordnancesurvey.co.uk/id/7000000000186620,http://data.ordnancesurvey.co.uk/ontology/admingeo/UnitaryAuthority,Scotland,http://data.ordnancesurvey.co.uk/id/7000000000041429,Scotland,http://data.ordnancesurvey.co.uk/id/country/scotland,,,
osgb4000000074798748,http://data.ordnancesurvey.co.uk/id/4000000074798748,South Haven,,,,hydrography,Bay,422380,1072185,4000,150000,422125,1071867,422627,1072417,ZE2,http://data.ordnancesurvey.co.uk/id/postcodedistrict/ZE2,,,,,,,Shetland Islands,http://data.ordnancesurvey.co.uk/id/7000000000186620,http://data.ordnancesurvey.co.uk/ontology/admingeo/UnitaryAuthority,Scotland,http://data.ordnancesurvey.co.uk/id/7000000000041429,Scotland,http://data.ordnancesurvey.co.uk/id/country/scotland,,,
osgb4000000074749491,http://data.ordnancesurvey.co.uk/id/4000000074749491,North Whaleback,,,,landform,Other Coastal Landform,421236,1070406,1000,20000,420987,1070146,421487,1070646,ZE2,http://data.ordnancesurvey.co.uk/id/postcodedistrict/ZE2,,,,,,,Shetland Islands,http://data.ordnancesurvey.co.uk/id/7000000000186620,http://data.ordnancesurvey.co.uk/ontology/admingeo/UnitaryAuthority,Scotland,http://data.ordnancesurvey.co.uk/id/7000000000041429,Scotland,http://data.ordnancesurvey.co.uk/id/country/scotland,,,
osgb4000000074614565,http://data.ordnancesurvey.co.uk/id/4000000074614565,The Fless,,,,landform,Other Coastal Landform,421262,1069957,1000,50000,421007,1069708,421507,1070208,ZE2,http://data.ordnancesurvey.co.uk/id/postcodedistrict/ZE2,,,,,,,Shetland Islands,http://data.ordnancesurvey.co.uk/id/7000000000186620,http://data.ordnancesurvey.co.uk/ontology/admingeo/UnitaryAuthority,Scotland,http://data.ordnancesurvey.co.uk/id/7000000000041429,Scotland,http://data.ordnancesurvey.co.uk/id/country/scotland,,,
osgb4000000073338347,http://data.ordnancesurvey.co.uk/id/4000000073338347,Fair Isle Primary School,,,,other,Primary Education,420801,1070962,1000,50000,420551,1070720,421051,1071220,ZE2,http://data.ordnancesurvey.co.uk/id/postcodedistrict/ZE2,,,,,,,Shetland Islands,http://data.ordnancesurvey.co.uk/id/7000000000186620,http://data.ordnancesurvey.co.uk/ontology/admingeo/UnitaryAuthority,Scotland,http://data.ordnancesurvey.co.uk/id/7000000000041429,Scotland,http://data.ordnancesurvey.co.uk/id/country/scotland,,,
osgb5000005229884716,http://data.ordnancesurvey.co.uk/id/5000005229884716,North Haven Pier,,,,transportNetwork,Vehicular Ferry Terminal,422528,1072506,1000,50000,422279,1072260,422779,1072760,ZE2,http://data.ordnancesurvey.co.uk/id/postcodedistrict/ZE2,,,,,,,Shetland Islands,http://data.ordnancesurvey.co.uk/id/7000000000186620,http://data.ordnancesurvey.co.uk/ontology/admingeo/UnitaryAuthority,Scotland,http://data.ordnancesurvey.co.uk/id/7000000000041429,Scotland,http://data.ordnancesurvey.co.uk/id/country/scotland,,,
osgb5000000074172039,http://data.ordnancesurvey.co.uk/id/5000000074172039,Fair Isle Airport,,,,transportNetwork,Airfield,421123,1072135,3000,50000,420873,1071906,421373,1072406,ZE2,http://data.ordnancesurvey.co.uk/id/postcodedistrict/ZE2,,,,,,,Shetland Islands,http://data.ordnancesurvey.co.uk/id/7000000000186620,http://data.ordnancesurvey.co.uk/ontology/admingeo/UnitaryAuthority,Scotland,http://data.ordnancesurvey.co.uk/id/7000000000041429,Scotland,http://data.ordnancesurvey.co.uk/id/country/scotland,,,
osgb4000000074715303,http://data.ordnancesurvey.co.uk/id/4000000074715303,Kame of Fair-hillier,,,,landform,Other Coastal Landform,421248,1070993,1000,20000,420997,1070743,421497,1071243,ZE2,http://data.ordnancesurvey.co.uk/id/postcodedistrict/ZE2,,,,,,,Shetland Islands,http://data.ordnancesurvey.co.uk/id/7000000000186620,http://data.ordnancesurvey.co.uk/ontology/admingeo/UnitaryAuthority,Scotland,http://data.ordnancesurvey.co.uk/id/7000000000041429,Scotland,http://data.ordnancesurvey.co.uk/id/country/scotland,,,
osgb4000000074785230,http://data.ordnancesurvey.co.uk/id/4000000074785230,Stroms Hilliers,,,,hydrography,Bay,421184,1070088,1000,150000,420934,1069838,421434,1070338,ZE2,http://data.ordnancesurvey.co.uk/id/postcodedistrict/ZE2,,,,,,,Shetland Islands,http://data.ordnancesurvey.co.uk/id/7000000000186620,http://data.ordnancesurvey.co.uk/ontology/admingeo/UnitaryAuthority,Scotland,http://data.ordnancesurvey.co.uk/id/7000000000041429,Scotland,http://data.ordnancesurvey.co.uk/id/country/scotland,,,
osgb4000000074749357,http://data.ordnancesurvey.co.uk/id/4000000074749357,South Whaleback,,,,landform,Other Coastal Landform,421137,1070267,1000,20000,420892,1070018,421392,1070518,ZE2,http://data.ordnancesurvey.co.uk/id/postcodedistrict/ZE2,,,,,,,Shetland Islands,http://data.ordnancesurvey.co.uk/id/7000000000186620,http://data.ordnancesurvey.co.uk/ontology/admingeo/UnitaryAuthority,Scotland,http://data.ordnancesurvey.co.uk/id/7000000000041429,Scotland,http://data.ordnancesurvey.co.uk/id/country/scotland,,,
osgb4000000074785231,http://data.ordnancesurvey.co.uk/id/4000000074785231,Croo of Meoness,,,,hydrography,Tidal Water,420588,1069594,1000,150000,420334,1069346,420834,1069846,ZE2,http://data.ordnancesurvey.co.uk/id/postcodedistrict/ZE2,,,,,,,Shetland Islands,http://data.ordnancesurvey.co.uk/id/7000000000186620,http://data.ordnancesurvey.co.uk/ontology/admingeo/UnitaryAuthority,Scotland,http://data.ordnancesurvey.co.uk/id/7000000000041429,Scotland,http://data.ordnancesurvey.co.uk/id/country/scotland,,,
osgb4000000074749771,http://data.ordnancesurvey.co.uk/id/4000000074749771,South Restensgeo,,,,landform,Other Coastal Landform,422038,1072951,1000,15000,421789,1072704,422289,1073204,ZE2,http://data.ordnancesurvey.co.uk/id/postcodedistrict/ZE2,,,,,,,Shetland Islands,http://data.ordnancesurvey.co.uk/id/7000000000186620,http://data.ordnancesurvey.co.uk/ontology/admingeo/UnitaryAuthority,Scotland,http://data.ordnancesurvey.co.uk/id/7000000000041429,Scotland,http://data.ordnancesurvey.co.uk/id/country/scotland,,,
osgb4000000074749635,http://data.ordnancesurvey.co.uk/id/4000000074749635,Reeva,,,,landform,Coastal Headland,420066,1070942,2000,750000,419816,1070683,420316,1071183,ZE2,http://data.ordnancesurvey.co.uk/id/postcodedistrict/ZE2,,,,,,,Shetland Islands,http://data.ordnancesurvey.co.uk/id/7000000000186620,http://data.ordnancesurvey.co.uk/ontology/admingeo/UnitaryAuthority,Scotland,http://data.ordnancesurvey.co.uk/id/7000000000041429,Scotland,http://data.ordnancesurvey.co.uk/id/country/scotland,,,
osgb4000000074760840,http://data.ordnancesurvey.co.uk/id/4000000074760840,Landberg Rock,,,,landform,Other Coastal Landform,422254,1072148,1000,50000,422005,1071899,422505,1072399,ZE2,http://data.ordnancesurvey.co.uk/id/postcodedistrict/ZE2,,,,,,,Shetland Islands,http://data.ordnancesurvey.co.uk/id/7000000000186620,http://data.ordnancesurvey.co.uk/ontology/admingeo/UnitaryAuthority,Scotland,http://data.ordnancesurvey.co.uk/id/7000000000041429,Scotland,http://data.ordnancesurvey.co.uk/id/country/scotland,,,
