﻿osgb4000000074556336,http://data.ordnancesurvey.co.uk/id/4000000074556336,Sheigra,,,,populatedPlace,Hamlet,218780,960413,5000,25000,218573,960295,219073,960795,IV27,http://data.ordnancesurvey.co.uk/id/postcodedistrict/IV27,,,,,,,Highland,http://data.ordnancesurvey.co.uk/id/7000000000186625,http://data.ordnancesurvey.co.uk/ontology/admingeo/UnitaryAuthority,Scotland,http://data.ordnancesurvey.co.uk/id/7000000000041429,Scotland,http://data.ordnancesurvey.co.uk/id/country/scotland,,,http://sws.geonames.org/2638073
osgb4000000074556335,http://data.ordnancesurvey.co.uk/id/4000000074556335,Blairmore,,,,populatedPlace,Hamlet,219471,960043,5000,25000,219401,959654,220059,960154,IV27,http://data.ordnancesurvey.co.uk/id/postcodedistrict/IV27,,,,,,,Highland,http://data.ordnancesurvey.co.uk/id/7000000000186625,http://data.ordnancesurvey.co.uk/ontology/admingeo/UnitaryAuthority,Scotland,http://data.ordnancesurvey.co.uk/id/7000000000041429,Scotland,http://data.ordnancesurvey.co.uk/id/country/scotland,,"http://dbpedia.org/resource/Blairmore,_Sutherland",
osgb4000000074336614,http://data.ordnancesurvey.co.uk/id/4000000074336614,Balchrick,eng,Baile a Chnuic,gla,populatedPlace,Hamlet,219154,960000,5000,25000,218847,959712,219347,960212,IV27,http://data.ordnancesurvey.co.uk/id/postcodedistrict/IV27,,,,,,,Highland,http://data.ordnancesurvey.co.uk/id/7000000000186625,http://data.ordnancesurvey.co.uk/ontology/admingeo/UnitaryAuthority,Scotland,http://data.ordnancesurvey.co.uk/id/7000000000041429,Scotland,http://data.ordnancesurvey.co.uk/id/country/scotland,,http://dbpedia.org/resource/Balchrick,
osgb4000000074800068,http://data.ordnancesurvey.co.uk/id/4000000074800068,Loch Poll a' Mhurain,,,,hydrography,Inland Water,218777,961758,1000,500000,218528,961508,219028,962008,IV27,http://data.ordnancesurvey.co.uk/id/postcodedistrict/IV27,,,,,,,Highland,http://data.ordnancesurvey.co.uk/id/7000000000186625,http://data.ordnancesurvey.co.uk/ontology/admingeo/UnitaryAuthority,Scotland,http://data.ordnancesurvey.co.uk/id/7000000000041429,Scotland,http://data.ordnancesurvey.co.uk/id/country/scotland,,,
osgb4000000074751929,http://data.ordnancesurvey.co.uk/id/4000000074751929,Creag Mhic Iain,,,,landform,Cliff Or Slope,218568,961884,5000,40000,218318,961760,218818,962555,IV27,http://data.ordnancesurvey.co.uk/id/postcodedistrict/IV27,,,,,,,Highland,http://data.ordnancesurvey.co.uk/id/7000000000186625,http://data.ordnancesurvey.co.uk/ontology/admingeo/UnitaryAuthority,Scotland,http://data.ordnancesurvey.co.uk/id/7000000000041429,Scotland,http://data.ordnancesurvey.co.uk/id/country/scotland,,,
osgb4000000074748708,http://data.ordnancesurvey.co.uk/id/4000000074748708,Na Stacain,,,,landform,Other Coastal Landform,218053,960428,1000,20000,217798,960179,218298,960679,IV27,http://data.ordnancesurvey.co.uk/id/postcodedistrict/IV27,,,,,,,Highland,http://data.ordnancesurvey.co.uk/id/7000000000186625,http://data.ordnancesurvey.co.uk/ontology/admingeo/UnitaryAuthority,Scotland,http://data.ordnancesurvey.co.uk/id/7000000000041429,Scotland,http://data.ordnancesurvey.co.uk/id/country/scotland,,,
osgb4000000074800067,http://data.ordnancesurvey.co.uk/id/4000000074800067,Lochain nan Sac,,,,hydrography,Inland Water,219827,962441,2000,500000,219577,962156,220077,962656,IV27,http://data.ordnancesurvey.co.uk/id/postcodedistrict/IV27,,,,,,,Highland,http://data.ordnancesurvey.co.uk/id/7000000000186625,http://data.ordnancesurvey.co.uk/ontology/admingeo/UnitaryAuthority,Scotland,http://data.ordnancesurvey.co.uk/id/7000000000041429,Scotland,http://data.ordnancesurvey.co.uk/id/country/scotland,,,
osgb4000000074750514,http://data.ordnancesurvey.co.uk/id/4000000074750514,Rubh' an Fhir Lèithe,,,,landform,Coastal Headland,218908,963432,2000,750000,218669,963182,219169,963682,IV27,http://data.ordnancesurvey.co.uk/id/postcodedistrict/IV27,,,,,,,Highland,http://data.ordnancesurvey.co.uk/id/7000000000186625,http://data.ordnancesurvey.co.uk/ontology/admingeo/UnitaryAuthority,Scotland,http://data.ordnancesurvey.co.uk/id/7000000000041429,Scotland,http://data.ordnancesurvey.co.uk/id/country/scotland,,,
osgb4000000074715166,http://data.ordnancesurvey.co.uk/id/4000000074715166,Geodh' a' Chobhair,,,,landform,Other Coastal Landform,217936,960028,1000,15000,217701,959779,218201,960279,IV27,http://data.ordnancesurvey.co.uk/id/postcodedistrict/IV27,,,,,,,Highland,http://data.ordnancesurvey.co.uk/id/7000000000186625,http://data.ordnancesurvey.co.uk/ontology/admingeo/UnitaryAuthority,Scotland,http://data.ordnancesurvey.co.uk/id/7000000000041429,Scotland,http://data.ordnancesurvey.co.uk/id/country/scotland,,,
osgb4000000074800367,http://data.ordnancesurvey.co.uk/id/4000000074800367,Loch a' Chreadha,,,,hydrography,Inland Water,218624,961272,1000,500000,218374,961026,218874,961526,IV27,http://data.ordnancesurvey.co.uk/id/postcodedistrict/IV27,,,,,,,Highland,http://data.ordnancesurvey.co.uk/id/7000000000186625,http://data.ordnancesurvey.co.uk/ontology/admingeo/UnitaryAuthority,Scotland,http://data.ordnancesurvey.co.uk/id/7000000000041429,Scotland,http://data.ordnancesurvey.co.uk/id/country/scotland,,,
osgb4000000074602930,http://data.ordnancesurvey.co.uk/id/4000000074602930,Cnoc Poll a' Mhurain,,,,landform,Hill Or Mountain,219387,961708,1000,300000,219137,961458,219637,961958,IV27,http://data.ordnancesurvey.co.uk/id/postcodedistrict/IV27,,,,,,,Highland,http://data.ordnancesurvey.co.uk/id/7000000000186625,http://data.ordnancesurvey.co.uk/ontology/admingeo/UnitaryAuthority,Scotland,http://data.ordnancesurvey.co.uk/id/7000000000041429,Scotland,http://data.ordnancesurvey.co.uk/id/country/scotland,,,
osgb4000000074786830,http://data.ordnancesurvey.co.uk/id/4000000074786830,Caolas-nan Stacan,,,,hydrography,Channel,217907,960293,2000,100000,217701,960043,218201,960543,IV27,http://data.ordnancesurvey.co.uk/id/postcodedistrict/IV27,,,,,,,Highland,http://data.ordnancesurvey.co.uk/id/7000000000186625,http://data.ordnancesurvey.co.uk/ontology/admingeo/UnitaryAuthority,Scotland,http://data.ordnancesurvey.co.uk/id/7000000000041429,Scotland,http://data.ordnancesurvey.co.uk/id/country/scotland,,,
osgb4000000074750513,http://data.ordnancesurvey.co.uk/id/4000000074750513,Geodh' Gorm,,,,landform,Other Coastal Landform,218745,963332,1000,15000,218493,963082,218993,963582,IV27,http://data.ordnancesurvey.co.uk/id/postcodedistrict/IV27,,,,,,,Highland,http://data.ordnancesurvey.co.uk/id/7000000000186625,http://data.ordnancesurvey.co.uk/ontology/admingeo/UnitaryAuthority,Scotland,http://data.ordnancesurvey.co.uk/id/7000000000041429,Scotland,http://data.ordnancesurvey.co.uk/id/country/scotland,,,
osgb4000000074602932,http://data.ordnancesurvey.co.uk/id/4000000074602932,Cnoc an Staca,,,,landform,Hill Or Mountain,218435,961100,1000,300000,218185,960850,218685,961350,IV27,http://data.ordnancesurvey.co.uk/id/postcodedistrict/IV27,,,,,,,Highland,http://data.ordnancesurvey.co.uk/id/7000000000186625,http://data.ordnancesurvey.co.uk/ontology/admingeo/UnitaryAuthority,Scotland,http://data.ordnancesurvey.co.uk/id/7000000000041429,Scotland,http://data.ordnancesurvey.co.uk/id/country/scotland,,,
osgb4000000074750516,http://data.ordnancesurvey.co.uk/id/4000000074750516,Rubha nan Cùl Gheodhachan,,,,landform,Coastal Headland,219359,964127,2000,750000,219110,963912,219610,964412,IV27,http://data.ordnancesurvey.co.uk/id/postcodedistrict/IV27,,,,,,,Highland,http://data.ordnancesurvey.co.uk/id/7000000000186625,http://data.ordnancesurvey.co.uk/ontology/admingeo/UnitaryAuthority,Scotland,http://data.ordnancesurvey.co.uk/id/7000000000041429,Scotland,http://data.ordnancesurvey.co.uk/id/country/scotland,,,
osgb4000000074750512,http://data.ordnancesurvey.co.uk/id/4000000074750512,Rubh' a' Mhill Glaise,,,,landform,Coastal Headland,217980,960005,2000,750000,217730,959755,218230,960255,IV27,http://data.ordnancesurvey.co.uk/id/postcodedistrict/IV27,,,,,,,Highland,http://data.ordnancesurvey.co.uk/id/7000000000186625,http://data.ordnancesurvey.co.uk/ontology/admingeo/UnitaryAuthority,Scotland,http://data.ordnancesurvey.co.uk/id/7000000000041429,Scotland,http://data.ordnancesurvey.co.uk/id/country/scotland,,,
osgb4000000074814199,http://data.ordnancesurvey.co.uk/id/4000000074814199,Loch a' Chreadha,,,,hydrography,Inland Water,219250,963355,1000,500000,218998,963105,219498,963605,IV27,http://data.ordnancesurvey.co.uk/id/postcodedistrict/IV27,,,,,,,Highland,http://data.ordnancesurvey.co.uk/id/7000000000186625,http://data.ordnancesurvey.co.uk/ontology/admingeo/UnitaryAuthority,Scotland,http://data.ordnancesurvey.co.uk/id/7000000000041429,Scotland,http://data.ordnancesurvey.co.uk/id/country/scotland,,,
osgb4000000074786872,http://data.ordnancesurvey.co.uk/id/4000000074786872,Port Beag,,,,hydrography,Bay,219046,963650,3000,150000,218822,963400,219322,963900,IV27,http://data.ordnancesurvey.co.uk/id/postcodedistrict/IV27,,,,,,,Highland,http://data.ordnancesurvey.co.uk/id/7000000000186625,http://data.ordnancesurvey.co.uk/ontology/admingeo/UnitaryAuthority,Scotland,http://data.ordnancesurvey.co.uk/id/7000000000041429,Scotland,http://data.ordnancesurvey.co.uk/id/country/scotland,,,
osgb4000000074799931,http://data.ordnancesurvey.co.uk/id/4000000074799931,Loch Aisir,,,,hydrography,Inland Water,219824,960288,2000,500000,219574,960029,220074,960529,IV27,http://data.ordnancesurvey.co.uk/id/postcodedistrict/IV27,,,,,,,Highland,http://data.ordnancesurvey.co.uk/id/7000000000186625,http://data.ordnancesurvey.co.uk/ontology/admingeo/UnitaryAuthority,Scotland,http://data.ordnancesurvey.co.uk/id/7000000000041429,Scotland,http://data.ordnancesurvey.co.uk/id/country/scotland,,,
osgb4000000074586543,http://data.ordnancesurvey.co.uk/id/4000000074586543,Am Balg,,,,landform,Island,218630,966192,2000,800000,218380,965940,218880,966440,IV27,http://data.ordnancesurvey.co.uk/id/postcodedistrict/IV27,,,,,,,Highland,http://data.ordnancesurvey.co.uk/id/7000000000186625,http://data.ordnancesurvey.co.uk/ontology/admingeo/UnitaryAuthority,Scotland,http://data.ordnancesurvey.co.uk/id/7000000000041429,Scotland,http://data.ordnancesurvey.co.uk/id/country/scotland,,,
osgb4000000074786873,http://data.ordnancesurvey.co.uk/id/4000000074786873,Port Mòr,,,,hydrography,Bay,219534,964274,2000,150000,219286,964024,219786,964524,IV27,http://data.ordnancesurvey.co.uk/id/postcodedistrict/IV27,,,,,,,Highland,http://data.ordnancesurvey.co.uk/id/7000000000186625,http://data.ordnancesurvey.co.uk/ontology/admingeo/UnitaryAuthority,Scotland,http://data.ordnancesurvey.co.uk/id/7000000000041429,Scotland,http://data.ordnancesurvey.co.uk/id/country/scotland,,,
osgb4000000074799932,http://data.ordnancesurvey.co.uk/id/4000000074799932,Loch na Lerig,,,,hydrography,Inland Water,219281,960339,2000,500000,219031,960086,219531,960586,IV27,http://data.ordnancesurvey.co.uk/id/postcodedistrict/IV27,,,,,,,Highland,http://data.ordnancesurvey.co.uk/id/7000000000186625,http://data.ordnancesurvey.co.uk/ontology/admingeo/UnitaryAuthority,Scotland,http://data.ordnancesurvey.co.uk/id/7000000000041429,Scotland,http://data.ordnancesurvey.co.uk/id/country/scotland,,,
osgb4000000074800069,http://data.ordnancesurvey.co.uk/id/4000000074800069,Lochan na Leirg,,,,hydrography,Inland Water,218542,960912,1000,500000,218293,960662,218793,961162,IV27,http://data.ordnancesurvey.co.uk/id/postcodedistrict/IV27,,,,,,,Highland,http://data.ordnancesurvey.co.uk/id/7000000000186625,http://data.ordnancesurvey.co.uk/ontology/admingeo/UnitaryAuthority,Scotland,http://data.ordnancesurvey.co.uk/id/7000000000041429,Scotland,http://data.ordnancesurvey.co.uk/id/country/scotland,,,
