﻿osgb4000000074557441,http://data.ordnancesurvey.co.uk/id/4000000074557441,Klibreck,,,,populatedPlace,Hamlet,258704,934388,5000,25000,258492,934142,258992,934642,IV27,http://data.ordnancesurvey.co.uk/id/postcodedistrict/IV27,,,,,,,Highland,http://data.ordnancesurvey.co.uk/id/7000000000186625,http://data.ordnancesurvey.co.uk/ontology/admingeo/UnitaryAuthority,Scotland,http://data.ordnancesurvey.co.uk/id/7000000000041429,Scotland,http://data.ordnancesurvey.co.uk/id/country/scotland,,,http://sws.geonames.org/2645173
osgb4000000074557442,http://data.ordnancesurvey.co.uk/id/4000000074557442,Altnaharra,,,,populatedPlace,Hamlet,256859,935108,5000,25000,256672,934670,257381,935650,IV27,http://data.ordnancesurvey.co.uk/id/postcodedistrict/IV27,,,,,,,Highland,http://data.ordnancesurvey.co.uk/id/7000000000186625,http://data.ordnancesurvey.co.uk/ontology/admingeo/UnitaryAuthority,Scotland,http://data.ordnancesurvey.co.uk/id/7000000000041429,Scotland,http://data.ordnancesurvey.co.uk/id/country/scotland,,http://dbpedia.org/resource/Altnaharra,http://sws.geonames.org/2657411
IV274AB,http://data.ordnancesurvey.co.uk/id/postcodeunit/IV274AB,IV27 4AB,,,,other,Postcode,252403,924650,3500,18000,,,,,,,,,,,,,Highland,http://data.ordnancesurvey.co.uk/id/7000000000186625,http://data.ordnancesurvey.co.uk/ontology/admingeo/UnitaryAuthority,Scotland,http://data.ordnancesurvey.co.uk/id/7000000000041429,Scotland,http://data.ordnancesurvey.co.uk/id/country/scotland,,,
IV274UG,http://data.ordnancesurvey.co.uk/id/postcodeunit/IV274UG,IV27 4UG,,,,other,Postcode,256773,935229,3500,18000,,,,,,,Altnaharra,http://data.ordnancesurvey.co.uk/id/4000000074557442,http://www.ordnancesurvey.co.uk/xml/codelists/localtype.xml#hamlet,,,,Highland,http://data.ordnancesurvey.co.uk/id/7000000000186625,http://data.ordnancesurvey.co.uk/ontology/admingeo/UnitaryAuthority,Scotland,http://data.ordnancesurvey.co.uk/id/7000000000041429,Scotland,http://data.ordnancesurvey.co.uk/id/country/scotland,,,
IV274NY,http://data.ordnancesurvey.co.uk/id/postcodeunit/IV274NY,IV27 4NY,,,,other,Postcode,241385,923459,3500,18000,,,,,,,,,,,,,Highland,http://data.ordnancesurvey.co.uk/id/7000000000186625,http://data.ordnancesurvey.co.uk/ontology/admingeo/UnitaryAuthority,Scotland,http://data.ordnancesurvey.co.uk/id/7000000000041429,Scotland,http://data.ordnancesurvey.co.uk/id/country/scotland,,,
IV274AE,http://data.ordnancesurvey.co.uk/id/postcodeunit/IV274AE,IV27 4AE,,,,other,Postcode,257326,934819,3500,18000,,,,,,,Altnaharra,http://data.ordnancesurvey.co.uk/id/4000000074557442,http://www.ordnancesurvey.co.uk/xml/codelists/localtype.xml#hamlet,,,,Highland,http://data.ordnancesurvey.co.uk/id/7000000000186625,http://data.ordnancesurvey.co.uk/ontology/admingeo/UnitaryAuthority,Scotland,http://data.ordnancesurvey.co.uk/id/7000000000041429,Scotland,http://data.ordnancesurvey.co.uk/id/country/scotland,,,
IV274UF,http://data.ordnancesurvey.co.uk/id/postcodeunit/IV274UF,IV27 4UF,,,,other,Postcode,256903,935135,3500,18000,,,,,,,Altnaharra,http://data.ordnancesurvey.co.uk/id/4000000074557442,http://www.ordnancesurvey.co.uk/xml/codelists/localtype.xml#hamlet,,,,Highland,http://data.ordnancesurvey.co.uk/id/7000000000186625,http://data.ordnancesurvey.co.uk/ontology/admingeo/UnitaryAuthority,Scotland,http://data.ordnancesurvey.co.uk/id/7000000000041429,Scotland,http://data.ordnancesurvey.co.uk/id/country/scotland,,,
IV274AD,http://data.ordnancesurvey.co.uk/id/postcodeunit/IV274AD,IV27 4AD,,,,other,Postcode,253728,928220,3500,18000,,,,,,,,,,,,,Highland,http://data.ordnancesurvey.co.uk/id/7000000000186625,http://data.ordnancesurvey.co.uk/ontology/admingeo/UnitaryAuthority,Scotland,http://data.ordnancesurvey.co.uk/id/7000000000041429,Scotland,http://data.ordnancesurvey.co.uk/id/country/scotland,,,
IV274UQ,http://data.ordnancesurvey.co.uk/id/postcodeunit/IV274UQ,IV27 4UQ,,,,other,Postcode,258745,934394,3500,18000,,,,,,,Klibreck,http://data.ordnancesurvey.co.uk/id/4000000074557441,http://www.ordnancesurvey.co.uk/xml/codelists/localtype.xml#hamlet,,,,Highland,http://data.ordnancesurvey.co.uk/id/7000000000186625,http://data.ordnancesurvey.co.uk/ontology/admingeo/UnitaryAuthority,Scotland,http://data.ordnancesurvey.co.uk/id/7000000000041429,Scotland,http://data.ordnancesurvey.co.uk/id/country/scotland,,,
osgb4000000003340103,http://data.ordnancesurvey.co.uk/id/4000000003340103,Macleod Crescent,,,,transportNetwork,Named Road,256780,935245,1000,20000,256780,935223,256815,935263,IV27,http://data.ordnancesurvey.co.uk/id/postcodedistrict/IV27,Altnaharra,http://data.ordnancesurvey.co.uk/id/4000000074557442,http://www.ordnancesurvey.co.uk/xml/codelists/localtype.xml#hamlet,,,,Highland,http://data.ordnancesurvey.co.uk/id/7000000000186625,http://data.ordnancesurvey.co.uk/ontology/admingeo/UnitaryAuthority,Scotland,http://data.ordnancesurvey.co.uk/id/7000000000041429,Scotland,http://data.ordnancesurvey.co.uk/id/country/scotland,,,
osgb4000000074608821,http://data.ordnancesurvey.co.uk/id/4000000074608821,Cnoc a' Ghriama,,,,landform,Hill Or Mountain,240722,926543,1000,300000,240472,926293,240972,926793,IV27,http://data.ordnancesurvey.co.uk/id/postcodedistrict/IV27,,,,,,,Highland,http://data.ordnancesurvey.co.uk/id/7000000000186625,http://data.ordnancesurvey.co.uk/ontology/admingeo/UnitaryAuthority,Scotland,http://data.ordnancesurvey.co.uk/id/7000000000041429,Scotland,http://data.ordnancesurvey.co.uk/id/country/scotland,,,
osgb4000000074797029,http://data.ordnancesurvey.co.uk/id/4000000074797029,Lochan an Laoigh,,,,hydrography,Inland Water,250791,920055,2000,500000,250542,919788,251042,920288,IV27,http://data.ordnancesurvey.co.uk/id/postcodedistrict/IV27,,,,,,,Highland,http://data.ordnancesurvey.co.uk/id/7000000000186625,http://data.ordnancesurvey.co.uk/ontology/admingeo/UnitaryAuthority,Scotland,http://data.ordnancesurvey.co.uk/id/7000000000041429,Scotland,http://data.ordnancesurvey.co.uk/id/country/scotland,,,
osgb4000000074607966,http://data.ordnancesurvey.co.uk/id/4000000074607966,Cnoc a' Ghiubhais,,,,landform,Hill Or Mountain,254845,923846,1000,300000,254595,923596,255095,924096,IV27,http://data.ordnancesurvey.co.uk/id/postcodedistrict/IV27,,,,,,,Highland,http://data.ordnancesurvey.co.uk/id/7000000000186625,http://data.ordnancesurvey.co.uk/ontology/admingeo/UnitaryAuthority,Scotland,http://data.ordnancesurvey.co.uk/id/7000000000041429,Scotland,http://data.ordnancesurvey.co.uk/id/country/scotland,,,
osgb4000000074602913,http://data.ordnancesurvey.co.uk/id/4000000074602913,Meallan Liath Mòr,,,,landform,Hill Or Mountain,240628,932912,1000,300000,240378,932662,240878,933162,IV27,http://data.ordnancesurvey.co.uk/id/postcodedistrict/IV27,,,,,,,Highland,http://data.ordnancesurvey.co.uk/id/7000000000186625,http://data.ordnancesurvey.co.uk/ontology/admingeo/UnitaryAuthority,Scotland,http://data.ordnancesurvey.co.uk/id/7000000000041429,Scotland,http://data.ordnancesurvey.co.uk/id/country/scotland,,,
osgb4000000074604185,http://data.ordnancesurvey.co.uk/id/4000000074604185,Cnoc a' Mhaoil Ruaidh,,,,landform,Hill Or Mountain,247788,925051,1000,300000,247538,924801,248038,925301,IV27,http://data.ordnancesurvey.co.uk/id/postcodedistrict/IV27,,,,,,,Highland,http://data.ordnancesurvey.co.uk/id/7000000000186625,http://data.ordnancesurvey.co.uk/ontology/admingeo/UnitaryAuthority,Scotland,http://data.ordnancesurvey.co.uk/id/7000000000041429,Scotland,http://data.ordnancesurvey.co.uk/id/country/scotland,,,
osgb4000000074608822,http://data.ordnancesurvey.co.uk/id/4000000074608822,Cnoc Maol na Cloiche Gile,,,,landform,Hill Or Mountain,243398,928708,1000,300000,243148,928458,243648,928958,IV27,http://data.ordnancesurvey.co.uk/id/postcodedistrict/IV27,,,,,,,Highland,http://data.ordnancesurvey.co.uk/id/7000000000186625,http://data.ordnancesurvey.co.uk/ontology/admingeo/UnitaryAuthority,Scotland,http://data.ordnancesurvey.co.uk/id/7000000000041429,Scotland,http://data.ordnancesurvey.co.uk/id/country/scotland,,,
osgb4000000074801911,http://data.ordnancesurvey.co.uk/id/4000000074801911,Loch Strath Duchally,,,,hydrography,Inland Water,242263,926903,2000,500000,242099,926653,242599,927153,IV27,http://data.ordnancesurvey.co.uk/id/postcodedistrict/IV27,,,,,,,Highland,http://data.ordnancesurvey.co.uk/id/7000000000186625,http://data.ordnancesurvey.co.uk/ontology/admingeo/UnitaryAuthority,Scotland,http://data.ordnancesurvey.co.uk/id/7000000000041429,Scotland,http://data.ordnancesurvey.co.uk/id/country/scotland,,,
osgb4000000074819510,http://data.ordnancesurvey.co.uk/id/4000000074819510,Loch an Fheòir,,,,hydrography,Inland Water,249449,923897,2000,500000,249199,923599,249699,924099,IV27,http://data.ordnancesurvey.co.uk/id/postcodedistrict/IV27,,,,,,,Highland,http://data.ordnancesurvey.co.uk/id/7000000000186625,http://data.ordnancesurvey.co.uk/ontology/admingeo/UnitaryAuthority,Scotland,http://data.ordnancesurvey.co.uk/id/7000000000041429,Scotland,http://data.ordnancesurvey.co.uk/id/country/scotland,,,
osgb4000000074799739,http://data.ordnancesurvey.co.uk/id/4000000074799739,Loch nan Rath,,,,hydrography,Inland Water,240566,939288,2000,500000,240316,939038,240816,939538,IV27,http://data.ordnancesurvey.co.uk/id/postcodedistrict/IV27,,,,,,,Highland,http://data.ordnancesurvey.co.uk/id/7000000000186625,http://data.ordnancesurvey.co.uk/ontology/admingeo/UnitaryAuthority,Scotland,http://data.ordnancesurvey.co.uk/id/7000000000041429,Scotland,http://data.ordnancesurvey.co.uk/id/country/scotland,,,
osgb4000000074602495,http://data.ordnancesurvey.co.uk/id/4000000074602495,Ben Hee,,,,landform,Hill Or Mountain,242655,933943,1000,300000,242405,933693,242905,934193,IV27,http://data.ordnancesurvey.co.uk/id/postcodedistrict/IV27,,,,,,,Highland,http://data.ordnancesurvey.co.uk/id/7000000000186625,http://data.ordnancesurvey.co.uk/ontology/admingeo/UnitaryAuthority,Scotland,http://data.ordnancesurvey.co.uk/id/7000000000041429,Scotland,http://data.ordnancesurvey.co.uk/id/country/scotland,,,
osgb4000000074817126,http://data.ordnancesurvey.co.uk/id/4000000074817126,Glac Dhubh Neill,,,,landform,Valley,240700,934228,3000,800000,240304,933978,240804,934478,IV27,http://data.ordnancesurvey.co.uk/id/postcodedistrict/IV27,,,,,,,Highland,http://data.ordnancesurvey.co.uk/id/7000000000186625,http://data.ordnancesurvey.co.uk/ontology/admingeo/UnitaryAuthority,Scotland,http://data.ordnancesurvey.co.uk/id/7000000000041429,Scotland,http://data.ordnancesurvey.co.uk/id/country/scotland,,,
osgb4000000074797071,http://data.ordnancesurvey.co.uk/id/4000000074797071,Loch Dubh Cùl na Capulich,,,,hydrography,Inland Water,252874,923661,2000,500000,252612,923411,253112,923911,IV27,http://data.ordnancesurvey.co.uk/id/postcodedistrict/IV27,,,,,,,Highland,http://data.ordnancesurvey.co.uk/id/7000000000186625,http://data.ordnancesurvey.co.uk/ontology/admingeo/UnitaryAuthority,Scotland,http://data.ordnancesurvey.co.uk/id/7000000000041429,Scotland,http://data.ordnancesurvey.co.uk/id/country/scotland,,,
osgb4000000074797001,http://data.ordnancesurvey.co.uk/id/4000000074797001,Loch Gaineamhach,,,,hydrography,Inland Water,258253,924559,3000,500000,258003,924299,258503,924806,IV27,http://data.ordnancesurvey.co.uk/id/postcodedistrict/IV27,,,,,,,Highland,http://data.ordnancesurvey.co.uk/id/7000000000186625,http://data.ordnancesurvey.co.uk/ontology/admingeo/UnitaryAuthority,Scotland,http://data.ordnancesurvey.co.uk/id/7000000000041429,Scotland,http://data.ordnancesurvey.co.uk/id/country/scotland,,,
osgb4000000074630797,http://data.ordnancesurvey.co.uk/id/4000000074630797,Grummore Little Wood,,,,landcover,Woodland Or Forest,259000,935282,3000,400000,258808,935032,259308,935532,IV27,http://data.ordnancesurvey.co.uk/id/postcodedistrict/IV27,,,,,,,Highland,http://data.ordnancesurvey.co.uk/id/7000000000186625,http://data.ordnancesurvey.co.uk/ontology/admingeo/UnitaryAuthority,Scotland,http://data.ordnancesurvey.co.uk/id/7000000000041429,Scotland,http://data.ordnancesurvey.co.uk/id/country/scotland,,,
osgb4000000074797267,http://data.ordnancesurvey.co.uk/id/4000000074797267,Lochan Iain Bhuidhe,,,,hydrography,Inland Water,252934,925786,2000,500000,252763,925536,253263,926036,IV27,http://data.ordnancesurvey.co.uk/id/postcodedistrict/IV27,,,,,,,Highland,http://data.ordnancesurvey.co.uk/id/7000000000186625,http://data.ordnancesurvey.co.uk/ontology/admingeo/UnitaryAuthority,Scotland,http://data.ordnancesurvey.co.uk/id/7000000000041429,Scotland,http://data.ordnancesurvey.co.uk/id/country/scotland,,,
osgb4000000074800178,http://data.ordnancesurvey.co.uk/id/4000000074800178,Loch a' Choire Leacaich,,,,hydrography,Inland Water,244832,934484,5000,500000,244680,934132,245180,934836,IV27,http://data.ordnancesurvey.co.uk/id/postcodedistrict/IV27,,,,,,,Highland,http://data.ordnancesurvey.co.uk/id/7000000000186625,http://data.ordnancesurvey.co.uk/ontology/admingeo/UnitaryAuthority,Scotland,http://data.ordnancesurvey.co.uk/id/7000000000041429,Scotland,http://data.ordnancesurvey.co.uk/id/country/scotland,,,
osgb4000000074729494,http://data.ordnancesurvey.co.uk/id/4000000074729494,Shin Forest,,,,landcover,Other Landcover,253391,922436,95000,1300000,246516,916780,261193,928093,IV27,http://data.ordnancesurvey.co.uk/id/postcodedistrict/IV27,,,,,,,Highland,http://data.ordnancesurvey.co.uk/id/7000000000186625,http://data.ordnancesurvey.co.uk/ontology/admingeo/UnitaryAuthority,Scotland,http://data.ordnancesurvey.co.uk/id/7000000000041429,Scotland,http://data.ordnancesurvey.co.uk/id/country/scotland,,,
osgb4000000074801179,http://data.ordnancesurvey.co.uk/id/4000000074801179,Loch Eileanach,,,,hydrography,Inland Water,248312,927738,4000,500000,248062,927420,248562,928013,IV27,http://data.ordnancesurvey.co.uk/id/postcodedistrict/IV27,,,,,,,Highland,http://data.ordnancesurvey.co.uk/id/7000000000186625,http://data.ordnancesurvey.co.uk/ontology/admingeo/UnitaryAuthority,Scotland,http://data.ordnancesurvey.co.uk/id/7000000000041429,Scotland,http://data.ordnancesurvey.co.uk/id/country/scotland,,,
osgb4000000074631163,http://data.ordnancesurvey.co.uk/id/4000000074631163,Chicken Dhu Plantation,,,,landcover,Woodland Or Forest,250586,937137,9000,400000,250237,936747,251562,937526,IV27,http://data.ordnancesurvey.co.uk/id/postcodedistrict/IV27,,,,,,,Highland,http://data.ordnancesurvey.co.uk/id/7000000000186625,http://data.ordnancesurvey.co.uk/ontology/admingeo/UnitaryAuthority,Scotland,http://data.ordnancesurvey.co.uk/id/7000000000041429,Scotland,http://data.ordnancesurvey.co.uk/id/country/scotland,,,
osgb4000000074797030,http://data.ordnancesurvey.co.uk/id/4000000074797030,Loch a' Ghiubhais,,,,hydrography,Inland Water,255616,923661,2000,500000,255366,923393,255866,923893,IV27,http://data.ordnancesurvey.co.uk/id/postcodedistrict/IV27,,,,,,,Highland,http://data.ordnancesurvey.co.uk/id/7000000000186625,http://data.ordnancesurvey.co.uk/ontology/admingeo/UnitaryAuthority,Scotland,http://data.ordnancesurvey.co.uk/id/7000000000041429,Scotland,http://data.ordnancesurvey.co.uk/id/country/scotland,,,
osgb4000000074777953,http://data.ordnancesurvey.co.uk/id/4000000074777953,Cnoc Vagastie,,,,landform,Hill Or Mountain,256649,934361,1000,300000,256399,934111,256899,934611,IV27,http://data.ordnancesurvey.co.uk/id/postcodedistrict/IV27,,,,,,,Highland,http://data.ordnancesurvey.co.uk/id/7000000000186625,http://data.ordnancesurvey.co.uk/ontology/admingeo/UnitaryAuthority,Scotland,http://data.ordnancesurvey.co.uk/id/7000000000041429,Scotland,http://data.ordnancesurvey.co.uk/id/country/scotland,,,
osgb4000000074606281,http://data.ordnancesurvey.co.uk/id/4000000074606281,Meall nan Uan,,,,landform,Hill Or Mountain,256205,929470,1000,300000,255955,929220,256455,929720,IV27,http://data.ordnancesurvey.co.uk/id/postcodedistrict/IV27,,,,,,,Highland,http://data.ordnancesurvey.co.uk/id/7000000000186625,http://data.ordnancesurvey.co.uk/ontology/admingeo/UnitaryAuthority,Scotland,http://data.ordnancesurvey.co.uk/id/7000000000041429,Scotland,http://data.ordnancesurvey.co.uk/id/country/scotland,,,
osgb4000000074797365,http://data.ordnancesurvey.co.uk/id/4000000074797365,Loch na Glas-choille,,,,hydrography,Inland Water,255923,930543,6000,500000,255673,930155,256173,931020,IV27,http://data.ordnancesurvey.co.uk/id/postcodedistrict/IV27,,,,,,,Highland,http://data.ordnancesurvey.co.uk/id/7000000000186625,http://data.ordnancesurvey.co.uk/ontology/admingeo/UnitaryAuthority,Scotland,http://data.ordnancesurvey.co.uk/id/7000000000041429,Scotland,http://data.ordnancesurvey.co.uk/id/country/scotland,,,
osgb4000000074607971,http://data.ordnancesurvey.co.uk/id/4000000074607971,Cnoc an Alltain Leacaich,,,,landform,Hill Or Mountain,252254,939087,1000,300000,252004,938837,252504,939337,IV27,http://data.ordnancesurvey.co.uk/id/postcodedistrict/IV27,,,,,,,Highland,http://data.ordnancesurvey.co.uk/id/7000000000186625,http://data.ordnancesurvey.co.uk/ontology/admingeo/UnitaryAuthority,Scotland,http://data.ordnancesurvey.co.uk/id/7000000000041429,Scotland,http://data.ordnancesurvey.co.uk/id/country/scotland,,,
osgb4000000074607965,http://data.ordnancesurvey.co.uk/id/4000000074607965,Cnoc na Doire,,,,landform,Hill Or Mountain,255578,921627,1000,300000,255328,921377,255828,921877,IV27,http://data.ordnancesurvey.co.uk/id/postcodedistrict/IV27,,,,,,,Highland,http://data.ordnancesurvey.co.uk/id/7000000000186625,http://data.ordnancesurvey.co.uk/ontology/admingeo/UnitaryAuthority,Scotland,http://data.ordnancesurvey.co.uk/id/7000000000041429,Scotland,http://data.ordnancesurvey.co.uk/id/country/scotland,,,
osgb4000000074606283,http://data.ordnancesurvey.co.uk/id/4000000074606283,Cnoc Sgriodain,,,,landform,Hill Or Mountain,255246,927101,1000,300000,254996,926851,255496,927351,IV27,http://data.ordnancesurvey.co.uk/id/postcodedistrict/IV27,,,,,,,Highland,http://data.ordnancesurvey.co.uk/id/7000000000186625,http://data.ordnancesurvey.co.uk/ontology/admingeo/UnitaryAuthority,Scotland,http://data.ordnancesurvey.co.uk/id/7000000000041429,Scotland,http://data.ordnancesurvey.co.uk/id/country/scotland,,,
osgb4000000074592097,http://data.ordnancesurvey.co.uk/id/4000000074592097,Meall an Eòin,,,,landform,Hill Or Mountain,259632,929333,1000,300000,259382,929083,259882,929583,IV27,http://data.ordnancesurvey.co.uk/id/postcodedistrict/IV27,,,,,,,Highland,http://data.ordnancesurvey.co.uk/id/7000000000186625,http://data.ordnancesurvey.co.uk/ontology/admingeo/UnitaryAuthority,Scotland,http://data.ordnancesurvey.co.uk/id/7000000000041429,Scotland,http://data.ordnancesurvey.co.uk/id/country/scotland,,,
osgb4000000074720985,http://data.ordnancesurvey.co.uk/id/4000000074720985,Srath a' Chràisg,,,,landform,Valley,254290,924522,25000,800000,252341,923987,256203,925056,IV27,http://data.ordnancesurvey.co.uk/id/postcodedistrict/IV27,,,,,,,Highland,http://data.ordnancesurvey.co.uk/id/7000000000186625,http://data.ordnancesurvey.co.uk/ontology/admingeo/UnitaryAuthority,Scotland,http://data.ordnancesurvey.co.uk/id/7000000000041429,Scotland,http://data.ordnancesurvey.co.uk/id/country/scotland,,,
osgb4000000074608820,http://data.ordnancesurvey.co.uk/id/4000000074608820,Cnoc an Alaskie,,,,landform,Hill Or Mountain,249432,926806,1000,300000,249182,926556,249682,927056,IV27,http://data.ordnancesurvey.co.uk/id/postcodedistrict/IV27,,,,,,,Highland,http://data.ordnancesurvey.co.uk/id/7000000000186625,http://data.ordnancesurvey.co.uk/ontology/admingeo/UnitaryAuthority,Scotland,http://data.ordnancesurvey.co.uk/id/7000000000041429,Scotland,http://data.ordnancesurvey.co.uk/id/country/scotland,,,
osgb4000000074606705,http://data.ordnancesurvey.co.uk/id/4000000074606705,Cnoc Badan Eachainn,,,,landform,Hill Or Mountain,255738,934873,1000,300000,255488,934623,255988,935123,IV27,http://data.ordnancesurvey.co.uk/id/postcodedistrict/IV27,,,,,,,Highland,http://data.ordnancesurvey.co.uk/id/7000000000186625,http://data.ordnancesurvey.co.uk/ontology/admingeo/UnitaryAuthority,Scotland,http://data.ordnancesurvey.co.uk/id/7000000000041429,Scotland,http://data.ordnancesurvey.co.uk/id/country/scotland,,,
osgb4000000074606700,http://data.ordnancesurvey.co.uk/id/4000000074606700,Meall an Fhuarain,,,,landform,Hill Or Mountain,251333,930548,1000,300000,251083,930298,251583,930798,IV27,http://data.ordnancesurvey.co.uk/id/postcodedistrict/IV27,,,,,,,Highland,http://data.ordnancesurvey.co.uk/id/7000000000186625,http://data.ordnancesurvey.co.uk/ontology/admingeo/UnitaryAuthority,Scotland,http://data.ordnancesurvey.co.uk/id/7000000000041429,Scotland,http://data.ordnancesurvey.co.uk/id/country/scotland,,,
osgb4000000074592055,http://data.ordnancesurvey.co.uk/id/4000000074592055,Sròn an Tuirc,,,,landform,Hill Or Mountain,254143,938545,1000,300000,253893,938295,254393,938795,IV27,http://data.ordnancesurvey.co.uk/id/postcodedistrict/IV27,,,,,,,Highland,http://data.ordnancesurvey.co.uk/id/7000000000186625,http://data.ordnancesurvey.co.uk/ontology/admingeo/UnitaryAuthority,Scotland,http://data.ordnancesurvey.co.uk/id/7000000000041429,Scotland,http://data.ordnancesurvey.co.uk/id/country/scotland,,,
osgb4000000074801178,http://data.ordnancesurvey.co.uk/id/4000000074801178,Loch an Alaskie,,,,hydrography,Inland Water,247922,926776,2000,500000,247672,926511,248172,927011,IV27,http://data.ordnancesurvey.co.uk/id/postcodedistrict/IV27,,,,,,,Highland,http://data.ordnancesurvey.co.uk/id/7000000000186625,http://data.ordnancesurvey.co.uk/ontology/admingeo/UnitaryAuthority,Scotland,http://data.ordnancesurvey.co.uk/id/7000000000041429,Scotland,http://data.ordnancesurvey.co.uk/id/country/scotland,,,
osgb4000000074806510,http://data.ordnancesurvey.co.uk/id/4000000074806510,Loch an Aslaird,,,,hydrography,Inland Water,242357,936733,5000,500000,242023,936512,242690,937226,IV27,http://data.ordnancesurvey.co.uk/id/postcodedistrict/IV27,,,,,,,Highland,http://data.ordnancesurvey.co.uk/id/7000000000186625,http://data.ordnancesurvey.co.uk/ontology/admingeo/UnitaryAuthority,Scotland,http://data.ordnancesurvey.co.uk/id/7000000000041429,Scotland,http://data.ordnancesurvey.co.uk/id/country/scotland,,,
osgb4000000074607963,http://data.ordnancesurvey.co.uk/id/4000000074607963,Creag Sgoilteach,,,,landform,Hill Or Mountain,257813,924376,1000,300000,257563,924126,258063,924626,IV27,http://data.ordnancesurvey.co.uk/id/postcodedistrict/IV27,,,,,,,Highland,http://data.ordnancesurvey.co.uk/id/7000000000186625,http://data.ordnancesurvey.co.uk/ontology/admingeo/UnitaryAuthority,Scotland,http://data.ordnancesurvey.co.uk/id/7000000000041429,Scotland,http://data.ordnancesurvey.co.uk/id/country/scotland,,,
osgb4000000074630801,http://data.ordnancesurvey.co.uk/id/4000000074630801,Mudale East Shelter Belt,,,,landcover,Woodland Or Forest,253471,935702,5000,400000,253214,935329,253873,936075,IV27,http://data.ordnancesurvey.co.uk/id/postcodedistrict/IV27,,,,,,,Highland,http://data.ordnancesurvey.co.uk/id/7000000000186625,http://data.ordnancesurvey.co.uk/ontology/admingeo/UnitaryAuthority,Scotland,http://data.ordnancesurvey.co.uk/id/7000000000041429,Scotland,http://data.ordnancesurvey.co.uk/id/country/scotland,,,
osgb4000000074797232,http://data.ordnancesurvey.co.uk/id/4000000074797232,Loch an Fhuarain,,,,hydrography,Inland Water,258210,927905,2000,500000,257964,927655,258464,928155,IV27,http://data.ordnancesurvey.co.uk/id/postcodedistrict/IV27,,,,,,,Highland,http://data.ordnancesurvey.co.uk/id/7000000000186625,http://data.ordnancesurvey.co.uk/ontology/admingeo/UnitaryAuthority,Scotland,http://data.ordnancesurvey.co.uk/id/7000000000041429,Scotland,http://data.ordnancesurvey.co.uk/id/country/scotland,,,
osgb4000000074607541,http://data.ordnancesurvey.co.uk/id/4000000074607541,Meall a' Chnoic,,,,landform,Hill Or Mountain,259534,920718,1000,300000,259284,920468,259784,920968,IV27,http://data.ordnancesurvey.co.uk/id/postcodedistrict/IV27,,,,,,,Highland,http://data.ordnancesurvey.co.uk/id/7000000000186625,http://data.ordnancesurvey.co.uk/ontology/admingeo/UnitaryAuthority,Scotland,http://data.ordnancesurvey.co.uk/id/7000000000041429,Scotland,http://data.ordnancesurvey.co.uk/id/country/scotland,,,
osgb4000000074728481,http://data.ordnancesurvey.co.uk/id/4000000074728481,Ben Klibreck,,,,landform,Hill Or Mountain Ranges,258673,929078,65000,3000000,254346,924614,264355,933543,IV27,http://data.ordnancesurvey.co.uk/id/postcodedistrict/IV27,,,,,,,Highland,http://data.ordnancesurvey.co.uk/id/7000000000186625,http://data.ordnancesurvey.co.uk/ontology/admingeo/UnitaryAuthority,Scotland,http://data.ordnancesurvey.co.uk/id/7000000000041429,Scotland,http://data.ordnancesurvey.co.uk/id/country/scotland,,,
osgb4000000074801913,http://data.ordnancesurvey.co.uk/id/4000000074801913,Sùil a' Ghriama,,,,hydrography,Inland Water,241211,927919,1000,500000,240963,927669,241463,928169,IV27,http://data.ordnancesurvey.co.uk/id/postcodedistrict/IV27,,,,,,,Highland,http://data.ordnancesurvey.co.uk/id/7000000000186625,http://data.ordnancesurvey.co.uk/ontology/admingeo/UnitaryAuthority,Scotland,http://data.ordnancesurvey.co.uk/id/7000000000041429,Scotland,http://data.ordnancesurvey.co.uk/id/country/scotland,,,
osgb4000000074603766,http://data.ordnancesurvey.co.uk/id/4000000074603766,Cnoc an Laoigh,,,,landform,Hill Or Mountain,247563,920614,1000,300000,247313,920364,247813,920864,IV27,http://data.ordnancesurvey.co.uk/id/postcodedistrict/IV27,,,,,,,Highland,http://data.ordnancesurvey.co.uk/id/7000000000186625,http://data.ordnancesurvey.co.uk/ontology/admingeo/UnitaryAuthority,Scotland,http://data.ordnancesurvey.co.uk/id/7000000000041429,Scotland,http://data.ordnancesurvey.co.uk/id/country/scotland,,,
osgb4000000074630799,http://data.ordnancesurvey.co.uk/id/4000000074630799,Manse Wood,,,,landcover,Woodland Or Forest,256705,935346,5000,400000,256455,935123,256955,935842,IV27,http://data.ordnancesurvey.co.uk/id/postcodedistrict/IV27,,,,,,,Highland,http://data.ordnancesurvey.co.uk/id/7000000000186625,http://data.ordnancesurvey.co.uk/ontology/admingeo/UnitaryAuthority,Scotland,http://data.ordnancesurvey.co.uk/id/7000000000041429,Scotland,http://data.ordnancesurvey.co.uk/id/country/scotland,,,
osgb4000000074631165,http://data.ordnancesurvey.co.uk/id/4000000074631165,Barren Ridge Plantation,,,,landcover,Woodland Or Forest,251704,937547,6000,400000,251193,937273,252103,937822,IV27,http://data.ordnancesurvey.co.uk/id/postcodedistrict/IV27,,,,,,,Highland,http://data.ordnancesurvey.co.uk/id/7000000000186625,http://data.ordnancesurvey.co.uk/ontology/admingeo/UnitaryAuthority,Scotland,http://data.ordnancesurvey.co.uk/id/7000000000041429,Scotland,http://data.ordnancesurvey.co.uk/id/country/scotland,,,
osgb4000000074630800,http://data.ordnancesurvey.co.uk/id/4000000074630800,Marcia's Belt,,,,landcover,Woodland Or Forest,253326,935566,1000,400000,253076,935316,253576,935816,IV27,http://data.ordnancesurvey.co.uk/id/postcodedistrict/IV27,,,,,,,Highland,http://data.ordnancesurvey.co.uk/id/7000000000186625,http://data.ordnancesurvey.co.uk/ontology/admingeo/UnitaryAuthority,Scotland,http://data.ordnancesurvey.co.uk/id/7000000000041429,Scotland,http://data.ordnancesurvey.co.uk/id/country/scotland,,,
osgb4000000074814745,http://data.ordnancesurvey.co.uk/id/4000000074814745,Loch Gaineamhach,,,,hydrography,Inland Water,251449,925787,1000,500000,251202,925537,251702,926037,IV27,http://data.ordnancesurvey.co.uk/id/postcodedistrict/IV27,,,,,,,Highland,http://data.ordnancesurvey.co.uk/id/7000000000186625,http://data.ordnancesurvey.co.uk/ontology/admingeo/UnitaryAuthority,Scotland,http://data.ordnancesurvey.co.uk/id/7000000000041429,Scotland,http://data.ordnancesurvey.co.uk/id/country/scotland,,,
osgb4000000074592338,http://data.ordnancesurvey.co.uk/id/4000000074592338,A' Chaoirnichain,,,,landform,Hill Or Mountain,257585,928030,1000,300000,257335,927780,257835,928280,IV27,http://data.ordnancesurvey.co.uk/id/postcodedistrict/IV27,,,,,,,Highland,http://data.ordnancesurvey.co.uk/id/7000000000186625,http://data.ordnancesurvey.co.uk/ontology/admingeo/UnitaryAuthority,Scotland,http://data.ordnancesurvey.co.uk/id/7000000000041429,Scotland,http://data.ordnancesurvey.co.uk/id/country/scotland,,,
osgb4000000074607962,http://data.ordnancesurvey.co.uk/id/4000000074607962,Meall Odhar,,,,landform,Hill Or Mountain,257644,921785,1000,300000,257394,921535,257894,922035,IV27,http://data.ordnancesurvey.co.uk/id/postcodedistrict/IV27,,,,,,,Highland,http://data.ordnancesurvey.co.uk/id/7000000000186625,http://data.ordnancesurvey.co.uk/ontology/admingeo/UnitaryAuthority,Scotland,http://data.ordnancesurvey.co.uk/id/7000000000041429,Scotland,http://data.ordnancesurvey.co.uk/id/country/scotland,,,
osgb4000000074630447,http://data.ordnancesurvey.co.uk/id/4000000074630447,Lùb Ruadh Plantation,,,,landcover,Woodland Or Forest,255783,920636,16000,400000,254372,919778,256799,921494,IV27,http://data.ordnancesurvey.co.uk/id/postcodedistrict/IV27,,,,,,,Highland,http://data.ordnancesurvey.co.uk/id/7000000000186625,http://data.ordnancesurvey.co.uk/ontology/admingeo/UnitaryAuthority,Scotland,http://data.ordnancesurvey.co.uk/id/7000000000041429,Scotland,http://data.ordnancesurvey.co.uk/id/country/scotland,,,
osgb4000000074726973,http://data.ordnancesurvey.co.uk/id/4000000074726973,Coire Leacach,,,,landform,Valley,244482,934858,2000,800000,244234,934608,244734,935108,IV27,http://data.ordnancesurvey.co.uk/id/postcodedistrict/IV27,,,,,,,Highland,http://data.ordnancesurvey.co.uk/id/7000000000186625,http://data.ordnancesurvey.co.uk/ontology/admingeo/UnitaryAuthority,Scotland,http://data.ordnancesurvey.co.uk/id/7000000000041429,Scotland,http://data.ordnancesurvey.co.uk/id/country/scotland,,,
osgb4000000074800181,http://data.ordnancesurvey.co.uk/id/4000000074800181,Lochan a' Chlèirich,,,,hydrography,Inland Water,240747,936893,1000,500000,240497,936661,240997,937161,IV27,http://data.ordnancesurvey.co.uk/id/postcodedistrict/IV27,,,,,,,Highland,http://data.ordnancesurvey.co.uk/id/7000000000186625,http://data.ordnancesurvey.co.uk/ontology/admingeo/UnitaryAuthority,Scotland,http://data.ordnancesurvey.co.uk/id/7000000000041429,Scotland,http://data.ordnancesurvey.co.uk/id/country/scotland,,,
osgb4000000074797000,http://data.ordnancesurvey.co.uk/id/4000000074797000,Loch Dabhaich,,,,hydrography,Inland Water,259371,922930,1000,500000,259121,922682,259621,923182,IV27,http://data.ordnancesurvey.co.uk/id/postcodedistrict/IV27,,,,,,,Highland,http://data.ordnancesurvey.co.uk/id/7000000000186625,http://data.ordnancesurvey.co.uk/ontology/admingeo/UnitaryAuthority,Scotland,http://data.ordnancesurvey.co.uk/id/7000000000041429,Scotland,http://data.ordnancesurvey.co.uk/id/country/scotland,,,
osgb4000000074606703,http://data.ordnancesurvey.co.uk/id/4000000074606703,Ben Harrald,,,,landform,Hill Or Mountain,251796,931381,1000,300000,251546,931131,252046,931631,IV27,http://data.ordnancesurvey.co.uk/id/postcodedistrict/IV27,,,,,,,Highland,http://data.ordnancesurvey.co.uk/id/7000000000186625,http://data.ordnancesurvey.co.uk/ontology/admingeo/UnitaryAuthority,Scotland,http://data.ordnancesurvey.co.uk/id/7000000000041429,Scotland,http://data.ordnancesurvey.co.uk/id/country/scotland,,,
osgb4000000074797314,http://data.ordnancesurvey.co.uk/id/4000000074797314,Loch Bad an Loch,,,,hydrography,Inland Water,255033,928927,3000,500000,254731,928677,255233,929177,IV27,http://data.ordnancesurvey.co.uk/id/postcodedistrict/IV27,,,,,,,Highland,http://data.ordnancesurvey.co.uk/id/7000000000186625,http://data.ordnancesurvey.co.uk/ontology/admingeo/UnitaryAuthority,Scotland,http://data.ordnancesurvey.co.uk/id/7000000000041429,Scotland,http://data.ordnancesurvey.co.uk/id/country/scotland,,,
osgb4000000074721471,http://data.ordnancesurvey.co.uk/id/4000000074721471,Strath Vagastie,,,,landform,Valley,255099,931192,39000,800000,253261,927915,256936,933867,IV27,http://data.ordnancesurvey.co.uk/id/postcodedistrict/IV27,,,,,,,Highland,http://data.ordnancesurvey.co.uk/id/7000000000186625,http://data.ordnancesurvey.co.uk/ontology/admingeo/UnitaryAuthority,Scotland,http://data.ordnancesurvey.co.uk/id/7000000000041429,Scotland,http://data.ordnancesurvey.co.uk/id/country/scotland,,,
osgb4000000074630798,http://data.ordnancesurvey.co.uk/id/4000000074630798,Altnaharra Wood,,,,landcover,Woodland Or Forest,256943,934793,3000,400000,256690,934534,257215,935051,IV27,http://data.ordnancesurvey.co.uk/id/postcodedistrict/IV27,,,,,,,Highland,http://data.ordnancesurvey.co.uk/id/7000000000186625,http://data.ordnancesurvey.co.uk/ontology/admingeo/UnitaryAuthority,Scotland,http://data.ordnancesurvey.co.uk/id/7000000000041429,Scotland,http://data.ordnancesurvey.co.uk/id/country/scotland,,,
osgb4000000074645584,http://data.ordnancesurvey.co.uk/id/4000000074645584,Mudale Wood,,,,landcover,Woodland Or Forest,252944,936492,4000,400000,252659,936201,253228,936859,IV27,http://data.ordnancesurvey.co.uk/id/postcodedistrict/IV27,,,,,,,Highland,http://data.ordnancesurvey.co.uk/id/7000000000186625,http://data.ordnancesurvey.co.uk/ontology/admingeo/UnitaryAuthority,Scotland,http://data.ordnancesurvey.co.uk/id/7000000000041429,Scotland,http://data.ordnancesurvey.co.uk/id/country/scotland,,,
osgb4000000074604186,http://data.ordnancesurvey.co.uk/id/4000000074604186,Meall Odhar,,,,landform,Hill Or Mountain,244634,924457,1000,300000,244384,924207,244884,924707,IV27,http://data.ordnancesurvey.co.uk/id/postcodedistrict/IV27,,,,,,,Highland,http://data.ordnancesurvey.co.uk/id/7000000000186625,http://data.ordnancesurvey.co.uk/ontology/admingeo/UnitaryAuthority,Scotland,http://data.ordnancesurvey.co.uk/id/7000000000041429,Scotland,http://data.ordnancesurvey.co.uk/id/country/scotland,,,
osgb4000000074631162,http://data.ordnancesurvey.co.uk/id/4000000074631162,Mudale Shelter Belt,,,,landcover,Woodland Or Forest,252955,935964,2000,400000,252705,935629,253205,936129,IV27,http://data.ordnancesurvey.co.uk/id/postcodedistrict/IV27,,,,,,,Highland,http://data.ordnancesurvey.co.uk/id/7000000000186625,http://data.ordnancesurvey.co.uk/ontology/admingeo/UnitaryAuthority,Scotland,http://data.ordnancesurvey.co.uk/id/7000000000041429,Scotland,http://data.ordnancesurvey.co.uk/id/country/scotland,,,
osgb4000000074626833,http://data.ordnancesurvey.co.uk/id/4000000074626833,Fiag Plantation,,,,landcover,Woodland Or Forest,246399,925447,28000,400000,245509,923147,247289,927510,IV27,http://data.ordnancesurvey.co.uk/id/postcodedistrict/IV27,,,,,,,Highland,http://data.ordnancesurvey.co.uk/id/7000000000186625,http://data.ordnancesurvey.co.uk/ontology/admingeo/UnitaryAuthority,Scotland,http://data.ordnancesurvey.co.uk/id/7000000000041429,Scotland,http://data.ordnancesurvey.co.uk/id/country/scotland,,,
osgb4000000074797233,http://data.ordnancesurvey.co.uk/id/4000000074797233,Loch nan Uan,,,,hydrography,Inland Water,256633,929203,5000,500000,256366,928920,256901,929639,IV27,http://data.ordnancesurvey.co.uk/id/postcodedistrict/IV27,,,,,,,Highland,http://data.ordnancesurvey.co.uk/id/7000000000186625,http://data.ordnancesurvey.co.uk/ontology/admingeo/UnitaryAuthority,Scotland,http://data.ordnancesurvey.co.uk/id/7000000000041429,Scotland,http://data.ordnancesurvey.co.uk/id/country/scotland,,,
osgb4000000074592176,http://data.ordnancesurvey.co.uk/id/4000000074592176,Meall Càrr nan Ruadhag,,,,landform,Hill Or Mountain,245609,936891,1000,300000,245359,936641,245859,937141,IV27,http://data.ordnancesurvey.co.uk/id/postcodedistrict/IV27,,,,,,,Highland,http://data.ordnancesurvey.co.uk/id/7000000000186625,http://data.ordnancesurvey.co.uk/ontology/admingeo/UnitaryAuthority,Scotland,http://data.ordnancesurvey.co.uk/id/7000000000041429,Scotland,http://data.ordnancesurvey.co.uk/id/country/scotland,,,
osgb4000000074800041,http://data.ordnancesurvey.co.uk/id/4000000074800041,Loch a' Ghorm-Choire,,,,hydrography,Inland Water,244072,932998,6000,500000,243761,932465,244383,933422,IV27,http://data.ordnancesurvey.co.uk/id/postcodedistrict/IV27,,,,,,,Highland,http://data.ordnancesurvey.co.uk/id/7000000000186625,http://data.ordnancesurvey.co.uk/ontology/admingeo/UnitaryAuthority,Scotland,http://data.ordnancesurvey.co.uk/id/7000000000041429,Scotland,http://data.ordnancesurvey.co.uk/id/country/scotland,,,
osgb4000000074797367,http://data.ordnancesurvey.co.uk/id/4000000074797367,Loch Ben Harrald,,,,hydrography,Inland Water,252030,933146,5000,500000,251717,932732,252343,933502,IV27,http://data.ordnancesurvey.co.uk/id/postcodedistrict/IV27,,,,,,,Highland,http://data.ordnancesurvey.co.uk/id/7000000000186625,http://data.ordnancesurvey.co.uk/ontology/admingeo/UnitaryAuthority,Scotland,http://data.ordnancesurvey.co.uk/id/7000000000041429,Scotland,http://data.ordnancesurvey.co.uk/id/country/scotland,,,
osgb4000000074801766,http://data.ordnancesurvey.co.uk/id/4000000074801766,Loch Fiag,,,,hydrography,Inland Water,244674,929672,15000,500000,243995,928116,245353,930408,IV27,http://data.ordnancesurvey.co.uk/id/postcodedistrict/IV27,,,,,,,Highland,http://data.ordnancesurvey.co.uk/id/7000000000186625,http://data.ordnancesurvey.co.uk/ontology/admingeo/UnitaryAuthority,Scotland,http://data.ordnancesurvey.co.uk/id/7000000000041429,Scotland,http://data.ordnancesurvey.co.uk/id/country/scotland,,,
osgb4000000074606284,http://data.ordnancesurvey.co.uk/id/4000000074606284,Creag Riabhach,,,,landform,Hill Or Mountain,253337,930532,1000,300000,253087,930282,253587,930782,IV27,http://data.ordnancesurvey.co.uk/id/postcodedistrict/IV27,,,,,,,Highland,http://data.ordnancesurvey.co.uk/id/7000000000186625,http://data.ordnancesurvey.co.uk/ontology/admingeo/UnitaryAuthority,Scotland,http://data.ordnancesurvey.co.uk/id/7000000000041429,Scotland,http://data.ordnancesurvey.co.uk/id/country/scotland,,,
osgb4000000074810411,http://data.ordnancesurvey.co.uk/id/4000000074810411,Meall Meadhonach,,,,landform,Hill Or Mountain,257052,923501,1000,300000,256802,923251,257302,923751,IV27,http://data.ordnancesurvey.co.uk/id/postcodedistrict/IV27,,,,,,,Highland,http://data.ordnancesurvey.co.uk/id/7000000000186625,http://data.ordnancesurvey.co.uk/ontology/admingeo/UnitaryAuthority,Scotland,http://data.ordnancesurvey.co.uk/id/7000000000041429,Scotland,http://data.ordnancesurvey.co.uk/id/country/scotland,,,
osgb4000000074606702,http://data.ordnancesurvey.co.uk/id/4000000074606702,Meall a' Bhrollaich,,,,landform,Hill Or Mountain,258679,937095,1000,300000,258429,936845,258929,937345,IV27,http://data.ordnancesurvey.co.uk/id/postcodedistrict/IV27,,,,,,,Highland,http://data.ordnancesurvey.co.uk/id/7000000000186625,http://data.ordnancesurvey.co.uk/ontology/admingeo/UnitaryAuthority,Scotland,http://data.ordnancesurvey.co.uk/id/7000000000041429,Scotland,http://data.ordnancesurvey.co.uk/id/country/scotland,,,
osgb4000000074715810,http://data.ordnancesurvey.co.uk/id/4000000074715810,Meall Meadhonach,,,,landform,Hill Or Mountain,259865,931008,1000,300000,259615,930758,260115,931258,IV27,http://data.ordnancesurvey.co.uk/id/postcodedistrict/IV27,,,,,,,Highland,http://data.ordnancesurvey.co.uk/id/7000000000186625,http://data.ordnancesurvey.co.uk/ontology/admingeo/UnitaryAuthority,Scotland,http://data.ordnancesurvey.co.uk/id/7000000000041429,Scotland,http://data.ordnancesurvey.co.uk/id/country/scotland,,,
osgb4000000074803590,http://data.ordnancesurvey.co.uk/id/4000000074803590,Loch an Ulbhaidh,,,,hydrography,Inland Water,249198,922863,4000,500000,248949,922546,249552,923179,IV27,http://data.ordnancesurvey.co.uk/id/postcodedistrict/IV27,,,,,,,Highland,http://data.ordnancesurvey.co.uk/id/7000000000186625,http://data.ordnancesurvey.co.uk/ontology/admingeo/UnitaryAuthority,Scotland,http://data.ordnancesurvey.co.uk/id/7000000000041429,Scotland,http://data.ordnancesurvey.co.uk/id/country/scotland,,,
osgb4000000074732832,http://data.ordnancesurvey.co.uk/id/4000000074732832,Meadie Falls Plantation,,,,landcover,Other Landcover,252152,936075,6000,1300000,251799,935616,252505,936489,IV27,http://data.ordnancesurvey.co.uk/id/postcodedistrict/IV27,,,,,,,Highland,http://data.ordnancesurvey.co.uk/id/7000000000186625,http://data.ordnancesurvey.co.uk/ontology/admingeo/UnitaryAuthority,Scotland,http://data.ordnancesurvey.co.uk/id/7000000000041429,Scotland,http://data.ordnancesurvey.co.uk/id/country/scotland,,,
osgb4000000074801629,http://data.ordnancesurvey.co.uk/id/4000000074801629,Loch Poll a' Phac,,,,hydrography,Inland Water,246212,928328,2000,500000,245947,928079,246447,928579,IV27,http://data.ordnancesurvey.co.uk/id/postcodedistrict/IV27,,,,,,,Highland,http://data.ordnancesurvey.co.uk/id/7000000000186625,http://data.ordnancesurvey.co.uk/ontology/admingeo/UnitaryAuthority,Scotland,http://data.ordnancesurvey.co.uk/id/7000000000041429,Scotland,http://data.ordnancesurvey.co.uk/id/country/scotland,,,
osgb4000000074797269,http://data.ordnancesurvey.co.uk/id/4000000074797269,Loch a' Gharb-uillt,,,,hydrography,Inland Water,255766,937719,2000,500000,255517,937446,256017,937946,IV27,http://data.ordnancesurvey.co.uk/id/postcodedistrict/IV27,,,,,,,Highland,http://data.ordnancesurvey.co.uk/id/7000000000186625,http://data.ordnancesurvey.co.uk/ontology/admingeo/UnitaryAuthority,Scotland,http://data.ordnancesurvey.co.uk/id/7000000000041429,Scotland,http://data.ordnancesurvey.co.uk/id/country/scotland,,,
osgb4000000074794281,http://data.ordnancesurvey.co.uk/id/4000000074794281,Poll Garbh,,,,hydrography,Inland Water,242919,935387,1000,500000,242670,935140,243170,935640,IV27,http://data.ordnancesurvey.co.uk/id/postcodedistrict/IV27,,,,,,,Highland,http://data.ordnancesurvey.co.uk/id/7000000000186625,http://data.ordnancesurvey.co.uk/ontology/admingeo/UnitaryAuthority,Scotland,http://data.ordnancesurvey.co.uk/id/7000000000041429,Scotland,http://data.ordnancesurvey.co.uk/id/country/scotland,,,
osgb4000000074732833,http://data.ordnancesurvey.co.uk/id/4000000074732833,Bad an t-Seabhaig,,,,landcover,Other Landcover,249225,937099,16000,1300000,248205,936238,250729,937960,IV27,http://data.ordnancesurvey.co.uk/id/postcodedistrict/IV27,,,,,,,Highland,http://data.ordnancesurvey.co.uk/id/7000000000186625,http://data.ordnancesurvey.co.uk/ontology/admingeo/UnitaryAuthority,Scotland,http://data.ordnancesurvey.co.uk/id/7000000000041429,Scotland,http://data.ordnancesurvey.co.uk/id/country/scotland,,,
osgb4000000074800179,http://data.ordnancesurvey.co.uk/id/4000000074800179,Loch Coire na Saidhe Duibhe,,,,hydrography,Inland Water,244930,936102,5000,500000,244539,935749,245314,936455,IV27,http://data.ordnancesurvey.co.uk/id/postcodedistrict/IV27,,,,,,,Highland,http://data.ordnancesurvey.co.uk/id/7000000000186625,http://data.ordnancesurvey.co.uk/ontology/admingeo/UnitaryAuthority,Scotland,http://data.ordnancesurvey.co.uk/id/7000000000041429,Scotland,http://data.ordnancesurvey.co.uk/id/country/scotland,,,
osgb4000000074608819,http://data.ordnancesurvey.co.uk/id/4000000074608819,Cnoc Allt an Ulbhaidh,,,,landform,Hill Or Mountain,247347,926452,1000,300000,247097,926202,247597,926702,IV27,http://data.ordnancesurvey.co.uk/id/postcodedistrict/IV27,,,,,,,Highland,http://data.ordnancesurvey.co.uk/id/7000000000186625,http://data.ordnancesurvey.co.uk/ontology/admingeo/UnitaryAuthority,Scotland,http://data.ordnancesurvey.co.uk/id/7000000000041429,Scotland,http://data.ordnancesurvey.co.uk/id/country/scotland,,,
osgb4000000074606282,http://data.ordnancesurvey.co.uk/id/4000000074606282,Meall nan Con,,,,landform,Hill Or Mountain,258526,929916,1000,300000,258276,929666,258776,930166,IV27,http://data.ordnancesurvey.co.uk/id/postcodedistrict/IV27,,,,,,,Highland,http://data.ordnancesurvey.co.uk/id/7000000000186625,http://data.ordnancesurvey.co.uk/ontology/admingeo/UnitaryAuthority,Scotland,http://data.ordnancesurvey.co.uk/id/7000000000041429,Scotland,http://data.ordnancesurvey.co.uk/id/country/scotland,,,
osgb4000000074797271,http://data.ordnancesurvey.co.uk/id/4000000074797271,Loch an Tuirc,,,,hydrography,Inland Water,254378,939277,3000,500000,254128,938997,254628,939497,IV27,http://data.ordnancesurvey.co.uk/id/postcodedistrict/IV27,,,,,,,Highland,http://data.ordnancesurvey.co.uk/id/7000000000186625,http://data.ordnancesurvey.co.uk/ontology/admingeo/UnitaryAuthority,Scotland,http://data.ordnancesurvey.co.uk/id/7000000000041429,Scotland,http://data.ordnancesurvey.co.uk/id/country/scotland,,,
osgb4000000074721397,http://data.ordnancesurvey.co.uk/id/4000000074721397,Coire na Sigh Duibhe,,,,landform,Cirque Or Hollow,244272,935640,3000,30000,244023,935390,244523,935890,IV27,http://data.ordnancesurvey.co.uk/id/postcodedistrict/IV27,,,,,,,Highland,http://data.ordnancesurvey.co.uk/id/7000000000186625,http://data.ordnancesurvey.co.uk/ontology/admingeo/UnitaryAuthority,Scotland,http://data.ordnancesurvey.co.uk/id/7000000000041429,Scotland,http://data.ordnancesurvey.co.uk/id/country/scotland,,,
osgb4000000074732831,http://data.ordnancesurvey.co.uk/id/4000000074732831,Reidhachaisteil,,,,landcover,Other Landcover,259799,936059,4000,1300000,259549,935783,260049,936396,IV27,http://data.ordnancesurvey.co.uk/id/postcodedistrict/IV27,,,,,,,Highland,http://data.ordnancesurvey.co.uk/id/7000000000186625,http://data.ordnancesurvey.co.uk/ontology/admingeo/UnitaryAuthority,Scotland,http://data.ordnancesurvey.co.uk/id/7000000000041429,Scotland,http://data.ordnancesurvey.co.uk/id/country/scotland,,,
osgb4000000074602492,http://data.ordnancesurvey.co.uk/id/4000000074602492,Creag Dhubh Mhòr,,,,landform,Hill Or Mountain,245888,933699,1000,300000,245638,933449,246138,933949,IV27,http://data.ordnancesurvey.co.uk/id/postcodedistrict/IV27,,,,,,,Highland,http://data.ordnancesurvey.co.uk/id/7000000000186625,http://data.ordnancesurvey.co.uk/ontology/admingeo/UnitaryAuthority,Scotland,http://data.ordnancesurvey.co.uk/id/7000000000041429,Scotland,http://data.ordnancesurvey.co.uk/id/country/scotland,,,
osgb4000000074729495,http://data.ordnancesurvey.co.uk/id/4000000074729495,Mudale Forest,,,,landcover,Other Landcover,247594,931982,57000,1300000,244135,927242,251054,936013,IV27,http://data.ordnancesurvey.co.uk/id/postcodedistrict/IV27,,,,,,,Highland,http://data.ordnancesurvey.co.uk/id/7000000000186625,http://data.ordnancesurvey.co.uk/ontology/admingeo/UnitaryAuthority,Scotland,http://data.ordnancesurvey.co.uk/id/7000000000041429,Scotland,http://data.ordnancesurvey.co.uk/id/country/scotland,,,
osgb4000000074604184,http://data.ordnancesurvey.co.uk/id/4000000074604184,Cnoc an Fheòir Mhaol,,,,landform,Hill Or Mountain,249500,924818,1000,300000,249250,924568,249750,925068,IV27,http://data.ordnancesurvey.co.uk/id/postcodedistrict/IV27,,,,,,,Highland,http://data.ordnancesurvey.co.uk/id/7000000000186625,http://data.ordnancesurvey.co.uk/ontology/admingeo/UnitaryAuthority,Scotland,http://data.ordnancesurvey.co.uk/id/7000000000041429,Scotland,http://data.ordnancesurvey.co.uk/id/country/scotland,,,
osgb4000000074602491,http://data.ordnancesurvey.co.uk/id/4000000074602491,Creag Dhubh Bheag,,,,landform,Hill Or Mountain,247479,930769,1000,300000,247229,930519,247729,931019,IV27,http://data.ordnancesurvey.co.uk/id/postcodedistrict/IV27,,,,,,,Highland,http://data.ordnancesurvey.co.uk/id/7000000000186625,http://data.ordnancesurvey.co.uk/ontology/admingeo/UnitaryAuthority,Scotland,http://data.ordnancesurvey.co.uk/id/7000000000041429,Scotland,http://data.ordnancesurvey.co.uk/id/country/scotland,,,
osgb4000000074592337,http://data.ordnancesurvey.co.uk/id/4000000074592337,Meall a' Bhealaich Easaich,,,,landform,Hill Or Mountain,257115,925864,1000,300000,256865,925614,257365,926114,IV27,http://data.ordnancesurvey.co.uk/id/postcodedistrict/IV27,,,,,,,Highland,http://data.ordnancesurvey.co.uk/id/7000000000186625,http://data.ordnancesurvey.co.uk/ontology/admingeo/UnitaryAuthority,Scotland,http://data.ordnancesurvey.co.uk/id/7000000000041429,Scotland,http://data.ordnancesurvey.co.uk/id/country/scotland,,,
osgb4000000074604183,http://data.ordnancesurvey.co.uk/id/4000000074604183,Cnoc an Fheòir,,,,landform,Hill Or Mountain,249803,923466,1000,300000,249553,923216,250053,923716,IV27,http://data.ordnancesurvey.co.uk/id/postcodedistrict/IV27,,,,,,,Highland,http://data.ordnancesurvey.co.uk/id/7000000000186625,http://data.ordnancesurvey.co.uk/ontology/admingeo/UnitaryAuthority,Scotland,http://data.ordnancesurvey.co.uk/id/7000000000041429,Scotland,http://data.ordnancesurvey.co.uk/id/country/scotland,,,
osgb4000000074602493,http://data.ordnancesurvey.co.uk/id/4000000074602493,Meall na Teanga,,,,landform,Hill Or Mountain,247967,934461,1000,300000,247717,934211,248217,934711,IV27,http://data.ordnancesurvey.co.uk/id/postcodedistrict/IV27,,,,,,,Highland,http://data.ordnancesurvey.co.uk/id/7000000000186625,http://data.ordnancesurvey.co.uk/ontology/admingeo/UnitaryAuthority,Scotland,http://data.ordnancesurvey.co.uk/id/7000000000041429,Scotland,http://data.ordnancesurvey.co.uk/id/country/scotland,,,
osgb4000000074602916,http://data.ordnancesurvey.co.uk/id/4000000074602916,Meall a' Chlèirich,,,,landform,Hill Or Mountain,240729,936543,1000,300000,240479,936293,240979,936793,IV27,http://data.ordnancesurvey.co.uk/id/postcodedistrict/IV27,,,,,,,Highland,http://data.ordnancesurvey.co.uk/id/7000000000186625,http://data.ordnancesurvey.co.uk/ontology/admingeo/UnitaryAuthority,Scotland,http://data.ordnancesurvey.co.uk/id/7000000000041429,Scotland,http://data.ordnancesurvey.co.uk/id/country/scotland,,,
osgb4000000074797231,http://data.ordnancesurvey.co.uk/id/4000000074797231,Loch a' Bhealaich,,,,hydrography,Inland Water,259990,926860,14000,500000,258900,925922,261080,927307,KW11,http://data.ordnancesurvey.co.uk/id/postcodedistrict/KW11,,,,,,,Highland,http://data.ordnancesurvey.co.uk/id/7000000000186625,http://data.ordnancesurvey.co.uk/ontology/admingeo/UnitaryAuthority,Scotland,http://data.ordnancesurvey.co.uk/id/7000000000041429,Scotland,http://data.ordnancesurvey.co.uk/id/country/scotland,,,
osgb4000000074727409,http://data.ordnancesurvey.co.uk/id/4000000074727409,Coire nam Mang,,,,landform,Valley,241988,933048,6000,800000,241505,932798,242464,933298,IV27,http://data.ordnancesurvey.co.uk/id/postcodedistrict/IV27,,,,,,,Highland,http://data.ordnancesurvey.co.uk/id/7000000000186625,http://data.ordnancesurvey.co.uk/ontology/admingeo/UnitaryAuthority,Scotland,http://data.ordnancesurvey.co.uk/id/7000000000041429,Scotland,http://data.ordnancesurvey.co.uk/id/country/scotland,,,
osgb4000000074721483,http://data.ordnancesurvey.co.uk/id/4000000074721483,Coirein Easach,,,,landform,Cirque Or Hollow,240236,939762,3000,30000,239985,939513,240485,940013,IV27,http://data.ordnancesurvey.co.uk/id/postcodedistrict/IV27,,,,,,,Highland,http://data.ordnancesurvey.co.uk/id/7000000000186625,http://data.ordnancesurvey.co.uk/ontology/admingeo/UnitaryAuthority,Scotland,http://data.ordnancesurvey.co.uk/id/7000000000041429,Scotland,http://data.ordnancesurvey.co.uk/id/country/scotland,,,
osgb4000000074602915,http://data.ordnancesurvey.co.uk/id/4000000074602915,Sàil Gharbh,,,,landform,Hill Or Mountain,241289,934562,1000,300000,241039,934312,241539,934812,IV27,http://data.ordnancesurvey.co.uk/id/postcodedistrict/IV27,,,,,,,Highland,http://data.ordnancesurvey.co.uk/id/7000000000186625,http://data.ordnancesurvey.co.uk/ontology/admingeo/UnitaryAuthority,Scotland,http://data.ordnancesurvey.co.uk/id/7000000000041429,Scotland,http://data.ordnancesurvey.co.uk/id/country/scotland,,,
osgb4000000074806511,http://data.ordnancesurvey.co.uk/id/4000000074806511,Loch an t-Seilg,,,,hydrography,Inland Water,241634,936103,6000,500000,241165,935609,242086,936596,IV27,http://data.ordnancesurvey.co.uk/id/postcodedistrict/IV27,,,,,,,Highland,http://data.ordnancesurvey.co.uk/id/7000000000186625,http://data.ordnancesurvey.co.uk/ontology/admingeo/UnitaryAuthority,Scotland,http://data.ordnancesurvey.co.uk/id/7000000000041429,Scotland,http://data.ordnancesurvey.co.uk/id/country/scotland,,,
osgb4000000074604193,http://data.ordnancesurvey.co.uk/id/4000000074604193,Beinn Direach,,,,landform,Hill Or Mountain,240617,938064,1000,300000,240367,937814,240867,938314,IV27,http://data.ordnancesurvey.co.uk/id/postcodedistrict/IV27,,,,,,,Highland,http://data.ordnancesurvey.co.uk/id/7000000000186625,http://data.ordnancesurvey.co.uk/ontology/admingeo/UnitaryAuthority,Scotland,http://data.ordnancesurvey.co.uk/id/7000000000041429,Scotland,http://data.ordnancesurvey.co.uk/id/country/scotland,,,
osgb4000000074599052,http://data.ordnancesurvey.co.uk/id/4000000074599052,Coire Buidhe,,,,landform,Cirque Or Hollow,251028,939642,4000,30000,250724,939392,251329,939892,IV27,http://data.ordnancesurvey.co.uk/id/postcodedistrict/IV27,,,,,,,Highland,http://data.ordnancesurvey.co.uk/id/7000000000186625,http://data.ordnancesurvey.co.uk/ontology/admingeo/UnitaryAuthority,Scotland,http://data.ordnancesurvey.co.uk/id/7000000000041429,Scotland,http://data.ordnancesurvey.co.uk/id/country/scotland,,,
osgb4000000074797031,http://data.ordnancesurvey.co.uk/id/4000000074797031,Loch na Capulich,,,,hydrography,Inland Water,252421,922369,1000,500000,252214,922119,252714,922619,IV27,http://data.ordnancesurvey.co.uk/id/postcodedistrict/IV27,,,,,,,Highland,http://data.ordnancesurvey.co.uk/id/7000000000186625,http://data.ordnancesurvey.co.uk/ontology/admingeo/UnitaryAuthority,Scotland,http://data.ordnancesurvey.co.uk/id/7000000000041429,Scotland,http://data.ordnancesurvey.co.uk/id/country/scotland,,,
osgb4000000074606704,http://data.ordnancesurvey.co.uk/id/4000000074606704,Cnoc an t-Sabhail,,,,landform,Hill Or Mountain,252384,933785,1000,300000,252134,933535,252634,934035,IV27,http://data.ordnancesurvey.co.uk/id/postcodedistrict/IV27,,,,,,,Highland,http://data.ordnancesurvey.co.uk/id/7000000000186625,http://data.ordnancesurvey.co.uk/ontology/admingeo/UnitaryAuthority,Scotland,http://data.ordnancesurvey.co.uk/id/7000000000041429,Scotland,http://data.ordnancesurvey.co.uk/id/country/scotland,,,
osgb4000000074721398,http://data.ordnancesurvey.co.uk/id/4000000074721398,Coir' a' Chruiteir,,,,landform,Cirque Or Hollow,241478,933749,5000,30000,241095,933499,241865,933999,IV27,http://data.ordnancesurvey.co.uk/id/postcodedistrict/IV27,,,,,,,Highland,http://data.ordnancesurvey.co.uk/id/7000000000186625,http://data.ordnancesurvey.co.uk/ontology/admingeo/UnitaryAuthority,Scotland,http://data.ordnancesurvey.co.uk/id/7000000000041429,Scotland,http://data.ordnancesurvey.co.uk/id/country/scotland,,,
osgb4000000074797234,http://data.ordnancesurvey.co.uk/id/4000000074797234,Loch an Tairbh,,,,hydrography,Inland Water,256797,931192,1000,500000,256547,930958,257047,931458,IV27,http://data.ordnancesurvey.co.uk/id/postcodedistrict/IV27,,,,,,,Highland,http://data.ordnancesurvey.co.uk/id/7000000000186625,http://data.ordnancesurvey.co.uk/ontology/admingeo/UnitaryAuthority,Scotland,http://data.ordnancesurvey.co.uk/id/7000000000041429,Scotland,http://data.ordnancesurvey.co.uk/id/country/scotland,,,
osgb4000000074797268,http://data.ordnancesurvey.co.uk/id/4000000074797268,Loch an Fheòir,,,,hydrography,Inland Water,251022,925981,2000,500000,250772,925717,251272,926217,IV27,http://data.ordnancesurvey.co.uk/id/postcodedistrict/IV27,,,,,,,Highland,http://data.ordnancesurvey.co.uk/id/7000000000186625,http://data.ordnancesurvey.co.uk/ontology/admingeo/UnitaryAuthority,Scotland,http://data.ordnancesurvey.co.uk/id/7000000000041429,Scotland,http://data.ordnancesurvey.co.uk/id/country/scotland,,,
osgb4000000074778126,http://data.ordnancesurvey.co.uk/id/4000000074778126,Cnoc a' Gharb-uillt,,,,landform,Hill Or Mountain,255204,937404,1000,300000,254954,937154,255454,937654,IV27,http://data.ordnancesurvey.co.uk/id/postcodedistrict/IV27,,,,,,,Highland,http://data.ordnancesurvey.co.uk/id/7000000000186625,http://data.ordnancesurvey.co.uk/ontology/admingeo/UnitaryAuthority,Scotland,http://data.ordnancesurvey.co.uk/id/7000000000041429,Scotland,http://data.ordnancesurvey.co.uk/id/country/scotland,,,
osgb4000000074795879,http://data.ordnancesurvey.co.uk/id/4000000074795879,Easan Fhèidh,,,,hydrography,Waterfall,258603,925235,1000,15000,258353,924985,258853,925485,IV27,http://data.ordnancesurvey.co.uk/id/postcodedistrict/IV27,,,,,,,Highland,http://data.ordnancesurvey.co.uk/id/7000000000186625,http://data.ordnancesurvey.co.uk/ontology/admingeo/UnitaryAuthority,Scotland,http://data.ordnancesurvey.co.uk/id/7000000000041429,Scotland,http://data.ordnancesurvey.co.uk/id/country/scotland,,,
osgb4000000074797112,http://data.ordnancesurvey.co.uk/id/4000000074797112,Lochan na Brice Mòire,,,,hydrography,Inland Water,251092,924227,2000,500000,250842,923945,251342,924445,IV27,http://data.ordnancesurvey.co.uk/id/postcodedistrict/IV27,,,,,,,Highland,http://data.ordnancesurvey.co.uk/id/7000000000186625,http://data.ordnancesurvey.co.uk/ontology/admingeo/UnitaryAuthority,Scotland,http://data.ordnancesurvey.co.uk/id/7000000000041429,Scotland,http://data.ordnancesurvey.co.uk/id/country/scotland,,,
osgb4000000074810406,http://data.ordnancesurvey.co.uk/id/4000000074810406,Meallan Liath Beag,,,,landform,Hill Or Mountain,241366,930614,1000,300000,241116,930364,241616,930864,IV27,http://data.ordnancesurvey.co.uk/id/postcodedistrict/IV27,,,,,,,Highland,http://data.ordnancesurvey.co.uk/id/7000000000186625,http://data.ordnancesurvey.co.uk/ontology/admingeo/UnitaryAuthority,Scotland,http://data.ordnancesurvey.co.uk/id/7000000000041429,Scotland,http://data.ordnancesurvey.co.uk/id/country/scotland,,,
osgb4000000074719868,http://data.ordnancesurvey.co.uk/id/4000000074719868,Glen Fiag,,,,landform,Valley,245878,923846,36000,800000,244856,921674,246901,927194,IV27,http://data.ordnancesurvey.co.uk/id/postcodedistrict/IV27,,,,,,,Highland,http://data.ordnancesurvey.co.uk/id/7000000000186625,http://data.ordnancesurvey.co.uk/ontology/admingeo/UnitaryAuthority,Scotland,http://data.ordnancesurvey.co.uk/id/7000000000041429,Scotland,http://data.ordnancesurvey.co.uk/id/country/scotland,,,
osgb4000000074606706,http://data.ordnancesurvey.co.uk/id/4000000074606706,Cnoc Bad na Coille,,,,landform,Hill Or Mountain,253600,936573,1000,300000,253350,936323,253850,936823,IV27,http://data.ordnancesurvey.co.uk/id/postcodedistrict/IV27,,,,,,,Highland,http://data.ordnancesurvey.co.uk/id/7000000000186625,http://data.ordnancesurvey.co.uk/ontology/admingeo/UnitaryAuthority,Scotland,http://data.ordnancesurvey.co.uk/id/7000000000041429,Scotland,http://data.ordnancesurvey.co.uk/id/country/scotland,,,
osgb4000000074801916,http://data.ordnancesurvey.co.uk/id/4000000074801916,Loch a' Bhealaich Bhàin,,,,hydrography,Inland Water,241999,938715,1000,500000,241746,938465,242246,938965,IV27,http://data.ordnancesurvey.co.uk/id/postcodedistrict/IV27,,,,,,,Highland,http://data.ordnancesurvey.co.uk/id/7000000000186625,http://data.ordnancesurvey.co.uk/ontology/admingeo/UnitaryAuthority,Scotland,http://data.ordnancesurvey.co.uk/id/7000000000041429,Scotland,http://data.ordnancesurvey.co.uk/id/country/scotland,,,
osgb4000000074606280,http://data.ordnancesurvey.co.uk/id/4000000074606280,Creag an Lochain,,,,landform,Hill Or Mountain,257962,927535,1000,300000,257712,927285,258212,927785,IV27,http://data.ordnancesurvey.co.uk/id/postcodedistrict/IV27,,,,,,,Highland,http://data.ordnancesurvey.co.uk/id/7000000000186625,http://data.ordnancesurvey.co.uk/ontology/admingeo/UnitaryAuthority,Scotland,http://data.ordnancesurvey.co.uk/id/7000000000041429,Scotland,http://data.ordnancesurvey.co.uk/id/country/scotland,,,
osgb4000000074721478,http://data.ordnancesurvey.co.uk/id/4000000074721478,Strath Duchally,,,,landform,Valley,243188,926154,6000,800000,242709,925784,243661,926524,IV27,http://data.ordnancesurvey.co.uk/id/postcodedistrict/IV27,,,,,,,Highland,http://data.ordnancesurvey.co.uk/id/7000000000186625,http://data.ordnancesurvey.co.uk/ontology/admingeo/UnitaryAuthority,Scotland,http://data.ordnancesurvey.co.uk/id/7000000000041429,Scotland,http://data.ordnancesurvey.co.uk/id/country/scotland,,,
osgb4000000074801336,http://data.ordnancesurvey.co.uk/id/4000000074801336,Loch Camasach,,,,hydrography,Inland Water,247391,927920,3000,500000,247142,927685,247642,928185,IV27,http://data.ordnancesurvey.co.uk/id/postcodedistrict/IV27,,,,,,,Highland,http://data.ordnancesurvey.co.uk/id/7000000000186625,http://data.ordnancesurvey.co.uk/ontology/admingeo/UnitaryAuthority,Scotland,http://data.ordnancesurvey.co.uk/id/7000000000041429,Scotland,http://data.ordnancesurvey.co.uk/id/country/scotland,,,
osgb4000000074800040,http://data.ordnancesurvey.co.uk/id/4000000074800040,An Glas-loch,,,,hydrography,Inland Water,249734,931275,6000,500000,249363,930767,250105,931757,IV27,http://data.ordnancesurvey.co.uk/id/postcodedistrict/IV27,,,,,,,Highland,http://data.ordnancesurvey.co.uk/id/7000000000186625,http://data.ordnancesurvey.co.uk/ontology/admingeo/UnitaryAuthority,Scotland,http://data.ordnancesurvey.co.uk/id/7000000000041429,Scotland,http://data.ordnancesurvey.co.uk/id/country/scotland,,,
osgb4000000074801915,http://data.ordnancesurvey.co.uk/id/4000000074801915,Lochan na Creige Riabhaich,,,,hydrography,Inland Water,241077,937476,4000,500000,240980,937134,241568,937819,IV27,http://data.ordnancesurvey.co.uk/id/postcodedistrict/IV27,,,,,,,Highland,http://data.ordnancesurvey.co.uk/id/7000000000186625,http://data.ordnancesurvey.co.uk/ontology/admingeo/UnitaryAuthority,Scotland,http://data.ordnancesurvey.co.uk/id/7000000000041429,Scotland,http://data.ordnancesurvey.co.uk/id/country/scotland,,,
osgb4000000074814980,http://data.ordnancesurvey.co.uk/id/4000000074814980,Cnoc Dubh,,,,landform,Hill Or Mountain,256356,937104,1000,300000,256106,936854,256606,937354,IV27,http://data.ordnancesurvey.co.uk/id/postcodedistrict/IV27,,,,,,,Highland,http://data.ordnancesurvey.co.uk/id/7000000000186625,http://data.ordnancesurvey.co.uk/ontology/admingeo/UnitaryAuthority,Scotland,http://data.ordnancesurvey.co.uk/id/7000000000041429,Scotland,http://data.ordnancesurvey.co.uk/id/country/scotland,,,
osgb4000000074604182,http://data.ordnancesurvey.co.uk/id/4000000074604182,Cnoc an Ulbhaidh,,,,landform,Hill Or Mountain,248703,922323,1000,300000,248453,922073,248953,922573,IV27,http://data.ordnancesurvey.co.uk/id/postcodedistrict/IV27,,,,,,,Highland,http://data.ordnancesurvey.co.uk/id/7000000000186625,http://data.ordnancesurvey.co.uk/ontology/admingeo/UnitaryAuthority,Scotland,http://data.ordnancesurvey.co.uk/id/7000000000041429,Scotland,http://data.ordnancesurvey.co.uk/id/country/scotland,,,
osgb4000000074778249,http://data.ordnancesurvey.co.uk/id/4000000074778249,Sìdhean na h-Iolarach,,,,landform,Hill Or Mountain,257376,921024,1000,300000,257126,920774,257626,921274,IV27,http://data.ordnancesurvey.co.uk/id/postcodedistrict/IV27,,,,,,,Highland,http://data.ordnancesurvey.co.uk/id/7000000000186625,http://data.ordnancesurvey.co.uk/ontology/admingeo/UnitaryAuthority,Scotland,http://data.ordnancesurvey.co.uk/id/7000000000041429,Scotland,http://data.ordnancesurvey.co.uk/id/country/scotland,,,
osgb4000000074721482,http://data.ordnancesurvey.co.uk/id/4000000074721482,Coire Grànda,,,,landform,Cirque Or Hollow,241327,939075,5000,30000,240961,938764,241697,939386,IV27,http://data.ordnancesurvey.co.uk/id/postcodedistrict/IV27,,,,,,,Highland,http://data.ordnancesurvey.co.uk/id/7000000000186625,http://data.ordnancesurvey.co.uk/ontology/admingeo/UnitaryAuthority,Scotland,http://data.ordnancesurvey.co.uk/id/7000000000041429,Scotland,http://data.ordnancesurvey.co.uk/id/country/scotland,,,
osgb4000000074797075,http://data.ordnancesurvey.co.uk/id/4000000074797075,Loch Buidhe,,,,hydrography,Inland Water,256929,937531,4000,500000,256679,937225,257179,937798,IV27,http://data.ordnancesurvey.co.uk/id/postcodedistrict/IV27,,,,,,,Highland,http://data.ordnancesurvey.co.uk/id/7000000000186625,http://data.ordnancesurvey.co.uk/ontology/admingeo/UnitaryAuthority,Scotland,http://data.ordnancesurvey.co.uk/id/7000000000041429,Scotland,http://data.ordnancesurvey.co.uk/id/country/scotland,,,
osgb4000000074602490,http://data.ordnancesurvey.co.uk/id/4000000074602490,Meall an Amairich,,,,landform,Hill Or Mountain,248835,932248,1000,300000,248585,931998,249085,932498,IV27,http://data.ordnancesurvey.co.uk/id/postcodedistrict/IV27,,,,,,,Highland,http://data.ordnancesurvey.co.uk/id/7000000000186625,http://data.ordnancesurvey.co.uk/ontology/admingeo/UnitaryAuthority,Scotland,http://data.ordnancesurvey.co.uk/id/7000000000041429,Scotland,http://data.ordnancesurvey.co.uk/id/country/scotland,,,
osgb4000000074631167,http://data.ordnancesurvey.co.uk/id/4000000074631167,Cnoc Dubh Wood,,,,landcover,Woodland Or Forest,255847,936580,4000,400000,255571,936330,256118,936830,IV27,http://data.ordnancesurvey.co.uk/id/postcodedistrict/IV27,,,,,,,Highland,http://data.ordnancesurvey.co.uk/id/7000000000186625,http://data.ordnancesurvey.co.uk/ontology/admingeo/UnitaryAuthority,Scotland,http://data.ordnancesurvey.co.uk/id/7000000000041429,Scotland,http://data.ordnancesurvey.co.uk/id/country/scotland,,,
osgb4000000074645583,http://data.ordnancesurvey.co.uk/id/4000000074645583,Garvel Wood,,,,landcover,Woodland Or Forest,254397,936577,5000,400000,254059,936327,254761,936827,IV27,http://data.ordnancesurvey.co.uk/id/postcodedistrict/IV27,,,,,,,Highland,http://data.ordnancesurvey.co.uk/id/7000000000186625,http://data.ordnancesurvey.co.uk/ontology/admingeo/UnitaryAuthority,Scotland,http://data.ordnancesurvey.co.uk/id/7000000000041429,Scotland,http://data.ordnancesurvey.co.uk/id/country/scotland,,,
osgb4000000074602494,http://data.ordnancesurvey.co.uk/id/4000000074602494,Bad a' Bhàcaidh,,,,landform,Hill Or Mountain,245445,935109,1000,300000,245195,934859,245695,935359,IV27,http://data.ordnancesurvey.co.uk/id/postcodedistrict/IV27,,,,,,,Highland,http://data.ordnancesurvey.co.uk/id/7000000000186625,http://data.ordnancesurvey.co.uk/ontology/admingeo/UnitaryAuthority,Scotland,http://data.ordnancesurvey.co.uk/id/7000000000041429,Scotland,http://data.ordnancesurvey.co.uk/id/country/scotland,,,
osgb4000000073304915,http://data.ordnancesurvey.co.uk/id/4000000073304915,Altnaharra Primary School,,,,other,Primary Education,256783,935302,1000,50000,256533,935053,257033,935553,IV27,http://data.ordnancesurvey.co.uk/id/postcodedistrict/IV27,Altnaharra,http://data.ordnancesurvey.co.uk/id/4000000074557442,http://www.ordnancesurvey.co.uk/xml/codelists/localtype.xml#hamlet,,,,Highland,http://data.ordnancesurvey.co.uk/id/7000000000186625,http://data.ordnancesurvey.co.uk/ontology/admingeo/UnitaryAuthority,Scotland,http://data.ordnancesurvey.co.uk/id/7000000000041429,Scotland,http://data.ordnancesurvey.co.uk/id/country/scotland,,,
osgb4000000074592108,http://data.ordnancesurvey.co.uk/id/4000000074592108,Beinn na Glas-choille,,,,landform,Hill Or Mountain,252472,929425,1000,300000,252222,929175,252722,929675,IV27,http://data.ordnancesurvey.co.uk/id/postcodedistrict/IV27,,,,,,,Highland,http://data.ordnancesurvey.co.uk/id/7000000000186625,http://data.ordnancesurvey.co.uk/ontology/admingeo/UnitaryAuthority,Scotland,http://data.ordnancesurvey.co.uk/id/7000000000041429,Scotland,http://data.ordnancesurvey.co.uk/id/country/scotland,,,
osgb4000000074800180,http://data.ordnancesurvey.co.uk/id/4000000074800180,Loch an Tuim Bhuidhe,,,,hydrography,Inland Water,240849,935553,3000,500000,240642,935303,241142,935803,IV27,http://data.ordnancesurvey.co.uk/id/postcodedistrict/IV27,,,,,,,Highland,http://data.ordnancesurvey.co.uk/id/7000000000186625,http://data.ordnancesurvey.co.uk/ontology/admingeo/UnitaryAuthority,Scotland,http://data.ordnancesurvey.co.uk/id/7000000000041429,Scotland,http://data.ordnancesurvey.co.uk/id/country/scotland,,,
IV274UE,http://data.ordnancesurvey.co.uk/id/postcodeunit/IV274UE,IV27 4UE,,,,other,Postcode,257195,934894,3500,18000,,,,,,,Altnaharra,http://data.ordnancesurvey.co.uk/id/4000000074557442,http://www.ordnancesurvey.co.uk/xml/codelists/localtype.xml#hamlet,,,,Highland,http://data.ordnancesurvey.co.uk/id/7000000000186625,http://data.ordnancesurvey.co.uk/ontology/admingeo/UnitaryAuthority,Scotland,http://data.ordnancesurvey.co.uk/id/7000000000041429,Scotland,http://data.ordnancesurvey.co.uk/id/country/scotland,,,
