﻿osgb4000000074336613,http://data.ordnancesurvey.co.uk/id/4000000074336613,Hope,,,,populatedPlace,Hamlet,247485,960122,5000,25000,247196,959887,247696,960387,IV27,http://data.ordnancesurvey.co.uk/id/postcodedistrict/IV27,,,,,,,Highland,http://data.ordnancesurvey.co.uk/id/7000000000186625,http://data.ordnancesurvey.co.uk/ontology/admingeo/UnitaryAuthority,Scotland,http://data.ordnancesurvey.co.uk/id/7000000000041429,Scotland,http://data.ordnancesurvey.co.uk/id/country/scotland,,,
osgb4000000074555960,http://data.ordnancesurvey.co.uk/id/4000000074555960,Diuranais,gla,Durness,eng,populatedPlace,Village,240297,967795,9000,250000,239898,966788,241219,968074,IV27,http://data.ordnancesurvey.co.uk/id/postcodedistrict/IV27,,,,,,,Highland,http://data.ordnancesurvey.co.uk/id/7000000000186625,http://data.ordnancesurvey.co.uk/ontology/admingeo/UnitaryAuthority,Scotland,http://data.ordnancesurvey.co.uk/id/7000000000041429,Scotland,http://data.ordnancesurvey.co.uk/id/country/scotland,,http://dbpedia.org/resource/Durness,http://sws.geonames.org/2650621
osgb4000000074579092,http://data.ordnancesurvey.co.uk/id/4000000074579092,Portnancon,,,,populatedPlace,Other Settlement,242533,960498,15000,25000,241820,959902,242785,960858,IV27,http://data.ordnancesurvey.co.uk/id/postcodedistrict/IV27,,,,,,,Highland,http://data.ordnancesurvey.co.uk/id/7000000000186625,http://data.ordnancesurvey.co.uk/ontology/admingeo/UnitaryAuthority,Scotland,http://data.ordnancesurvey.co.uk/id/7000000000041429,Scotland,http://data.ordnancesurvey.co.uk/id/country/scotland,,http://dbpedia.org/resource/Portnancon,http://sws.geonames.org/2640019
osgb4000000074555201,http://data.ordnancesurvey.co.uk/id/4000000074555201,Portvasgo,,Port Vasgo,,populatedPlace,Suburban Area,258370,964813,3000,25000,258122,964568,258622,965068,IV27,http://data.ordnancesurvey.co.uk/id/postcodedistrict/IV27,,,,,,,Highland,http://data.ordnancesurvey.co.uk/id/7000000000186625,http://data.ordnancesurvey.co.uk/ontology/admingeo/UnitaryAuthority,Scotland,http://data.ordnancesurvey.co.uk/id/7000000000041429,Scotland,http://data.ordnancesurvey.co.uk/id/country/scotland,,,
osgb4000000074555202,http://data.ordnancesurvey.co.uk/id/4000000074555202,Melness,,,,populatedPlace,Other Settlement,258473,963000,15000,25000,255942,960753,259050,965346,IV27,http://data.ordnancesurvey.co.uk/id/postcodedistrict/IV27,,,,,,,Highland,http://data.ordnancesurvey.co.uk/id/7000000000186625,http://data.ordnancesurvey.co.uk/ontology/admingeo/UnitaryAuthority,Scotland,http://data.ordnancesurvey.co.uk/id/7000000000041429,Scotland,http://data.ordnancesurvey.co.uk/id/country/scotland,,http://dbpedia.org/resource/Melness,http://sws.geonames.org/2642771
osgb4000000074555562,http://data.ordnancesurvey.co.uk/id/4000000074555562,West Strathan,,,,populatedPlace,Suburban Area,256832,964602,10000,25000,256180,963352,257128,964962,IV27,http://data.ordnancesurvey.co.uk/id/postcodedistrict/IV27,,,,,,,Highland,http://data.ordnancesurvey.co.uk/id/7000000000186625,http://data.ordnancesurvey.co.uk/ontology/admingeo/UnitaryAuthority,Scotland,http://data.ordnancesurvey.co.uk/id/7000000000041429,Scotland,http://data.ordnancesurvey.co.uk/id/country/scotland,,,
osgb4000000074541410,http://data.ordnancesurvey.co.uk/id/4000000074541410,Smoo,,,,populatedPlace,Hamlet,241562,967044,5000,25000,241392,966754,241892,967317,IV27,http://data.ordnancesurvey.co.uk/id/postcodedistrict/IV27,,,,,,,Highland,http://data.ordnancesurvey.co.uk/id/7000000000186625,http://data.ordnancesurvey.co.uk/ontology/admingeo/UnitaryAuthority,Scotland,http://data.ordnancesurvey.co.uk/id/7000000000041429,Scotland,http://data.ordnancesurvey.co.uk/id/country/scotland,,,
osgb4000000074555199,http://data.ordnancesurvey.co.uk/id/4000000074555199,Talmine,,,,populatedPlace,Suburban Area,258528,963138,10000,25000,258221,962332,258874,963875,IV27,http://data.ordnancesurvey.co.uk/id/postcodedistrict/IV27,,,,,,,Highland,http://data.ordnancesurvey.co.uk/id/7000000000186625,http://data.ordnancesurvey.co.uk/ontology/admingeo/UnitaryAuthority,Scotland,http://data.ordnancesurvey.co.uk/id/7000000000041429,Scotland,http://data.ordnancesurvey.co.uk/id/country/scotland,,"http://dbpedia.org/resource/Talmine,_Sutherland",http://sws.geonames.org/2636295
osgb4000000074555200,http://data.ordnancesurvey.co.uk/id/4000000074555200,Achnahuaigh,,,,populatedPlace,Suburban Area,257997,964190,4000,25000,257884,963739,258442,964267,IV27,http://data.ordnancesurvey.co.uk/id/postcodedistrict/IV27,,,,,,,Highland,http://data.ordnancesurvey.co.uk/id/7000000000186625,http://data.ordnancesurvey.co.uk/ontology/admingeo/UnitaryAuthority,Scotland,http://data.ordnancesurvey.co.uk/id/7000000000041429,Scotland,http://data.ordnancesurvey.co.uk/id/country/scotland,,,
osgb4000000074554462,http://data.ordnancesurvey.co.uk/id/4000000074554462,Midtown,,,,populatedPlace,Suburban Area,258034,960955,6000,25000,257904,960753,258829,961406,IV27,http://data.ordnancesurvey.co.uk/id/postcodedistrict/IV27,,,,,,,Highland,http://data.ordnancesurvey.co.uk/id/7000000000186625,http://data.ordnancesurvey.co.uk/ontology/admingeo/UnitaryAuthority,Scotland,http://data.ordnancesurvey.co.uk/id/7000000000041429,Scotland,http://data.ordnancesurvey.co.uk/id/country/scotland,,,
osgb4000000074555959,http://data.ordnancesurvey.co.uk/id/4000000074555959,Leirinmore,,,,populatedPlace,Hamlet,242162,966617,5000,25000,241835,966483,242488,967212,IV27,http://data.ordnancesurvey.co.uk/id/postcodedistrict/IV27,,,,,,,Highland,http://data.ordnancesurvey.co.uk/id/7000000000186625,http://data.ordnancesurvey.co.uk/ontology/admingeo/UnitaryAuthority,Scotland,http://data.ordnancesurvey.co.uk/id/7000000000041429,Scotland,http://data.ordnancesurvey.co.uk/id/country/scotland,,http://dbpedia.org/resource/Leirinmore,
osgb4000000074555567,http://data.ordnancesurvey.co.uk/id/4000000074555567,Sangobeg,,,,populatedPlace,Hamlet,242883,966062,5000,25000,242508,965870,243008,966463,IV27,http://data.ordnancesurvey.co.uk/id/postcodedistrict/IV27,,,,,,,Highland,http://data.ordnancesurvey.co.uk/id/7000000000186625,http://data.ordnancesurvey.co.uk/ontology/admingeo/UnitaryAuthority,Scotland,http://data.ordnancesurvey.co.uk/id/7000000000041429,Scotland,http://data.ordnancesurvey.co.uk/id/country/scotland,,http://dbpedia.org/resource/Sangobeg,http://sws.geonames.org/2638526
osgb4000000074554832,http://data.ordnancesurvey.co.uk/id/4000000074554832,Skinnet,,,,populatedPlace,Suburban Area,258847,961701,7000,25000,258544,961311,259044,962362,IV27,http://data.ordnancesurvey.co.uk/id/postcodedistrict/IV27,,,,,,,Highland,http://data.ordnancesurvey.co.uk/id/7000000000186625,http://data.ordnancesurvey.co.uk/ontology/admingeo/UnitaryAuthority,Scotland,http://data.ordnancesurvey.co.uk/id/7000000000041429,Scotland,http://data.ordnancesurvey.co.uk/id/country/scotland,,,
IV274PN,http://data.ordnancesurvey.co.uk/id/postcodeunit/IV274PN,IV27 4PN,,,,other,Postcode,240132,967742,3500,18000,,,,,,,Diuranais / Durness,http://data.ordnancesurvey.co.uk/id/4000000074555960,http://www.ordnancesurvey.co.uk/xml/codelists/localtype.xml#village,,,,Highland,http://data.ordnancesurvey.co.uk/id/7000000000186625,http://data.ordnancesurvey.co.uk/ontology/admingeo/UnitaryAuthority,Scotland,http://data.ordnancesurvey.co.uk/id/7000000000041429,Scotland,http://data.ordnancesurvey.co.uk/id/country/scotland,,,
IV274QB,http://data.ordnancesurvey.co.uk/id/postcodeunit/IV274QB,IV27 4QB,,,,other,Postcode,242081,966831,3500,18000,,,,,,,Leirinmore,http://data.ordnancesurvey.co.uk/id/4000000074555959,http://www.ordnancesurvey.co.uk/xml/codelists/localtype.xml#hamlet,,,,Highland,http://data.ordnancesurvey.co.uk/id/7000000000186625,http://data.ordnancesurvey.co.uk/ontology/admingeo/UnitaryAuthority,Scotland,http://data.ordnancesurvey.co.uk/id/7000000000041429,Scotland,http://data.ordnancesurvey.co.uk/id/country/scotland,,,
IV274QD,http://data.ordnancesurvey.co.uk/id/postcodeunit/IV274QD,IV27 4QD,,,,other,Postcode,242635,966131,3500,18000,,,,,,,Sangobeg,http://data.ordnancesurvey.co.uk/id/4000000074555567,http://www.ordnancesurvey.co.uk/xml/codelists/localtype.xml#hamlet,,,,Highland,http://data.ordnancesurvey.co.uk/id/7000000000186625,http://data.ordnancesurvey.co.uk/ontology/admingeo/UnitaryAuthority,Scotland,http://data.ordnancesurvey.co.uk/id/7000000000041429,Scotland,http://data.ordnancesurvey.co.uk/id/country/scotland,,,
IV274YQ,http://data.ordnancesurvey.co.uk/id/postcodeunit/IV274YQ,IV27 4YQ,,,,other,Postcode,258547,962435,3500,18000,,,,,,,Melness,http://data.ordnancesurvey.co.uk/id/4000000074555202,http://www.ordnancesurvey.co.uk/xml/codelists/localtype.xml#otherSettlement,,,,Highland,http://data.ordnancesurvey.co.uk/id/7000000000186625,http://data.ordnancesurvey.co.uk/ontology/admingeo/UnitaryAuthority,Scotland,http://data.ordnancesurvey.co.uk/id/7000000000041429,Scotland,http://data.ordnancesurvey.co.uk/id/country/scotland,,,
IV274QH,http://data.ordnancesurvey.co.uk/id/postcodeunit/IV274QH,IV27 4QH,,,,other,Postcode,241541,967075,3500,18000,,,,,,,Smoo,http://data.ordnancesurvey.co.uk/id/4000000074541410,http://www.ordnancesurvey.co.uk/xml/codelists/localtype.xml#hamlet,,,,Highland,http://data.ordnancesurvey.co.uk/id/7000000000186625,http://data.ordnancesurvey.co.uk/ontology/admingeo/UnitaryAuthority,Scotland,http://data.ordnancesurvey.co.uk/id/7000000000041429,Scotland,http://data.ordnancesurvey.co.uk/id/country/scotland,,,
IV274PS,http://data.ordnancesurvey.co.uk/id/postcodeunit/IV274PS,IV27 4PS,,,,other,Postcode,240258,967795,3500,18000,,,,,,,Diuranais / Durness,http://data.ordnancesurvey.co.uk/id/4000000074555960,http://www.ordnancesurvey.co.uk/xml/codelists/localtype.xml#village,,,,Highland,http://data.ordnancesurvey.co.uk/id/7000000000186625,http://data.ordnancesurvey.co.uk/ontology/admingeo/UnitaryAuthority,Scotland,http://data.ordnancesurvey.co.uk/id/7000000000041429,Scotland,http://data.ordnancesurvey.co.uk/id/country/scotland,,,
IV274QA,http://data.ordnancesurvey.co.uk/id/postcodeunit/IV274QA,IV27 4QA,,,,other,Postcode,241613,967158,3500,18000,,,,,,,Smoo,http://data.ordnancesurvey.co.uk/id/4000000074541410,http://www.ordnancesurvey.co.uk/xml/codelists/localtype.xml#hamlet,,,,Highland,http://data.ordnancesurvey.co.uk/id/7000000000186625,http://data.ordnancesurvey.co.uk/ontology/admingeo/UnitaryAuthority,Scotland,http://data.ordnancesurvey.co.uk/id/7000000000041429,Scotland,http://data.ordnancesurvey.co.uk/id/country/scotland,,,
IV274QE,http://data.ordnancesurvey.co.uk/id/postcodeunit/IV274QE,IV27 4QE,,,,other,Postcode,245125,965430,3500,18000,,,,,,,,,,,,,Highland,http://data.ordnancesurvey.co.uk/id/7000000000186625,http://data.ordnancesurvey.co.uk/ontology/admingeo/UnitaryAuthority,Scotland,http://data.ordnancesurvey.co.uk/id/7000000000041429,Scotland,http://data.ordnancesurvey.co.uk/id/country/scotland,,,
IV274YT,http://data.ordnancesurvey.co.uk/id/postcodeunit/IV274YT,IV27 4YT,,,,other,Postcode,257974,964194,3500,18000,,,,,,,Melness,http://data.ordnancesurvey.co.uk/id/4000000074555202,http://www.ordnancesurvey.co.uk/xml/codelists/localtype.xml#otherSettlement,,,,Highland,http://data.ordnancesurvey.co.uk/id/7000000000186625,http://data.ordnancesurvey.co.uk/ontology/admingeo/UnitaryAuthority,Scotland,http://data.ordnancesurvey.co.uk/id/7000000000041429,Scotland,http://data.ordnancesurvey.co.uk/id/country/scotland,,,
IV274PZ,http://data.ordnancesurvey.co.uk/id/postcodeunit/IV274PZ,IV27 4PZ,,,,other,Postcode,240593,967294,3500,18000,,,,,,,Diuranais / Durness,http://data.ordnancesurvey.co.uk/id/4000000074555960,http://www.ordnancesurvey.co.uk/xml/codelists/localtype.xml#village,,,,Highland,http://data.ordnancesurvey.co.uk/id/7000000000186625,http://data.ordnancesurvey.co.uk/ontology/admingeo/UnitaryAuthority,Scotland,http://data.ordnancesurvey.co.uk/id/7000000000041429,Scotland,http://data.ordnancesurvey.co.uk/id/country/scotland,,,
IV274PP,http://data.ordnancesurvey.co.uk/id/postcodeunit/IV274PP,IV27 4PP,,,,other,Postcode,240348,967542,3500,18000,,,,,,,Diuranais / Durness,http://data.ordnancesurvey.co.uk/id/4000000074555960,http://www.ordnancesurvey.co.uk/xml/codelists/localtype.xml#village,,,,Highland,http://data.ordnancesurvey.co.uk/id/7000000000186625,http://data.ordnancesurvey.co.uk/ontology/admingeo/UnitaryAuthority,Scotland,http://data.ordnancesurvey.co.uk/id/7000000000041429,Scotland,http://data.ordnancesurvey.co.uk/id/country/scotland,,,
IV274YR,http://data.ordnancesurvey.co.uk/id/postcodeunit/IV274YR,IV27 4YR,,,,other,Postcode,258335,961229,3500,18000,,,,,,,Melness,http://data.ordnancesurvey.co.uk/id/4000000074555202,http://www.ordnancesurvey.co.uk/xml/codelists/localtype.xml#otherSettlement,,,,Highland,http://data.ordnancesurvey.co.uk/id/7000000000186625,http://data.ordnancesurvey.co.uk/ontology/admingeo/UnitaryAuthority,Scotland,http://data.ordnancesurvey.co.uk/id/7000000000041429,Scotland,http://data.ordnancesurvey.co.uk/id/country/scotland,,,
IV274YP,http://data.ordnancesurvey.co.uk/id/postcodeunit/IV274YP,IV27 4YP,,,,other,Postcode,258829,961864,3500,18000,,,,,,,Melness,http://data.ordnancesurvey.co.uk/id/4000000074555202,http://www.ordnancesurvey.co.uk/xml/codelists/localtype.xml#otherSettlement,,,,Highland,http://data.ordnancesurvey.co.uk/id/7000000000186625,http://data.ordnancesurvey.co.uk/ontology/admingeo/UnitaryAuthority,Scotland,http://data.ordnancesurvey.co.uk/id/7000000000041429,Scotland,http://data.ordnancesurvey.co.uk/id/country/scotland,,,
IV274PY,http://data.ordnancesurvey.co.uk/id/postcodeunit/IV274PY,IV27 4PY,,,,other,Postcode,240410,967753,3500,18000,,,,,,,Diuranais / Durness,http://data.ordnancesurvey.co.uk/id/4000000074555960,http://www.ordnancesurvey.co.uk/xml/codelists/localtype.xml#village,,,,Highland,http://data.ordnancesurvey.co.uk/id/7000000000186625,http://data.ordnancesurvey.co.uk/ontology/admingeo/UnitaryAuthority,Scotland,http://data.ordnancesurvey.co.uk/id/7000000000041429,Scotland,http://data.ordnancesurvey.co.uk/id/country/scotland,,,
osgb4000000003340005,http://data.ordnancesurvey.co.uk/id/4000000003340005,School Road,,,,transportNetwork,Named Road,240333,967333,4000,20000,240301,967015,240462,967676,IV27,http://data.ordnancesurvey.co.uk/id/postcodedistrict/IV27,,,,,,,Highland,http://data.ordnancesurvey.co.uk/id/7000000000186625,http://data.ordnancesurvey.co.uk/ontology/admingeo/UnitaryAuthority,Scotland,http://data.ordnancesurvey.co.uk/id/7000000000041429,Scotland,http://data.ordnancesurvey.co.uk/id/country/scotland,,,
2a105db4-315d-4176-b066-9e2cb9ed1cd4,http://data.ordnancesurvey.co.uk/id/2a105db4-315d-4176-b066-9e2cb9ed1cd4,School Road,,,,transportNetwork,Section Of Named Road,240362,967487,4000,25000,240301,967015,240462,967676,IV27,http://data.ordnancesurvey.co.uk/id/postcodedistrict/IV27,Diuranais / Durness,http://data.ordnancesurvey.co.uk/id/4000000074555960,http://www.ordnancesurvey.co.uk/xml/codelists/localtype.xml#village,,,,Highland,http://data.ordnancesurvey.co.uk/id/7000000000186625,http://data.ordnancesurvey.co.uk/ontology/admingeo/UnitaryAuthority,Scotland,http://data.ordnancesurvey.co.uk/id/7000000000041429,Scotland,http://data.ordnancesurvey.co.uk/id/country/scotland,osgb4000000003340005,,
osgb4000000003340012,http://data.ordnancesurvey.co.uk/id/4000000003340012,Hames Place,,,,transportNetwork,Named Road,240331,967836,1000,20000,240297,967795,240368,967891,IV27,http://data.ordnancesurvey.co.uk/id/postcodedistrict/IV27,Diuranais / Durness,http://data.ordnancesurvey.co.uk/id/4000000074555960,http://www.ordnancesurvey.co.uk/xml/codelists/localtype.xml#village,,,,Highland,http://data.ordnancesurvey.co.uk/id/7000000000186625,http://data.ordnancesurvey.co.uk/ontology/admingeo/UnitaryAuthority,Scotland,http://data.ordnancesurvey.co.uk/id/7000000000041429,Scotland,http://data.ordnancesurvey.co.uk/id/country/scotland,,,
osgb4000000003340104,http://data.ordnancesurvey.co.uk/id/4000000003340104,Joseph Mackay Court,,,,transportNetwork,Named Road,258531,962422,1000,20000,258523,962403,258556,962455,IV27,http://data.ordnancesurvey.co.uk/id/postcodedistrict/IV27,Melness,http://data.ordnancesurvey.co.uk/id/4000000074555202,http://www.ordnancesurvey.co.uk/xml/codelists/localtype.xml#otherSettlement,,,,Highland,http://data.ordnancesurvey.co.uk/id/7000000000186625,http://data.ordnancesurvey.co.uk/ontology/admingeo/UnitaryAuthority,Scotland,http://data.ordnancesurvey.co.uk/id/7000000000041429,Scotland,http://data.ordnancesurvey.co.uk/id/country/scotland,,,
osgb4000000003340378,http://data.ordnancesurvey.co.uk/id/4000000003340378,Druim Bhlar,,,,transportNetwork,Named Road,241521,967058,1000,20000,241511,967044,241562,967095,IV27,http://data.ordnancesurvey.co.uk/id/postcodedistrict/IV27,Smoo,http://data.ordnancesurvey.co.uk/id/4000000074541410,http://www.ordnancesurvey.co.uk/xml/codelists/localtype.xml#hamlet,,,,Highland,http://data.ordnancesurvey.co.uk/id/7000000000186625,http://data.ordnancesurvey.co.uk/ontology/admingeo/UnitaryAuthority,Scotland,http://data.ordnancesurvey.co.uk/id/7000000000041429,Scotland,http://data.ordnancesurvey.co.uk/id/country/scotland,,,
osgb4000000074750433,http://data.ordnancesurvey.co.uk/id/4000000074750433,An t-Aigeach,,,,landform,Other Coastal Landform,245679,965635,1000,50000,245372,965385,245872,965885,IV27,http://data.ordnancesurvey.co.uk/id/postcodedistrict/IV27,,,,,,,Highland,http://data.ordnancesurvey.co.uk/id/7000000000186625,http://data.ordnancesurvey.co.uk/ontology/admingeo/UnitaryAuthority,Scotland,http://data.ordnancesurvey.co.uk/id/7000000000041429,Scotland,http://data.ordnancesurvey.co.uk/id/country/scotland,,,
osgb4000000074611417,http://data.ordnancesurvey.co.uk/id/4000000074611417,Stacan Bana,,,,landform,Other Coastal Landform,249604,968536,2000,50000,249418,968286,249918,968786,IV27,http://data.ordnancesurvey.co.uk/id/postcodedistrict/IV27,,,,,,,Highland,http://data.ordnancesurvey.co.uk/id/7000000000186625,http://data.ordnancesurvey.co.uk/ontology/admingeo/UnitaryAuthority,Scotland,http://data.ordnancesurvey.co.uk/id/7000000000041429,Scotland,http://data.ordnancesurvey.co.uk/id/country/scotland,,,
osgb4000000074800633,http://data.ordnancesurvey.co.uk/id/4000000074800633,Loch na h-Uamhachd,,,,hydrography,Inland Water,255517,965808,2000,500000,255267,965535,255767,966035,IV27,http://data.ordnancesurvey.co.uk/id/postcodedistrict/IV27,,,,,,,Highland,http://data.ordnancesurvey.co.uk/id/7000000000186625,http://data.ordnancesurvey.co.uk/ontology/admingeo/UnitaryAuthority,Scotland,http://data.ordnancesurvey.co.uk/id/7000000000041429,Scotland,http://data.ordnancesurvey.co.uk/id/country/scotland,,,
osgb4000000074799464,http://data.ordnancesurvey.co.uk/id/4000000074799464,Loch Eriboll,,,,hydrography,Tidal Water,244244,960069,93000,150000,238937,954225,249551,968534,IV27,http://data.ordnancesurvey.co.uk/id/postcodedistrict/IV27,,,,,,,Highland,http://data.ordnancesurvey.co.uk/id/7000000000186625,http://data.ordnancesurvey.co.uk/ontology/admingeo/UnitaryAuthority,Scotland,http://data.ordnancesurvey.co.uk/id/7000000000041429,Scotland,http://data.ordnancesurvey.co.uk/id/country/scotland,,,
osgb4000000074750968,http://data.ordnancesurvey.co.uk/id/4000000074750968,An Ceann Geal,gla,Whiten Head,eng,landform,Coastal Headland,250115,968463,5000,750000,249783,968213,250508,968713,IV27,http://data.ordnancesurvey.co.uk/id/postcodedistrict/IV27,,,,,,,Highland,http://data.ordnancesurvey.co.uk/id/7000000000186625,http://data.ordnancesurvey.co.uk/ontology/admingeo/UnitaryAuthority,Scotland,http://data.ordnancesurvey.co.uk/id/7000000000041429,Scotland,http://data.ordnancesurvey.co.uk/id/country/scotland,,,
osgb4000000074721537,http://data.ordnancesurvey.co.uk/id/4000000074721537,Sangobeg Sands,,,,landcover,Beach,242909,966349,2000,100000,242686,966099,243186,966599,IV27,http://data.ordnancesurvey.co.uk/id/postcodedistrict/IV27,,,,,,,Highland,http://data.ordnancesurvey.co.uk/id/7000000000186625,http://data.ordnancesurvey.co.uk/ontology/admingeo/UnitaryAuthority,Scotland,http://data.ordnancesurvey.co.uk/id/7000000000041429,Scotland,http://data.ordnancesurvey.co.uk/id/country/scotland,,,
osgb4000000074776329,http://data.ordnancesurvey.co.uk/id/4000000074776329,Cnoc nam Bràigh,,,,landform,Hill Or Mountain,244850,964429,1000,300000,244600,964179,245100,964679,IV27,http://data.ordnancesurvey.co.uk/id/postcodedistrict/IV27,,,,,,,Highland,http://data.ordnancesurvey.co.uk/id/7000000000186625,http://data.ordnancesurvey.co.uk/ontology/admingeo/UnitaryAuthority,Scotland,http://data.ordnancesurvey.co.uk/id/7000000000041429,Scotland,http://data.ordnancesurvey.co.uk/id/country/scotland,,,
osgb4000000074750977,http://data.ordnancesurvey.co.uk/id/4000000074750977,Greag Ruadh,,,,landform,Cliff Or Slope,241131,967616,2000,40000,240881,967357,241381,967857,IV27,http://data.ordnancesurvey.co.uk/id/postcodedistrict/IV27,,,,,,,Highland,http://data.ordnancesurvey.co.uk/id/7000000000186625,http://data.ordnancesurvey.co.uk/ontology/admingeo/UnitaryAuthority,Scotland,http://data.ordnancesurvey.co.uk/id/7000000000041429,Scotland,http://data.ordnancesurvey.co.uk/id/country/scotland,,,
osgb4000000074611835,http://data.ordnancesurvey.co.uk/id/4000000074611835,A' Ghoil-Sgeir,,,,landform,Other Coastal Landform,243207,967053,2000,50000,242957,966811,243457,967311,IV27,http://data.ordnancesurvey.co.uk/id/postcodedistrict/IV27,,,,,,,Highland,http://data.ordnancesurvey.co.uk/id/7000000000186625,http://data.ordnancesurvey.co.uk/ontology/admingeo/UnitaryAuthority,Scotland,http://data.ordnancesurvey.co.uk/id/7000000000041429,Scotland,http://data.ordnancesurvey.co.uk/id/country/scotland,,,
osgb4000000074607994,http://data.ordnancesurvey.co.uk/id/4000000074607994,Cnoc Àrd an t-Siùil,,,,landform,Hill Or Mountain,249760,967354,1000,300000,249510,967104,250010,967604,IV27,http://data.ordnancesurvey.co.uk/id/postcodedistrict/IV27,,,,,,,Highland,http://data.ordnancesurvey.co.uk/id/7000000000186625,http://data.ordnancesurvey.co.uk/ontology/admingeo/UnitaryAuthority,Scotland,http://data.ordnancesurvey.co.uk/id/7000000000041429,Scotland,http://data.ordnancesurvey.co.uk/id/country/scotland,,,
osgb4000000074750424,http://data.ordnancesurvey.co.uk/id/4000000074750424,Geodha Glas Mhòr,,,,landform,Other Coastal Landform,252501,968498,2000,15000,252254,968248,252754,968748,IV27,http://data.ordnancesurvey.co.uk/id/postcodedistrict/IV27,,,,,,,Highland,http://data.ordnancesurvey.co.uk/id/7000000000186625,http://data.ordnancesurvey.co.uk/ontology/admingeo/UnitaryAuthority,Scotland,http://data.ordnancesurvey.co.uk/id/7000000000041429,Scotland,http://data.ordnancesurvey.co.uk/id/country/scotland,,,
osgb4000000074750419,http://data.ordnancesurvey.co.uk/id/4000000074750419,Geodh' an Fhuarain,,,,landform,Other Coastal Landform,257215,965926,1000,15000,256951,965676,257451,966176,IV27,http://data.ordnancesurvey.co.uk/id/postcodedistrict/IV27,,,,,,,Highland,http://data.ordnancesurvey.co.uk/id/7000000000186625,http://data.ordnancesurvey.co.uk/ontology/admingeo/UnitaryAuthority,Scotland,http://data.ordnancesurvey.co.uk/id/7000000000041429,Scotland,http://data.ordnancesurvey.co.uk/id/country/scotland,,,
osgb4000000074750435,http://data.ordnancesurvey.co.uk/id/4000000074750435,Rubh' an Daimh,,,,landform,Coastal Headland,244640,965592,3000,750000,244389,965342,244889,965842,IV27,http://data.ordnancesurvey.co.uk/id/postcodedistrict/IV27,,,,,,,Highland,http://data.ordnancesurvey.co.uk/id/7000000000186625,http://data.ordnancesurvey.co.uk/ontology/admingeo/UnitaryAuthority,Scotland,http://data.ordnancesurvey.co.uk/id/7000000000041429,Scotland,http://data.ordnancesurvey.co.uk/id/country/scotland,,,
osgb4000000074784738,http://data.ordnancesurvey.co.uk/id/4000000074784738,Rispond Bay,,,,hydrography,Bay,245403,965287,4000,150000,245061,964982,245647,965593,IV27,http://data.ordnancesurvey.co.uk/id/postcodedistrict/IV27,,,,,,,Highland,http://data.ordnancesurvey.co.uk/id/7000000000186625,http://data.ordnancesurvey.co.uk/ontology/admingeo/UnitaryAuthority,Scotland,http://data.ordnancesurvey.co.uk/id/7000000000041429,Scotland,http://data.ordnancesurvey.co.uk/id/country/scotland,,,
osgb4000000074801368,http://data.ordnancesurvey.co.uk/id/4000000074801368,Loch Uamh Dhadhaidh,,,,hydrography,Inland Water,245418,964280,2000,500000,245169,963995,245669,964495,IV27,http://data.ordnancesurvey.co.uk/id/postcodedistrict/IV27,,,,,,,Highland,http://data.ordnancesurvey.co.uk/id/7000000000186625,http://data.ordnancesurvey.co.uk/ontology/admingeo/UnitaryAuthority,Scotland,http://data.ordnancesurvey.co.uk/id/7000000000041429,Scotland,http://data.ordnancesurvey.co.uk/id/country/scotland,,,
osgb4000000074750428,http://data.ordnancesurvey.co.uk/id/4000000074750428,Tòrr Mòr,,,,landform,Other Coastal Landform,245536,960826,2000,20000,245286,960578,245786,961078,IV27,http://data.ordnancesurvey.co.uk/id/postcodedistrict/IV27,,,,,,,Highland,http://data.ordnancesurvey.co.uk/id/7000000000186625,http://data.ordnancesurvey.co.uk/ontology/admingeo/UnitaryAuthority,Scotland,http://data.ordnancesurvey.co.uk/id/7000000000041429,Scotland,http://data.ordnancesurvey.co.uk/id/country/scotland,,,
osgb4000000074611416,http://data.ordnancesurvey.co.uk/id/4000000074611416,Sgeir a' Bhuic,,,,landform,Island,247318,963078,3000,800000,246980,962828,247490,963328,IV27,http://data.ordnancesurvey.co.uk/id/postcodedistrict/IV27,,,,,,,Highland,http://data.ordnancesurvey.co.uk/id/7000000000186625,http://data.ordnancesurvey.co.uk/ontology/admingeo/UnitaryAuthority,Scotland,http://data.ordnancesurvey.co.uk/id/7000000000041429,Scotland,http://data.ordnancesurvey.co.uk/id/country/scotland,,,
osgb4000000074607139,http://data.ordnancesurvey.co.uk/id/4000000074607139,Ben Heilam,,,,landform,Hill Or Mountain,246936,961771,1000,300000,246686,961521,247186,962021,IV27,http://data.ordnancesurvey.co.uk/id/postcodedistrict/IV27,,,,,,,Highland,http://data.ordnancesurvey.co.uk/id/7000000000186625,http://data.ordnancesurvey.co.uk/ontology/admingeo/UnitaryAuthority,Scotland,http://data.ordnancesurvey.co.uk/id/7000000000041429,Scotland,http://data.ordnancesurvey.co.uk/id/country/scotland,,,
osgb4000000074801511,http://data.ordnancesurvey.co.uk/id/4000000074801511,Loch Duail,,,,hydrography,Inland Water,242976,963929,2000,500000,242726,963711,243226,964211,IV27,http://data.ordnancesurvey.co.uk/id/postcodedistrict/IV27,,,,,,,Highland,http://data.ordnancesurvey.co.uk/id/7000000000186625,http://data.ordnancesurvey.co.uk/ontology/admingeo/UnitaryAuthority,Scotland,http://data.ordnancesurvey.co.uk/id/7000000000041429,Scotland,http://data.ordnancesurvey.co.uk/id/country/scotland,,,
osgb4000000074611418,http://data.ordnancesurvey.co.uk/id/4000000074611418,Eilean Clùimhrig,,,,landform,Island,246235,965822,3000,800000,245985,965641,246485,966141,IV27,http://data.ordnancesurvey.co.uk/id/postcodedistrict/IV27,,,,,,,Highland,http://data.ordnancesurvey.co.uk/id/7000000000186625,http://data.ordnancesurvey.co.uk/ontology/admingeo/UnitaryAuthority,Scotland,http://data.ordnancesurvey.co.uk/id/7000000000041429,Scotland,http://data.ordnancesurvey.co.uk/id/country/scotland,,,
osgb4000000074786828,http://data.ordnancesurvey.co.uk/id/4000000074786828,Bàgh an Ime,,,,hydrography,Bay,245313,965719,2000,150000,245064,965382,245564,965882,IV27,http://data.ordnancesurvey.co.uk/id/postcodedistrict/IV27,,,,,,,Highland,http://data.ordnancesurvey.co.uk/id/7000000000186625,http://data.ordnancesurvey.co.uk/ontology/admingeo/UnitaryAuthority,Scotland,http://data.ordnancesurvey.co.uk/id/7000000000041429,Scotland,http://data.ordnancesurvey.co.uk/id/country/scotland,,,
osgb4000000074800354,http://data.ordnancesurvey.co.uk/id/4000000074800354,Loch nan Clach Geala,,,,hydrography,Inland Water,255133,965569,1000,500000,254884,965316,255384,965816,IV27,http://data.ordnancesurvey.co.uk/id/postcodedistrict/IV27,,,,,,,Highland,http://data.ordnancesurvey.co.uk/id/7000000000186625,http://data.ordnancesurvey.co.uk/ontology/admingeo/UnitaryAuthority,Scotland,http://data.ordnancesurvey.co.uk/id/7000000000041429,Scotland,http://data.ordnancesurvey.co.uk/id/country/scotland,,,
osgb4000000074750432,http://data.ordnancesurvey.co.uk/id/4000000074750432,Geodha a' Bhrìdeoin,,,,landform,Other Coastal Landform,249068,967303,1000,15000,248822,967054,249322,967554,IV27,http://data.ordnancesurvey.co.uk/id/postcodedistrict/IV27,,,,,,,Highland,http://data.ordnancesurvey.co.uk/id/7000000000186625,http://data.ordnancesurvey.co.uk/ontology/admingeo/UnitaryAuthority,Scotland,http://data.ordnancesurvey.co.uk/id/7000000000041429,Scotland,http://data.ordnancesurvey.co.uk/id/country/scotland,,,
osgb4000000074608411,http://data.ordnancesurvey.co.uk/id/4000000074608411,Beinn Ceannabeinne,,,,landform,Hill Or Mountain,242297,964675,1000,300000,242047,964425,242547,964925,IV27,http://data.ordnancesurvey.co.uk/id/postcodedistrict/IV27,,,,,,,Highland,http://data.ordnancesurvey.co.uk/id/7000000000186625,http://data.ordnancesurvey.co.uk/ontology/admingeo/UnitaryAuthority,Scotland,http://data.ordnancesurvey.co.uk/id/7000000000041429,Scotland,http://data.ordnancesurvey.co.uk/id/country/scotland,,,
osgb4000000074588383,http://data.ordnancesurvey.co.uk/id/4000000074588383,Geodha nam Bàirneach,,,,landform,Other Coastal Landform,243584,966218,1000,15000,243315,965968,243815,966468,IV27,http://data.ordnancesurvey.co.uk/id/postcodedistrict/IV27,,,,,,,Highland,http://data.ordnancesurvey.co.uk/id/7000000000186625,http://data.ordnancesurvey.co.uk/ontology/admingeo/UnitaryAuthority,Scotland,http://data.ordnancesurvey.co.uk/id/7000000000041429,Scotland,http://data.ordnancesurvey.co.uk/id/country/scotland,,,
osgb4000000074786870,http://data.ordnancesurvey.co.uk/id/4000000074786870,Poll a' Chait Fhiadhaich,,,,hydrography,Tidal Water,242721,967397,1000,150000,242471,967148,242971,967648,IV27,http://data.ordnancesurvey.co.uk/id/postcodedistrict/IV27,,,,,,,Highland,http://data.ordnancesurvey.co.uk/id/7000000000186625,http://data.ordnancesurvey.co.uk/ontology/admingeo/UnitaryAuthority,Scotland,http://data.ordnancesurvey.co.uk/id/7000000000041429,Scotland,http://data.ordnancesurvey.co.uk/id/country/scotland,,,
osgb4000000074799766,http://data.ordnancesurvey.co.uk/id/4000000074799766,Loch Ach'an Lochaidh,,,,hydrography,Inland Water,245801,960670,3000,500000,245551,960462,246051,960962,IV27,http://data.ordnancesurvey.co.uk/id/postcodedistrict/IV27,,,,,,,Highland,http://data.ordnancesurvey.co.uk/id/7000000000186625,http://data.ordnancesurvey.co.uk/ontology/admingeo/UnitaryAuthority,Scotland,http://data.ordnancesurvey.co.uk/id/7000000000041429,Scotland,http://data.ordnancesurvey.co.uk/id/country/scotland,,,
osgb4000000074777010,http://data.ordnancesurvey.co.uk/id/4000000074777010,Cnoc Damh,,,,landform,Hill Or Mountain,240130,964969,1000,300000,239880,964719,240380,965219,IV27,http://data.ordnancesurvey.co.uk/id/postcodedistrict/IV27,,,,,,,Highland,http://data.ordnancesurvey.co.uk/id/7000000000186625,http://data.ordnancesurvey.co.uk/ontology/admingeo/UnitaryAuthority,Scotland,http://data.ordnancesurvey.co.uk/id/7000000000041429,Scotland,http://data.ordnancesurvey.co.uk/id/country/scotland,,,
osgb4000000074750414,http://data.ordnancesurvey.co.uk/id/4000000074750414,Aig a' Chreathair,,,,landform,Other Coastal Landform,258454,965492,1000,50000,258183,965242,258683,965742,IV27,http://data.ordnancesurvey.co.uk/id/postcodedistrict/IV27,,,,,,,Highland,http://data.ordnancesurvey.co.uk/id/7000000000186625,http://data.ordnancesurvey.co.uk/ontology/admingeo/UnitaryAuthority,Scotland,http://data.ordnancesurvey.co.uk/id/7000000000041429,Scotland,http://data.ordnancesurvey.co.uk/id/country/scotland,,,
osgb4000000074588225,http://data.ordnancesurvey.co.uk/id/4000000074588225,Geodha an t-Srathain,,,,landform,Other Coastal Landform,249057,963959,1000,15000,248798,963709,249298,964209,IV27,http://data.ordnancesurvey.co.uk/id/postcodedistrict/IV27,,,,,,,Highland,http://data.ordnancesurvey.co.uk/id/7000000000186625,http://data.ordnancesurvey.co.uk/ontology/admingeo/UnitaryAuthority,Scotland,http://data.ordnancesurvey.co.uk/id/7000000000041429,Scotland,http://data.ordnancesurvey.co.uk/id/country/scotland,,,
osgb4000000074611414,http://data.ordnancesurvey.co.uk/id/4000000074611414,A' chlèit,,,,landform,Island,244314,962031,1000,800000,244064,961776,244564,962276,IV27,http://data.ordnancesurvey.co.uk/id/postcodedistrict/IV27,,,,,,,Highland,http://data.ordnancesurvey.co.uk/id/7000000000186625,http://data.ordnancesurvey.co.uk/ontology/admingeo/UnitaryAuthority,Scotland,http://data.ordnancesurvey.co.uk/id/7000000000041429,Scotland,http://data.ordnancesurvey.co.uk/id/country/scotland,,,
osgb4000000074750876,http://data.ordnancesurvey.co.uk/id/4000000074750876,Bàgh Thalmin Beag,,,,landcover,Wetland,259164,962280,3000,200000,258930,962030,259430,962530,IV27,http://data.ordnancesurvey.co.uk/id/postcodedistrict/IV27,,,,,,,Highland,http://data.ordnancesurvey.co.uk/id/7000000000186625,http://data.ordnancesurvey.co.uk/ontology/admingeo/UnitaryAuthority,Scotland,http://data.ordnancesurvey.co.uk/id/7000000000041429,Scotland,http://data.ordnancesurvey.co.uk/id/country/scotland,,,
osgb4000000074750425,http://data.ordnancesurvey.co.uk/id/4000000074750425,A' Chioch,,,,landform,Coastal Headland,252694,968564,1000,750000,252444,968311,252944,968811,IV27,http://data.ordnancesurvey.co.uk/id/postcodedistrict/IV27,,,,,,,Highland,http://data.ordnancesurvey.co.uk/id/7000000000186625,http://data.ordnancesurvey.co.uk/ontology/admingeo/UnitaryAuthority,Scotland,http://data.ordnancesurvey.co.uk/id/7000000000041429,Scotland,http://data.ordnancesurvey.co.uk/id/country/scotland,,,
osgb4000000074605880,http://data.ordnancesurvey.co.uk/id/4000000074605880,Cnoc Dubh,,,,landform,Hill Or Mountain,254296,962447,1000,300000,254046,962197,254546,962697,IV27,http://data.ordnancesurvey.co.uk/id/postcodedistrict/IV27,,,,,,,Highland,http://data.ordnancesurvey.co.uk/id/7000000000186625,http://data.ordnancesurvey.co.uk/ontology/admingeo/UnitaryAuthority,Scotland,http://data.ordnancesurvey.co.uk/id/7000000000041429,Scotland,http://data.ordnancesurvey.co.uk/id/country/scotland,,,
osgb4000000074721544,http://data.ordnancesurvey.co.uk/id/4000000074721544,Sron a' Chorain,,,,landcover,Wetland,258650,960305,2000,200000,258400,960157,258900,960657,IV27,http://data.ordnancesurvey.co.uk/id/postcodedistrict/IV27,,,,,,,Highland,http://data.ordnancesurvey.co.uk/id/7000000000186625,http://data.ordnancesurvey.co.uk/ontology/admingeo/UnitaryAuthority,Scotland,http://data.ordnancesurvey.co.uk/id/7000000000041429,Scotland,http://data.ordnancesurvey.co.uk/id/country/scotland,,,
osgb4000000074751581,http://data.ordnancesurvey.co.uk/id/4000000074751581,Rubh' a' Mhuilt,,,,landform,Coastal Headland,247349,962428,4000,750000,247029,962178,247632,962678,IV27,http://data.ordnancesurvey.co.uk/id/postcodedistrict/IV27,,,,,,,Highland,http://data.ordnancesurvey.co.uk/id/7000000000186625,http://data.ordnancesurvey.co.uk/ontology/admingeo/UnitaryAuthority,Scotland,http://data.ordnancesurvey.co.uk/id/7000000000041429,Scotland,http://data.ordnancesurvey.co.uk/id/country/scotland,,,
osgb4000000074751583,http://data.ordnancesurvey.co.uk/id/4000000074751583,Rubha Ruadh,,,,landform,Other Coastal Landform,245017,962710,2000,50000,244729,962460,245229,962960,IV27,http://data.ordnancesurvey.co.uk/id/postcodedistrict/IV27,,,,,,,Highland,http://data.ordnancesurvey.co.uk/id/7000000000186625,http://data.ordnancesurvey.co.uk/ontology/admingeo/UnitaryAuthority,Scotland,http://data.ordnancesurvey.co.uk/id/7000000000041429,Scotland,http://data.ordnancesurvey.co.uk/id/country/scotland,,,
osgb4000000074750965,http://data.ordnancesurvey.co.uk/id/4000000074750965,An Stac,,,,landform,Coastal Headland,252253,968572,2000,750000,252003,968315,252503,968815,IV27,http://data.ordnancesurvey.co.uk/id/postcodedistrict/IV27,,,,,,,Highland,http://data.ordnancesurvey.co.uk/id/7000000000186625,http://data.ordnancesurvey.co.uk/ontology/admingeo/UnitaryAuthority,Scotland,http://data.ordnancesurvey.co.uk/id/7000000000041429,Scotland,http://data.ordnancesurvey.co.uk/id/country/scotland,,,
osgb4000000074784754,http://data.ordnancesurvey.co.uk/id/4000000074784754,Geodh' a' Bhàthaich,,,,landform,Other Coastal Landform,249085,967143,1000,15000,248831,966893,249331,967393,IV27,http://data.ordnancesurvey.co.uk/id/postcodedistrict/IV27,,,,,,,Highland,http://data.ordnancesurvey.co.uk/id/7000000000186625,http://data.ordnancesurvey.co.uk/ontology/admingeo/UnitaryAuthority,Scotland,http://data.ordnancesurvey.co.uk/id/7000000000041429,Scotland,http://data.ordnancesurvey.co.uk/id/country/scotland,,,
osgb4000000074750417,http://data.ordnancesurvey.co.uk/id/4000000074750417,Geodha Raineach,,,,landform,Other Coastal Landform,257354,965662,1000,15000,257114,965412,257614,965912,IV27,http://data.ordnancesurvey.co.uk/id/postcodedistrict/IV27,,,,,,,Highland,http://data.ordnancesurvey.co.uk/id/7000000000186625,http://data.ordnancesurvey.co.uk/ontology/admingeo/UnitaryAuthority,Scotland,http://data.ordnancesurvey.co.uk/id/7000000000041429,Scotland,http://data.ordnancesurvey.co.uk/id/country/scotland,,,
osgb4000000074589040,http://data.ordnancesurvey.co.uk/id/4000000074589040,Dubh-sgeir Bheag,,,,landform,Other Coastal Landform,259131,963267,1000,50000,258881,963018,259381,963518,IV27,http://data.ordnancesurvey.co.uk/id/postcodedistrict/IV27,,,,,,,Highland,http://data.ordnancesurvey.co.uk/id/7000000000186625,http://data.ordnancesurvey.co.uk/ontology/admingeo/UnitaryAuthority,Scotland,http://data.ordnancesurvey.co.uk/id/7000000000041429,Scotland,http://data.ordnancesurvey.co.uk/id/country/scotland,,,
osgb4000000074607993,http://data.ordnancesurvey.co.uk/id/4000000074607993,Cnoc nan Gobhar,,,,landform,Hill Or Mountain,249064,963153,1000,300000,248814,962903,249314,963403,IV27,http://data.ordnancesurvey.co.uk/id/postcodedistrict/IV27,,,,,,,Highland,http://data.ordnancesurvey.co.uk/id/7000000000186625,http://data.ordnancesurvey.co.uk/ontology/admingeo/UnitaryAuthority,Scotland,http://data.ordnancesurvey.co.uk/id/7000000000041429,Scotland,http://data.ordnancesurvey.co.uk/id/country/scotland,,,
osgb4000000074800507,http://data.ordnancesurvey.co.uk/id/4000000074800507,Lochan nam Breac Buidhe,,,,hydrography,Inland Water,252591,964419,1000,500000,252341,964172,252841,964672,IV27,http://data.ordnancesurvey.co.uk/id/postcodedistrict/IV27,,,,,,,Highland,http://data.ordnancesurvey.co.uk/id/7000000000186625,http://data.ordnancesurvey.co.uk/ontology/admingeo/UnitaryAuthority,Scotland,http://data.ordnancesurvey.co.uk/id/7000000000041429,Scotland,http://data.ordnancesurvey.co.uk/id/country/scotland,,,
osgb4000000074751582,http://data.ordnancesurvey.co.uk/id/4000000074751582,Geodha Raineach,,,,landform,Other Coastal Landform,249005,965008,1000,15000,248755,964762,249255,965262,IV27,http://data.ordnancesurvey.co.uk/id/postcodedistrict/IV27,,,,,,,Highland,http://data.ordnancesurvey.co.uk/id/7000000000186625,http://data.ordnancesurvey.co.uk/ontology/admingeo/UnitaryAuthority,Scotland,http://data.ordnancesurvey.co.uk/id/7000000000041429,Scotland,http://data.ordnancesurvey.co.uk/id/country/scotland,,,
osgb4000000074800353,http://data.ordnancesurvey.co.uk/id/4000000074800353,Lochan na Claise Domhain,,,,hydrography,Inland Water,256882,965874,1000,500000,256631,965624,257131,966124,IV27,http://data.ordnancesurvey.co.uk/id/postcodedistrict/IV27,,,,,,,Highland,http://data.ordnancesurvey.co.uk/id/7000000000186625,http://data.ordnancesurvey.co.uk/ontology/admingeo/UnitaryAuthority,Scotland,http://data.ordnancesurvey.co.uk/id/7000000000041429,Scotland,http://data.ordnancesurvey.co.uk/id/country/scotland,,,
osgb4000000074800508,http://data.ordnancesurvey.co.uk/id/4000000074800508,Loch Fada,,,,hydrography,Inland Water,252912,964557,1000,500000,252662,964305,253162,964805,IV27,http://data.ordnancesurvey.co.uk/id/postcodedistrict/IV27,,,,,,,Highland,http://data.ordnancesurvey.co.uk/id/7000000000186625,http://data.ordnancesurvey.co.uk/ontology/admingeo/UnitaryAuthority,Scotland,http://data.ordnancesurvey.co.uk/id/7000000000041429,Scotland,http://data.ordnancesurvey.co.uk/id/country/scotland,,,
osgb4000000074750901,http://data.ordnancesurvey.co.uk/id/4000000074750901,Geodha Ruadh,,,,landform,Other Coastal Landform,256176,966621,1000,15000,255929,966372,256429,966872,IV27,http://data.ordnancesurvey.co.uk/id/postcodedistrict/IV27,,,,,,,Highland,http://data.ordnancesurvey.co.uk/id/7000000000186625,http://data.ordnancesurvey.co.uk/ontology/admingeo/UnitaryAuthority,Scotland,http://data.ordnancesurvey.co.uk/id/7000000000041429,Scotland,http://data.ordnancesurvey.co.uk/id/country/scotland,,,
osgb4000000074800779,http://data.ordnancesurvey.co.uk/id/4000000074800779,Loch nam Biast,,,,hydrography,Inland Water,250229,966340,3000,500000,249979,966196,250479,966696,IV27,http://data.ordnancesurvey.co.uk/id/postcodedistrict/IV27,,,,,,,Highland,http://data.ordnancesurvey.co.uk/id/7000000000186625,http://data.ordnancesurvey.co.uk/ontology/admingeo/UnitaryAuthority,Scotland,http://data.ordnancesurvey.co.uk/id/7000000000041429,Scotland,http://data.ordnancesurvey.co.uk/id/country/scotland,,,
osgb4000000074611834,http://data.ordnancesurvey.co.uk/id/4000000074611834,Eilean Hoan,,,,landform,Island,244701,967471,9000,800000,243749,967068,245081,967874,IV27,http://data.ordnancesurvey.co.uk/id/postcodedistrict/IV27,,,,,,,Highland,http://data.ordnancesurvey.co.uk/id/7000000000186625,http://data.ordnancesurvey.co.uk/ontology/admingeo/UnitaryAuthority,Scotland,http://data.ordnancesurvey.co.uk/id/7000000000041429,Scotland,http://data.ordnancesurvey.co.uk/id/country/scotland,,,
osgb4000000074777009,http://data.ordnancesurvey.co.uk/id/4000000074777009,Cnoc nan Uamhag,,,,landform,Hill Or Mountain,243720,966080,1000,300000,243470,965830,243970,966330,IV27,http://data.ordnancesurvey.co.uk/id/postcodedistrict/IV27,,,,,,,Highland,http://data.ordnancesurvey.co.uk/id/7000000000186625,http://data.ordnancesurvey.co.uk/ontology/admingeo/UnitaryAuthority,Scotland,http://data.ordnancesurvey.co.uk/id/7000000000041429,Scotland,http://data.ordnancesurvey.co.uk/id/country/scotland,,,
osgb4000000074786827,http://data.ordnancesurvey.co.uk/id/4000000074786827,Mol Mhòr,,,,hydrography,Tidal Water,249532,968143,1000,150000,249282,967883,249782,968383,IV27,http://data.ordnancesurvey.co.uk/id/postcodedistrict/IV27,,,,,,,Highland,http://data.ordnancesurvey.co.uk/id/7000000000186625,http://data.ordnancesurvey.co.uk/ontology/admingeo/UnitaryAuthority,Scotland,http://data.ordnancesurvey.co.uk/id/7000000000041429,Scotland,http://data.ordnancesurvey.co.uk/id/country/scotland,,,
osgb4000000074610997,http://data.ordnancesurvey.co.uk/id/4000000074610997,Eilean a' Chaoil,,,,landform,Island,259148,965007,3000,800000,258898,964797,259398,965297,IV27,http://data.ordnancesurvey.co.uk/id/postcodedistrict/IV27,,,,,,,Highland,http://data.ordnancesurvey.co.uk/id/7000000000186625,http://data.ordnancesurvey.co.uk/ontology/admingeo/UnitaryAuthority,Scotland,http://data.ordnancesurvey.co.uk/id/7000000000041429,Scotland,http://data.ordnancesurvey.co.uk/id/country/scotland,,,
osgb4000000074751586,http://data.ordnancesurvey.co.uk/id/4000000074751586,Clais Chàrnach,,,,landform,Other Coastal Landform,243958,965245,1000,20000,243708,965023,244208,965523,IV27,http://data.ordnancesurvey.co.uk/id/postcodedistrict/IV27,,,,,,,Highland,http://data.ordnancesurvey.co.uk/id/7000000000186625,http://data.ordnancesurvey.co.uk/ontology/admingeo/UnitaryAuthority,Scotland,http://data.ordnancesurvey.co.uk/id/7000000000041429,Scotland,http://data.ordnancesurvey.co.uk/id/country/scotland,,,
osgb4000000074603495,http://data.ordnancesurvey.co.uk/id/4000000074603495,Sgeir Leathan,,,,landform,Other Coastal Landform,243027,966731,1000,50000,242777,966483,243277,966983,IV27,http://data.ordnancesurvey.co.uk/id/postcodedistrict/IV27,,,,,,,Highland,http://data.ordnancesurvey.co.uk/id/7000000000186625,http://data.ordnancesurvey.co.uk/ontology/admingeo/UnitaryAuthority,Scotland,http://data.ordnancesurvey.co.uk/id/7000000000041429,Scotland,http://data.ordnancesurvey.co.uk/id/country/scotland,,,
osgb4000000074717968,http://data.ordnancesurvey.co.uk/id/4000000074717968,Strath Melness,,,,landform,Valley,256585,964091,9000,800000,256206,963310,256964,964732,IV27,http://data.ordnancesurvey.co.uk/id/postcodedistrict/IV27,,,,,,,Highland,http://data.ordnancesurvey.co.uk/id/7000000000186625,http://data.ordnancesurvey.co.uk/ontology/admingeo/UnitaryAuthority,Scotland,http://data.ordnancesurvey.co.uk/id/7000000000041429,Scotland,http://data.ordnancesurvey.co.uk/id/country/scotland,,,
osgb4000000074610996,http://data.ordnancesurvey.co.uk/id/4000000074610996,Eilean Creagach,,,,landform,Other Coastal Landform,258876,963092,1000,50000,258626,962842,259126,963342,IV27,http://data.ordnancesurvey.co.uk/id/postcodedistrict/IV27,,,,,,,Highland,http://data.ordnancesurvey.co.uk/id/7000000000186625,http://data.ordnancesurvey.co.uk/ontology/admingeo/UnitaryAuthority,Scotland,http://data.ordnancesurvey.co.uk/id/7000000000041429,Scotland,http://data.ordnancesurvey.co.uk/id/country/scotland,,,
osgb4000000074800506,http://data.ordnancesurvey.co.uk/id/4000000074800506,Loch na Clach Geal,,,,hydrography,Inland Water,252990,963464,1000,500000,252740,963239,253240,963739,IV27,http://data.ordnancesurvey.co.uk/id/postcodedistrict/IV27,,,,,,,Highland,http://data.ordnancesurvey.co.uk/id/7000000000186625,http://data.ordnancesurvey.co.uk/ontology/admingeo/UnitaryAuthority,Scotland,http://data.ordnancesurvey.co.uk/id/7000000000041429,Scotland,http://data.ordnancesurvey.co.uk/id/country/scotland,,,
osgb4000000074750436,http://data.ordnancesurvey.co.uk/id/4000000074750436,Rubha na Grìosaich,,,,landform,Coastal Headland,244050,965935,2000,750000,243829,965686,244329,966186,IV27,http://data.ordnancesurvey.co.uk/id/postcodedistrict/IV27,,,,,,,Highland,http://data.ordnancesurvey.co.uk/id/7000000000186625,http://data.ordnancesurvey.co.uk/ontology/admingeo/UnitaryAuthority,Scotland,http://data.ordnancesurvey.co.uk/id/7000000000041429,Scotland,http://data.ordnancesurvey.co.uk/id/country/scotland,,,
osgb4000000074799925,http://data.ordnancesurvey.co.uk/id/4000000074799925,Loch Maovally,,,,hydrography,Inland Water,251006,960122,3000,500000,250757,959873,251260,960373,IV27,http://data.ordnancesurvey.co.uk/id/postcodedistrict/IV27,,,,,,,Highland,http://data.ordnancesurvey.co.uk/id/7000000000186625,http://data.ordnancesurvey.co.uk/ontology/admingeo/UnitaryAuthority,Scotland,http://data.ordnancesurvey.co.uk/id/7000000000041429,Scotland,http://data.ordnancesurvey.co.uk/id/country/scotland,,,
osgb4000000074800634,http://data.ordnancesurvey.co.uk/id/4000000074800634,Lochan na Seilg,,,,hydrography,Inland Water,253731,965906,5000,40000,253481,965496,253981,966231,IV27,http://data.ordnancesurvey.co.uk/id/postcodedistrict/IV27,,,,,,,Highland,http://data.ordnancesurvey.co.uk/id/7000000000186625,http://data.ordnancesurvey.co.uk/ontology/admingeo/UnitaryAuthority,Scotland,http://data.ordnancesurvey.co.uk/id/7000000000041429,Scotland,http://data.ordnancesurvey.co.uk/id/country/scotland,,,
osgb4000000074750899,http://data.ordnancesurvey.co.uk/id/4000000074750899,Creag Mhòr,,,,landform,Other Coastal Landform,258573,964712,2000,20000,258317,964463,258817,964963,IV27,http://data.ordnancesurvey.co.uk/id/postcodedistrict/IV27,,,,,,,Highland,http://data.ordnancesurvey.co.uk/id/7000000000186625,http://data.ordnancesurvey.co.uk/ontology/admingeo/UnitaryAuthority,Scotland,http://data.ordnancesurvey.co.uk/id/7000000000041429,Scotland,http://data.ordnancesurvey.co.uk/id/country/scotland,,,
osgb4000000074786871,http://data.ordnancesurvey.co.uk/id/4000000074786871,Pollag na Lùibe,,,,hydrography,Tidal Water,242438,967529,1000,150000,242159,967279,242659,967779,IV27,http://data.ordnancesurvey.co.uk/id/postcodedistrict/IV27,,,,,,,Highland,http://data.ordnancesurvey.co.uk/id/7000000000186625,http://data.ordnancesurvey.co.uk/ontology/admingeo/UnitaryAuthority,Scotland,http://data.ordnancesurvey.co.uk/id/7000000000041429,Scotland,http://data.ordnancesurvey.co.uk/id/country/scotland,,,
osgb4000000074750964,http://data.ordnancesurvey.co.uk/id/4000000074750964,Geodha nam Barnach,,,,landform,Other Coastal Landform,252083,968472,1000,15000,251834,968229,252334,968729,IV27,http://data.ordnancesurvey.co.uk/id/postcodedistrict/IV27,,,,,,,Highland,http://data.ordnancesurvey.co.uk/id/7000000000186625,http://data.ordnancesurvey.co.uk/ontology/admingeo/UnitaryAuthority,Scotland,http://data.ordnancesurvey.co.uk/id/7000000000041429,Scotland,http://data.ordnancesurvey.co.uk/id/country/scotland,,,
osgb4000000074799438,http://data.ordnancesurvey.co.uk/id/4000000074799438,Port Chamuill,,,,hydrography,Bay,243325,961128,6000,150000,243076,960503,243576,961386,IV27,http://data.ordnancesurvey.co.uk/id/postcodedistrict/IV27,,,,,,,Highland,http://data.ordnancesurvey.co.uk/id/7000000000186625,http://data.ordnancesurvey.co.uk/ontology/admingeo/UnitaryAuthority,Scotland,http://data.ordnancesurvey.co.uk/id/7000000000041429,Scotland,http://data.ordnancesurvey.co.uk/id/country/scotland,,,
osgb4000000074750900,http://data.ordnancesurvey.co.uk/id/4000000074750900,Sròn an Daimh,,,,landform,Coastal Headland,257215,966015,1000,750000,256965,965745,257465,966245,IV27,http://data.ordnancesurvey.co.uk/id/postcodedistrict/IV27,,,,,,,Highland,http://data.ordnancesurvey.co.uk/id/7000000000186625,http://data.ordnancesurvey.co.uk/ontology/admingeo/UnitaryAuthority,Scotland,http://data.ordnancesurvey.co.uk/id/7000000000041429,Scotland,http://data.ordnancesurvey.co.uk/id/country/scotland,,,
osgb4000000074605881,http://data.ordnancesurvey.co.uk/id/4000000074605881,Cnoc Maovally,,,,landform,Hill Or Mountain,250727,960942,1000,300000,250477,960692,250977,961192,IV27,http://data.ordnancesurvey.co.uk/id/postcodedistrict/IV27,,,,,,,Highland,http://data.ordnancesurvey.co.uk/id/7000000000186625,http://data.ordnancesurvey.co.uk/ontology/admingeo/UnitaryAuthority,Scotland,http://data.ordnancesurvey.co.uk/id/7000000000041429,Scotland,http://data.ordnancesurvey.co.uk/id/country/scotland,,,
osgb4000000074750421,http://data.ordnancesurvey.co.uk/id/4000000074750421,Geodha nan Aigheann,,,,landform,Other Coastal Landform,253351,968276,2000,15000,253088,968026,253588,968526,IV27,http://data.ordnancesurvey.co.uk/id/postcodedistrict/IV27,,,,,,,Highland,http://data.ordnancesurvey.co.uk/id/7000000000186625,http://data.ordnancesurvey.co.uk/ontology/admingeo/UnitaryAuthority,Scotland,http://data.ordnancesurvey.co.uk/id/7000000000041429,Scotland,http://data.ordnancesurvey.co.uk/id/country/scotland,,,
osgb4000000074776332,http://data.ordnancesurvey.co.uk/id/4000000074776332,Cnoc nan Gobhar,,,,landform,Hill Or Mountain,257450,964520,1000,300000,257200,964270,257700,964770,IV27,http://data.ordnancesurvey.co.uk/id/postcodedistrict/IV27,,,,,,,Highland,http://data.ordnancesurvey.co.uk/id/7000000000186625,http://data.ordnancesurvey.co.uk/ontology/admingeo/UnitaryAuthority,Scotland,http://data.ordnancesurvey.co.uk/id/7000000000041429,Scotland,http://data.ordnancesurvey.co.uk/id/country/scotland,,,
osgb4000000074750976,http://data.ordnancesurvey.co.uk/id/4000000074750976,Leirinbeg,,,,landform,Coastal Headland,241531,967565,6000,750000,241056,967177,242049,967953,IV27,http://data.ordnancesurvey.co.uk/id/postcodedistrict/IV27,,,,,,,Highland,http://data.ordnancesurvey.co.uk/id/7000000000186625,http://data.ordnancesurvey.co.uk/ontology/admingeo/UnitaryAuthority,Scotland,http://data.ordnancesurvey.co.uk/id/7000000000041429,Scotland,http://data.ordnancesurvey.co.uk/id/country/scotland,,,
osgb4000000074801793,http://data.ordnancesurvey.co.uk/id/4000000074801793,Loch Cragaidh,,,,hydrography,Inland Water,245976,960201,2000,500000,245727,960010,246227,960510,IV27,http://data.ordnancesurvey.co.uk/id/postcodedistrict/IV27,,,,,,,Highland,http://data.ordnancesurvey.co.uk/id/7000000000186625,http://data.ordnancesurvey.co.uk/ontology/admingeo/UnitaryAuthority,Scotland,http://data.ordnancesurvey.co.uk/id/7000000000041429,Scotland,http://data.ordnancesurvey.co.uk/id/country/scotland,,,
osgb4000000074814905,http://data.ordnancesurvey.co.uk/id/4000000074814905,An Dubh-loch,,,,hydrography,Inland Water,255097,960035,3000,500000,254847,959809,255347,960309,IV27,http://data.ordnancesurvey.co.uk/id/postcodedistrict/IV27,,,,,,,Highland,http://data.ordnancesurvey.co.uk/id/7000000000186625,http://data.ordnancesurvey.co.uk/ontology/admingeo/UnitaryAuthority,Scotland,http://data.ordnancesurvey.co.uk/id/7000000000041429,Scotland,http://data.ordnancesurvey.co.uk/id/country/scotland,,,
osgb4000000074586599,http://data.ordnancesurvey.co.uk/id/4000000074586599,Creag Ruadh,,,,landform,Other Coastal Landform,242649,967137,1000,50000,242399,966905,242899,967405,IV27,http://data.ordnancesurvey.co.uk/id/postcodedistrict/IV27,,,,,,,Highland,http://data.ordnancesurvey.co.uk/id/7000000000186625,http://data.ordnancesurvey.co.uk/ontology/admingeo/UnitaryAuthority,Scotland,http://data.ordnancesurvey.co.uk/id/7000000000041429,Scotland,http://data.ordnancesurvey.co.uk/id/country/scotland,,,
osgb4000000074605879,http://data.ordnancesurvey.co.uk/id/4000000074605879,Cnoc Eilig,,,,landform,Hill Or Mountain,255397,961899,1000,300000,255147,961649,255647,962149,IV27,http://data.ordnancesurvey.co.uk/id/postcodedistrict/IV27,,,,,,,Highland,http://data.ordnancesurvey.co.uk/id/7000000000186625,http://data.ordnancesurvey.co.uk/ontology/admingeo/UnitaryAuthority,Scotland,http://data.ordnancesurvey.co.uk/id/7000000000041429,Scotland,http://data.ordnancesurvey.co.uk/id/country/scotland,,,
osgb4000000074789135,http://data.ordnancesurvey.co.uk/id/4000000074789135,Portnancon,,,,hydrography,Bay,242785,960306,1000,150000,242536,960045,243036,960545,IV27,http://data.ordnancesurvey.co.uk/id/postcodedistrict/IV27,,,,,,,Highland,http://data.ordnancesurvey.co.uk/id/7000000000186625,http://data.ordnancesurvey.co.uk/ontology/admingeo/UnitaryAuthority,Scotland,http://data.ordnancesurvey.co.uk/id/7000000000041429,Scotland,http://data.ordnancesurvey.co.uk/id/country/scotland,,,
osgb4000000074611836,http://data.ordnancesurvey.co.uk/id/4000000074611836,An Cruachan,,,,landform,Other Coastal Landform,243486,967841,1000,50000,243234,967591,243734,968091,IV27,http://data.ordnancesurvey.co.uk/id/postcodedistrict/IV27,,,,,,,Highland,http://data.ordnancesurvey.co.uk/id/7000000000186625,http://data.ordnancesurvey.co.uk/ontology/admingeo/UnitaryAuthority,Scotland,http://data.ordnancesurvey.co.uk/id/7000000000041429,Scotland,http://data.ordnancesurvey.co.uk/id/country/scotland,,,
osgb4000000074786912,http://data.ordnancesurvey.co.uk/id/4000000074786912,Bàgh Geal,,,,hydrography,Bay,242351,967583,1000,150000,242089,967333,242589,967833,IV27,http://data.ordnancesurvey.co.uk/id/postcodedistrict/IV27,,,,,,,Highland,http://data.ordnancesurvey.co.uk/id/7000000000186625,http://data.ordnancesurvey.co.uk/ontology/admingeo/UnitaryAuthority,Scotland,http://data.ordnancesurvey.co.uk/id/7000000000041429,Scotland,http://data.ordnancesurvey.co.uk/id/country/scotland,,,
osgb4000000074610999,http://data.ordnancesurvey.co.uk/id/4000000074610999,Stac Beag,,,,landform,Other Coastal Landform,257989,965625,1000,50000,257740,965375,258240,965875,IV27,http://data.ordnancesurvey.co.uk/id/postcodedistrict/IV27,,,,,,,Highland,http://data.ordnancesurvey.co.uk/id/7000000000186625,http://data.ordnancesurvey.co.uk/ontology/admingeo/UnitaryAuthority,Scotland,http://data.ordnancesurvey.co.uk/id/7000000000041429,Scotland,http://data.ordnancesurvey.co.uk/id/country/scotland,,,
osgb4000000074721545,http://data.ordnancesurvey.co.uk/id/4000000074721545,Tràigh Allt Chàilgeag,,,,landcover,Beach,244241,965711,3000,100000,243992,965429,244492,965929,IV27,http://data.ordnancesurvey.co.uk/id/postcodedistrict/IV27,,,,,,,Highland,http://data.ordnancesurvey.co.uk/id/7000000000186625,http://data.ordnancesurvey.co.uk/ontology/admingeo/UnitaryAuthority,Scotland,http://data.ordnancesurvey.co.uk/id/7000000000041429,Scotland,http://data.ordnancesurvey.co.uk/id/country/scotland,,,
osgb4000000074800632,http://data.ordnancesurvey.co.uk/id/4000000074800632,Loch na Ra'fin,,,,hydrography,Inland Water,250523,965345,2000,500000,250273,965076,250773,965576,IV27,http://data.ordnancesurvey.co.uk/id/postcodedistrict/IV27,,,,,,,Highland,http://data.ordnancesurvey.co.uk/id/7000000000186625,http://data.ordnancesurvey.co.uk/ontology/admingeo/UnitaryAuthority,Scotland,http://data.ordnancesurvey.co.uk/id/7000000000041429,Scotland,http://data.ordnancesurvey.co.uk/id/country/scotland,,,
osgb4000000074750980,http://data.ordnancesurvey.co.uk/id/4000000074750980,Geodha Brat,,,,landform,Other Coastal Landform,240598,968589,1000,15000,240348,968337,240848,968837,IV27,http://data.ordnancesurvey.co.uk/id/postcodedistrict/IV27,,,,,,,Highland,http://data.ordnancesurvey.co.uk/id/7000000000186625,http://data.ordnancesurvey.co.uk/ontology/admingeo/UnitaryAuthority,Scotland,http://data.ordnancesurvey.co.uk/id/7000000000041429,Scotland,http://data.ordnancesurvey.co.uk/id/country/scotland,,,
osgb4000000074608412,http://data.ordnancesurvey.co.uk/id/4000000074608412,Creag Ruadh,,,,landform,Hill Or Mountain,248687,962033,1000,300000,248437,961783,248937,962283,IV27,http://data.ordnancesurvey.co.uk/id/postcodedistrict/IV27,,,,,,,Highland,http://data.ordnancesurvey.co.uk/id/7000000000186625,http://data.ordnancesurvey.co.uk/ontology/admingeo/UnitaryAuthority,Scotland,http://data.ordnancesurvey.co.uk/id/7000000000041429,Scotland,http://data.ordnancesurvey.co.uk/id/country/scotland,,,
osgb4000000074605455,http://data.ordnancesurvey.co.uk/id/4000000074605455,Cnoc an Airbhe,,,,landform,Hill Or Mountain,258484,961886,1000,300000,258234,961636,258734,962136,IV27,http://data.ordnancesurvey.co.uk/id/postcodedistrict/IV27,,,,,,,Highland,http://data.ordnancesurvey.co.uk/id/7000000000186625,http://data.ordnancesurvey.co.uk/ontology/admingeo/UnitaryAuthority,Scotland,http://data.ordnancesurvey.co.uk/id/7000000000041429,Scotland,http://data.ordnancesurvey.co.uk/id/country/scotland,,,
osgb4000000074750434,http://data.ordnancesurvey.co.uk/id/4000000074750434,Rubha Creag Iain,,,,landform,Other Coastal Landform,245130,965803,1000,20000,244882,965553,245382,966053,IV27,http://data.ordnancesurvey.co.uk/id/postcodedistrict/IV27,,,,,,,Highland,http://data.ordnancesurvey.co.uk/id/7000000000186625,http://data.ordnancesurvey.co.uk/ontology/admingeo/UnitaryAuthority,Scotland,http://data.ordnancesurvey.co.uk/id/7000000000041429,Scotland,http://data.ordnancesurvey.co.uk/id/country/scotland,,,
osgb4000000074776282,http://data.ordnancesurvey.co.uk/id/4000000074776282,Cnoc Odhar,,,,landform,Hill Or Mountain,256050,964469,1000,300000,255800,964219,256300,964719,IV27,http://data.ordnancesurvey.co.uk/id/postcodedistrict/IV27,,,,,,,Highland,http://data.ordnancesurvey.co.uk/id/7000000000186625,http://data.ordnancesurvey.co.uk/ontology/admingeo/UnitaryAuthority,Scotland,http://data.ordnancesurvey.co.uk/id/7000000000041429,Scotland,http://data.ordnancesurvey.co.uk/id/country/scotland,,,
osgb4000000074610998,http://data.ordnancesurvey.co.uk/id/4000000074610998,Stac Dubh,,,,landform,Other Coastal Landform,258477,965530,1000,50000,258230,965280,258730,965780,IV27,http://data.ordnancesurvey.co.uk/id/postcodedistrict/IV27,,,,,,,Highland,http://data.ordnancesurvey.co.uk/id/7000000000186625,http://data.ordnancesurvey.co.uk/ontology/admingeo/UnitaryAuthority,Scotland,http://data.ordnancesurvey.co.uk/id/7000000000041429,Scotland,http://data.ordnancesurvey.co.uk/id/country/scotland,,,
osgb4000000074750972,http://data.ordnancesurvey.co.uk/id/4000000074750972,Creag na Griosaich,,,,landform,Other Coastal Landform,242796,960664,3000,20000,242519,960414,243042,960914,IV27,http://data.ordnancesurvey.co.uk/id/postcodedistrict/IV27,,,,,,,Highland,http://data.ordnancesurvey.co.uk/id/7000000000186625,http://data.ordnancesurvey.co.uk/ontology/admingeo/UnitaryAuthority,Scotland,http://data.ordnancesurvey.co.uk/id/7000000000041429,Scotland,http://data.ordnancesurvey.co.uk/id/country/scotland,,,
osgb4000000074786869,http://data.ordnancesurvey.co.uk/id/4000000074786869,Bàgh nam Faochag,,,,hydrography,Bay,244952,965661,2000,150000,244696,965411,245196,965911,IV27,http://data.ordnancesurvey.co.uk/id/postcodedistrict/IV27,,,,,,,Highland,http://data.ordnancesurvey.co.uk/id/7000000000186625,http://data.ordnancesurvey.co.uk/ontology/admingeo/UnitaryAuthority,Scotland,http://data.ordnancesurvey.co.uk/id/7000000000041429,Scotland,http://data.ordnancesurvey.co.uk/id/country/scotland,,,
osgb4000000074750422,http://data.ordnancesurvey.co.uk/id/4000000074750422,An Eigin Mhòr,,,,landform,Other Coastal Landform,253727,968364,3000,50000,253456,968114,253956,968614,IV27,http://data.ordnancesurvey.co.uk/id/postcodedistrict/IV27,,,,,,,Highland,http://data.ordnancesurvey.co.uk/id/7000000000186625,http://data.ordnancesurvey.co.uk/ontology/admingeo/UnitaryAuthority,Scotland,http://data.ordnancesurvey.co.uk/id/7000000000041429,Scotland,http://data.ordnancesurvey.co.uk/id/country/scotland,,,
osgb4000000074786914,http://data.ordnancesurvey.co.uk/id/4000000074786914,Burragaig,,,,hydrography,Bay,240189,969596,5000,150000,239896,969308,240589,969884,IV27,http://data.ordnancesurvey.co.uk/id/postcodedistrict/IV27,,,,,,,Highland,http://data.ordnancesurvey.co.uk/id/7000000000186625,http://data.ordnancesurvey.co.uk/ontology/admingeo/UnitaryAuthority,Scotland,http://data.ordnancesurvey.co.uk/id/7000000000041429,Scotland,http://data.ordnancesurvey.co.uk/id/country/scotland,,,
osgb4000000074799767,http://data.ordnancesurvey.co.uk/id/4000000074799767,Loch a' Choire,,,,hydrography,Inland Water,246644,961249,2000,500000,246394,960933,246894,961433,IV27,http://data.ordnancesurvey.co.uk/id/postcodedistrict/IV27,,,,,,,Highland,http://data.ordnancesurvey.co.uk/id/7000000000186625,http://data.ordnancesurvey.co.uk/ontology/admingeo/UnitaryAuthority,Scotland,http://data.ordnancesurvey.co.uk/id/7000000000041429,Scotland,http://data.ordnancesurvey.co.uk/id/country/scotland,,,
osgb4000000074606300,http://data.ordnancesurvey.co.uk/id/4000000074606300,Ben Hutig,,,,landform,Hill Or Mountain,253859,965288,1000,300000,253609,965038,254109,965538,IV27,http://data.ordnancesurvey.co.uk/id/postcodedistrict/IV27,,,,,,,Highland,http://data.ordnancesurvey.co.uk/id/7000000000186625,http://data.ordnancesurvey.co.uk/ontology/admingeo/UnitaryAuthority,Scotland,http://data.ordnancesurvey.co.uk/id/7000000000041429,Scotland,http://data.ordnancesurvey.co.uk/id/country/scotland,,,
osgb4000000074750978,http://data.ordnancesurvey.co.uk/id/4000000074750978,Creag Thairbhe,,,,landform,Coastal Headland,240568,968439,2000,750000,240312,968189,240812,968689,IV27,http://data.ordnancesurvey.co.uk/id/postcodedistrict/IV27,,,,,,,Highland,http://data.ordnancesurvey.co.uk/id/7000000000186625,http://data.ordnancesurvey.co.uk/ontology/admingeo/UnitaryAuthority,Scotland,http://data.ordnancesurvey.co.uk/id/7000000000041429,Scotland,http://data.ordnancesurvey.co.uk/id/country/scotland,,,
osgb4000000074784736,http://data.ordnancesurvey.co.uk/id/4000000074784736,Bàgh Loch Sian,,,,hydrography,Bay,244703,962738,3000,150000,244437,962488,244937,962988,IV27,http://data.ordnancesurvey.co.uk/id/postcodedistrict/IV27,,,,,,,Highland,http://data.ordnancesurvey.co.uk/id/7000000000186625,http://data.ordnancesurvey.co.uk/ontology/admingeo/UnitaryAuthority,Scotland,http://data.ordnancesurvey.co.uk/id/7000000000041429,Scotland,http://data.ordnancesurvey.co.uk/id/country/scotland,,,
osgb4000000074789134,http://data.ordnancesurvey.co.uk/id/4000000074789134,Talmine Bay,,,,hydrography,Bay,258699,962894,4000,150000,258450,962572,258950,963170,IV27,http://data.ordnancesurvey.co.uk/id/postcodedistrict/IV27,,,,,,,Highland,http://data.ordnancesurvey.co.uk/id/7000000000186625,http://data.ordnancesurvey.co.uk/ontology/admingeo/UnitaryAuthority,Scotland,http://data.ordnancesurvey.co.uk/id/7000000000041429,Scotland,http://data.ordnancesurvey.co.uk/id/country/scotland,,,
osgb4000000074611838,http://data.ordnancesurvey.co.uk/id/4000000074611838,Na Culadain,,,,landform,Other Coastal Landform,241026,969049,1000,50000,240777,968750,241277,969250,IV27,http://data.ordnancesurvey.co.uk/id/postcodedistrict/IV27,,,,,,,Highland,http://data.ordnancesurvey.co.uk/id/7000000000186625,http://data.ordnancesurvey.co.uk/ontology/admingeo/UnitaryAuthority,Scotland,http://data.ordnancesurvey.co.uk/id/7000000000041429,Scotland,http://data.ordnancesurvey.co.uk/id/country/scotland,,,
osgb4000000074750967,http://data.ordnancesurvey.co.uk/id/4000000074750967,Geodha Dearg,,,,landform,Other Coastal Landform,250623,968183,1000,15000,250351,967933,250851,968433,IV27,http://data.ordnancesurvey.co.uk/id/postcodedistrict/IV27,,,,,,,Highland,http://data.ordnancesurvey.co.uk/id/7000000000186625,http://data.ordnancesurvey.co.uk/ontology/admingeo/UnitaryAuthority,Scotland,http://data.ordnancesurvey.co.uk/id/7000000000041429,Scotland,http://data.ordnancesurvey.co.uk/id/country/scotland,,,
osgb4000000074605454,http://data.ordnancesurvey.co.uk/id/4000000074605454,Àrd Skinid,,,,landform,Hill Or Mountain,259593,962002,1000,300000,259343,961752,259843,962252,IV27,http://data.ordnancesurvey.co.uk/id/postcodedistrict/IV27,,,,,,,Highland,http://data.ordnancesurvey.co.uk/id/7000000000186625,http://data.ordnancesurvey.co.uk/ontology/admingeo/UnitaryAuthority,Scotland,http://data.ordnancesurvey.co.uk/id/7000000000041429,Scotland,http://data.ordnancesurvey.co.uk/id/country/scotland,,,
osgb4000000074799926,http://data.ordnancesurvey.co.uk/id/4000000074799926,Loch na Càthrach Duibhe,,,,hydrography,Inland Water,246000,961357,2000,500000,245751,961094,246251,961594,IV27,http://data.ordnancesurvey.co.uk/id/postcodedistrict/IV27,,,,,,,Highland,http://data.ordnancesurvey.co.uk/id/7000000000186625,http://data.ordnancesurvey.co.uk/ontology/admingeo/UnitaryAuthority,Scotland,http://data.ordnancesurvey.co.uk/id/7000000000041429,Scotland,http://data.ordnancesurvey.co.uk/id/country/scotland,,,
osgb4000000074751584,http://data.ordnancesurvey.co.uk/id/4000000074751584,Rubha Elspet,,,,landform,Other Coastal Landform,245629,964835,1000,50000,245353,964585,245853,965085,IV27,http://data.ordnancesurvey.co.uk/id/postcodedistrict/IV27,,,,,,,Highland,http://data.ordnancesurvey.co.uk/id/7000000000186625,http://data.ordnancesurvey.co.uk/ontology/admingeo/UnitaryAuthority,Scotland,http://data.ordnancesurvey.co.uk/id/7000000000041429,Scotland,http://data.ordnancesurvey.co.uk/id/country/scotland,,,
osgb4000000074800352,http://data.ordnancesurvey.co.uk/id/4000000074800352,Loch Vasgo,,,,hydrography,Inland Water,257999,964587,1000,500000,257749,964337,258249,964837,IV27,http://data.ordnancesurvey.co.uk/id/postcodedistrict/IV27,,,,,,,Highland,http://data.ordnancesurvey.co.uk/id/7000000000186625,http://data.ordnancesurvey.co.uk/ontology/admingeo/UnitaryAuthority,Scotland,http://data.ordnancesurvey.co.uk/id/7000000000041429,Scotland,http://data.ordnancesurvey.co.uk/id/country/scotland,,,
osgb4000000074776197,http://data.ordnancesurvey.co.uk/id/4000000074776197,Cnoc na Bèiste,,,,landform,Hill Or Mountain,250532,966065,1000,300000,250282,965815,250782,966315,IV27,http://data.ordnancesurvey.co.uk/id/postcodedistrict/IV27,,,,,,,Highland,http://data.ordnancesurvey.co.uk/id/7000000000186625,http://data.ordnancesurvey.co.uk/ontology/admingeo/UnitaryAuthority,Scotland,http://data.ordnancesurvey.co.uk/id/7000000000041429,Scotland,http://data.ordnancesurvey.co.uk/id/country/scotland,,,
osgb4000000074801367,http://data.ordnancesurvey.co.uk/id/4000000074801367,Loch Sian,,,,hydrography,Inland Water,244758,963148,3000,500000,244508,962887,245008,963424,IV27,http://data.ordnancesurvey.co.uk/id/postcodedistrict/IV27,,,,,,,Highland,http://data.ordnancesurvey.co.uk/id/7000000000186625,http://data.ordnancesurvey.co.uk/ontology/admingeo/UnitaryAuthority,Scotland,http://data.ordnancesurvey.co.uk/id/7000000000041429,Scotland,http://data.ordnancesurvey.co.uk/id/country/scotland,,,
osgb4000000074801512,http://data.ordnancesurvey.co.uk/id/4000000074801512,Loch Meadaidh,,,,hydrography,Inland Water,240171,964519,7000,500000,239716,964127,240625,965210,IV27,http://data.ordnancesurvey.co.uk/id/postcodedistrict/IV27,,,,,,,Highland,http://data.ordnancesurvey.co.uk/id/7000000000186625,http://data.ordnancesurvey.co.uk/ontology/admingeo/UnitaryAuthority,Scotland,http://data.ordnancesurvey.co.uk/id/7000000000041429,Scotland,http://data.ordnancesurvey.co.uk/id/country/scotland,,,
osgb4000000074606299,http://data.ordnancesurvey.co.uk/id/4000000074606299,Cnoc Sròn a Mhartuinn,,,,landform,Hill Or Mountain,255740,964908,1000,300000,255490,964658,255990,965158,IV27,http://data.ordnancesurvey.co.uk/id/postcodedistrict/IV27,,,,,,,Highland,http://data.ordnancesurvey.co.uk/id/7000000000186625,http://data.ordnancesurvey.co.uk/ontology/admingeo/UnitaryAuthority,Scotland,http://data.ordnancesurvey.co.uk/id/7000000000041429,Scotland,http://data.ordnancesurvey.co.uk/id/country/scotland,,,
osgb4000000074611000,http://data.ordnancesurvey.co.uk/id/4000000074611000,Bodach Dearg,,,,landform,Other Coastal Landform,250029,968751,1000,50000,249779,968484,250279,968984,IV27,http://data.ordnancesurvey.co.uk/id/postcodedistrict/IV27,,,,,,,Highland,http://data.ordnancesurvey.co.uk/id/7000000000186625,http://data.ordnancesurvey.co.uk/ontology/admingeo/UnitaryAuthority,Scotland,http://data.ordnancesurvey.co.uk/id/7000000000041429,Scotland,http://data.ordnancesurvey.co.uk/id/country/scotland,,,
osgb4000000074776383,http://data.ordnancesurvey.co.uk/id/4000000074776383,Cnoc nan Each,,,,landform,Hill Or Mountain,249209,965300,1000,300000,248959,965050,249459,965550,IV27,http://data.ordnancesurvey.co.uk/id/postcodedistrict/IV27,,,,,,,Highland,http://data.ordnancesurvey.co.uk/id/7000000000186625,http://data.ordnancesurvey.co.uk/ontology/admingeo/UnitaryAuthority,Scotland,http://data.ordnancesurvey.co.uk/id/7000000000041429,Scotland,http://data.ordnancesurvey.co.uk/id/country/scotland,,,
osgb4000000074786913,http://data.ordnancesurvey.co.uk/id/4000000074786913,Sango Bay,,,,hydrography,Bay,241062,967778,4000,150000,240699,967490,241302,968065,IV27,http://data.ordnancesurvey.co.uk/id/postcodedistrict/IV27,,,,,,,Highland,http://data.ordnancesurvey.co.uk/id/7000000000186625,http://data.ordnancesurvey.co.uk/ontology/admingeo/UnitaryAuthority,Scotland,http://data.ordnancesurvey.co.uk/id/7000000000041429,Scotland,http://data.ordnancesurvey.co.uk/id/country/scotland,,,
osgb4000000074750423,http://data.ordnancesurvey.co.uk/id/4000000074750423,Geodha Glas Beag,,,,landform,Other Coastal Landform,252842,968456,1000,15000,252586,968206,253086,968706,IV27,http://data.ordnancesurvey.co.uk/id/postcodedistrict/IV27,,,,,,,Highland,http://data.ordnancesurvey.co.uk/id/7000000000186625,http://data.ordnancesurvey.co.uk/ontology/admingeo/UnitaryAuthority,Scotland,http://data.ordnancesurvey.co.uk/id/7000000000041429,Scotland,http://data.ordnancesurvey.co.uk/id/country/scotland,,,
osgb4000000074612243,http://data.ordnancesurvey.co.uk/id/4000000074612243,Eilean Dubh,,,,landform,Island,243665,961208,4000,800000,243288,960870,243947,961547,IV27,http://data.ordnancesurvey.co.uk/id/postcodedistrict/IV27,,,,,,,Highland,http://data.ordnancesurvey.co.uk/id/7000000000186625,http://data.ordnancesurvey.co.uk/ontology/admingeo/UnitaryAuthority,Scotland,http://data.ordnancesurvey.co.uk/id/7000000000041429,Scotland,http://data.ordnancesurvey.co.uk/id/country/scotland,,,
osgb4000000074800780,http://data.ordnancesurvey.co.uk/id/4000000074800780,Loch nan Aigheann,,,,hydrography,Inland Water,252949,967998,2000,500000,252699,967763,253199,968263,IV27,http://data.ordnancesurvey.co.uk/id/postcodedistrict/IV27,,,,,,,Highland,http://data.ordnancesurvey.co.uk/id/7000000000186625,http://data.ordnancesurvey.co.uk/ontology/admingeo/UnitaryAuthority,Scotland,http://data.ordnancesurvey.co.uk/id/7000000000041429,Scotland,http://data.ordnancesurvey.co.uk/id/country/scotland,,,
osgb4000000074750415,http://data.ordnancesurvey.co.uk/id/4000000074750415,Meall Mor,,,,landform,Coastal Headland,258232,965589,2000,750000,257968,965339,258468,965839,IV27,http://data.ordnancesurvey.co.uk/id/postcodedistrict/IV27,,,,,,,Highland,http://data.ordnancesurvey.co.uk/id/7000000000186625,http://data.ordnancesurvey.co.uk/ontology/admingeo/UnitaryAuthority,Scotland,http://data.ordnancesurvey.co.uk/id/7000000000041429,Scotland,http://data.ordnancesurvey.co.uk/id/country/scotland,,,
osgb4000000074607140,http://data.ordnancesurvey.co.uk/id/4000000074607140,Tòrr na Bithe,,,,landform,Hill Or Mountain,245391,960504,1000,300000,245141,960254,245641,960754,IV27,http://data.ordnancesurvey.co.uk/id/postcodedistrict/IV27,,,,,,,Highland,http://data.ordnancesurvey.co.uk/id/7000000000186625,http://data.ordnancesurvey.co.uk/ontology/admingeo/UnitaryAuthority,Scotland,http://data.ordnancesurvey.co.uk/id/7000000000041429,Scotland,http://data.ordnancesurvey.co.uk/id/country/scotland,,,
osgb4000000074751587,http://data.ordnancesurvey.co.uk/id/4000000074751587,Aodann Mhòr,,,,landform,Coastal Headland,240484,969275,4000,750000,240211,969020,240779,969531,IV27,http://data.ordnancesurvey.co.uk/id/postcodedistrict/IV27,,,,,,,Highland,http://data.ordnancesurvey.co.uk/id/7000000000186625,http://data.ordnancesurvey.co.uk/ontology/admingeo/UnitaryAuthority,Scotland,http://data.ordnancesurvey.co.uk/id/7000000000041429,Scotland,http://data.ordnancesurvey.co.uk/id/country/scotland,,,
osgb4000000074750975,http://data.ordnancesurvey.co.uk/id/4000000074750975,Geodha Smoo,,,,landform,Other Coastal Landform,242014,967627,5000,15000,241764,967171,242264,967870,IV27,http://data.ordnancesurvey.co.uk/id/postcodedistrict/IV27,,,,,,,Highland,http://data.ordnancesurvey.co.uk/id/7000000000186625,http://data.ordnancesurvey.co.uk/ontology/admingeo/UnitaryAuthority,Scotland,http://data.ordnancesurvey.co.uk/id/7000000000041429,Scotland,http://data.ordnancesurvey.co.uk/id/country/scotland,,,
osgb4000000074776331,http://data.ordnancesurvey.co.uk/id/4000000074776331,Cnoc na Mòine,,,,landform,Hill Or Mountain,256736,964191,1000,300000,256486,963941,256986,964441,IV27,http://data.ordnancesurvey.co.uk/id/postcodedistrict/IV27,,,,,,,Highland,http://data.ordnancesurvey.co.uk/id/7000000000186625,http://data.ordnancesurvey.co.uk/ontology/admingeo/UnitaryAuthority,Scotland,http://data.ordnancesurvey.co.uk/id/7000000000041429,Scotland,http://data.ordnancesurvey.co.uk/id/country/scotland,,,
osgb4000000074611833,http://data.ordnancesurvey.co.uk/id/4000000074611833,An Dubh-sgeir,,,,landform,Other Coastal Landform,245622,968052,2000,50000,245378,967803,245878,968303,IV27,http://data.ordnancesurvey.co.uk/id/postcodedistrict/IV27,,,,,,,Highland,http://data.ordnancesurvey.co.uk/id/7000000000186625,http://data.ordnancesurvey.co.uk/ontology/admingeo/UnitaryAuthority,Scotland,http://data.ordnancesurvey.co.uk/id/7000000000041429,Scotland,http://data.ordnancesurvey.co.uk/id/country/scotland,,,
osgb4000000074786826,http://data.ordnancesurvey.co.uk/id/4000000074786826,Rubh' Ard an t-Siùil,,,,hydrography,Channel,248784,967540,2000,100000,248540,967290,249040,967790,IV27,http://data.ordnancesurvey.co.uk/id/postcodedistrict/IV27,,,,,,,Highland,http://data.ordnancesurvey.co.uk/id/7000000000186625,http://data.ordnancesurvey.co.uk/ontology/admingeo/UnitaryAuthority,Scotland,http://data.ordnancesurvey.co.uk/id/7000000000041429,Scotland,http://data.ordnancesurvey.co.uk/id/country/scotland,,,
osgb4000000074610157,http://data.ordnancesurvey.co.uk/id/4000000074610157,Talmine Island,,,,landform,Island,259149,962407,1000,800000,258899,962168,259399,962668,IV27,http://data.ordnancesurvey.co.uk/id/postcodedistrict/IV27,,,,,,,Highland,http://data.ordnancesurvey.co.uk/id/7000000000186625,http://data.ordnancesurvey.co.uk/ontology/admingeo/UnitaryAuthority,Scotland,http://data.ordnancesurvey.co.uk/id/7000000000041429,Scotland,http://data.ordnancesurvey.co.uk/id/country/scotland,,,
osgb4000000074750431,http://data.ordnancesurvey.co.uk/id/4000000074750431,Port an Alltain,,,,landform,Other Coastal Landform,245518,961124,1000,50000,245269,960865,245769,961365,IV27,http://data.ordnancesurvey.co.uk/id/postcodedistrict/IV27,,,,,,,Highland,http://data.ordnancesurvey.co.uk/id/7000000000186625,http://data.ordnancesurvey.co.uk/ontology/admingeo/UnitaryAuthority,Scotland,http://data.ordnancesurvey.co.uk/id/7000000000041429,Scotland,http://data.ordnancesurvey.co.uk/id/country/scotland,,,
osgb4000000074611837,http://data.ordnancesurvey.co.uk/id/4000000074611837,Pocan Smoo,,,,landform,Other Coastal Landform,242201,967832,1000,50000,241953,967583,242453,968083,IV27,http://data.ordnancesurvey.co.uk/id/postcodedistrict/IV27,,,,,,,Highland,http://data.ordnancesurvey.co.uk/id/7000000000186625,http://data.ordnancesurvey.co.uk/ontology/admingeo/UnitaryAuthority,Scotland,http://data.ordnancesurvey.co.uk/id/7000000000041429,Scotland,http://data.ordnancesurvey.co.uk/id/country/scotland,,,
osgb4000000074799927,http://data.ordnancesurvey.co.uk/id/4000000074799927,Lochan Clachaidh,,,,hydrography,Inland Water,243700,961905,1000,500000,243456,961656,243956,962156,IV27,http://data.ordnancesurvey.co.uk/id/postcodedistrict/IV27,,,,,,,Highland,http://data.ordnancesurvey.co.uk/id/7000000000186625,http://data.ordnancesurvey.co.uk/ontology/admingeo/UnitaryAuthority,Scotland,http://data.ordnancesurvey.co.uk/id/7000000000041429,Scotland,http://data.ordnancesurvey.co.uk/id/country/scotland,,,
osgb4000000074750902,http://data.ordnancesurvey.co.uk/id/4000000074750902,Geodha Brat,,,,landform,Other Coastal Landform,255204,967207,1000,15000,254954,966949,255454,967449,IV27,http://data.ordnancesurvey.co.uk/id/postcodedistrict/IV27,,,,,,,Highland,http://data.ordnancesurvey.co.uk/id/7000000000186625,http://data.ordnancesurvey.co.uk/ontology/admingeo/UnitaryAuthority,Scotland,http://data.ordnancesurvey.co.uk/id/7000000000041429,Scotland,http://data.ordnancesurvey.co.uk/id/country/scotland,,,
osgb4000000074348865,http://data.ordnancesurvey.co.uk/id/4000000074348865,Port Vasgo,,,,hydrography,Bay,258821,965293,4000,150000,258489,965043,259052,965543,IV27,http://data.ordnancesurvey.co.uk/id/postcodedistrict/IV27,,,,,,,Highland,http://data.ordnancesurvey.co.uk/id/7000000000186625,http://data.ordnancesurvey.co.uk/ontology/admingeo/UnitaryAuthority,Scotland,http://data.ordnancesurvey.co.uk/id/7000000000041429,Scotland,http://data.ordnancesurvey.co.uk/id/country/scotland,,,
osgb4000000074801792,http://data.ordnancesurvey.co.uk/id/4000000074801792,Lochan Ruadh,,,,hydrography,Inland Water,248827,961737,3000,500000,248577,961472,249077,961972,IV27,http://data.ordnancesurvey.co.uk/id/postcodedistrict/IV27,,,,,,,Highland,http://data.ordnancesurvey.co.uk/id/7000000000186625,http://data.ordnancesurvey.co.uk/ontology/admingeo/UnitaryAuthority,Scotland,http://data.ordnancesurvey.co.uk/id/7000000000041429,Scotland,http://data.ordnancesurvey.co.uk/id/country/scotland,,,
osgb4000000074750437,http://data.ordnancesurvey.co.uk/id/4000000074750437,Rubha Bracaidh,,,,landform,Other Coastal Landform,243405,966298,1000,50000,243163,966048,243663,966548,IV27,http://data.ordnancesurvey.co.uk/id/postcodedistrict/IV27,,,,,,,Highland,http://data.ordnancesurvey.co.uk/id/7000000000186625,http://data.ordnancesurvey.co.uk/ontology/admingeo/UnitaryAuthority,Scotland,http://data.ordnancesurvey.co.uk/id/7000000000041429,Scotland,http://data.ordnancesurvey.co.uk/id/country/scotland,,,
osgb4000000074606302,http://data.ordnancesurvey.co.uk/id/4000000074606302,Cnoc a' Bhaid-bheithe,,,,landform,Hill Or Mountain,251460,965463,1000,300000,251210,965213,251710,965713,IV27,http://data.ordnancesurvey.co.uk/id/postcodedistrict/IV27,,,,,,,Highland,http://data.ordnancesurvey.co.uk/id/7000000000186625,http://data.ordnancesurvey.co.uk/ontology/admingeo/UnitaryAuthority,Scotland,http://data.ordnancesurvey.co.uk/id/7000000000041429,Scotland,http://data.ordnancesurvey.co.uk/id/country/scotland,,,
osgb4000000074750416,http://data.ordnancesurvey.co.uk/id/4000000074750416,Stac Mor,,,,landform,Other Coastal Landform,258299,965618,2000,20000,257971,965368,258471,965868,IV27,http://data.ordnancesurvey.co.uk/id/postcodedistrict/IV27,,,,,,,Highland,http://data.ordnancesurvey.co.uk/id/7000000000186625,http://data.ordnancesurvey.co.uk/ontology/admingeo/UnitaryAuthority,Scotland,http://data.ordnancesurvey.co.uk/id/7000000000041429,Scotland,http://data.ordnancesurvey.co.uk/id/country/scotland,,,
osgb4000000074750418,http://data.ordnancesurvey.co.uk/id/4000000074750418,Geodha nan Columan,,,,landform,Other Coastal Landform,257309,965717,1000,15000,257060,965467,257560,965967,IV27,http://data.ordnancesurvey.co.uk/id/postcodedistrict/IV27,,,,,,,Highland,http://data.ordnancesurvey.co.uk/id/7000000000186625,http://data.ordnancesurvey.co.uk/ontology/admingeo/UnitaryAuthority,Scotland,http://data.ordnancesurvey.co.uk/id/7000000000041429,Scotland,http://data.ordnancesurvey.co.uk/id/country/scotland,,,
osgb4000000074799629,http://data.ordnancesurvey.co.uk/id/4000000074799629,Loch a' Mhuilinn,,,,hydrography,Inland Water,256931,960925,6000,500000,256682,960279,257182,961202,IV27,http://data.ordnancesurvey.co.uk/id/postcodedistrict/IV27,,,,,,,Highland,http://data.ordnancesurvey.co.uk/id/7000000000186625,http://data.ordnancesurvey.co.uk/ontology/admingeo/UnitaryAuthority,Scotland,http://data.ordnancesurvey.co.uk/id/7000000000041429,Scotland,http://data.ordnancesurvey.co.uk/id/country/scotland,,,
osgb4000000074606301,http://data.ordnancesurvey.co.uk/id/4000000074606301,Cnoc an Uillt Tharsuinn,,,,landform,Hill Or Mountain,250816,963393,1000,300000,250566,963143,251066,963643,IV27,http://data.ordnancesurvey.co.uk/id/postcodedistrict/IV27,,,,,,,Highland,http://data.ordnancesurvey.co.uk/id/7000000000186625,http://data.ordnancesurvey.co.uk/ontology/admingeo/UnitaryAuthority,Scotland,http://data.ordnancesurvey.co.uk/id/7000000000041429,Scotland,http://data.ordnancesurvey.co.uk/id/country/scotland,,,
osgb4000000074776200,http://data.ordnancesurvey.co.uk/id/4000000074776200,Cnoc Lochan na Seanaig,,,,landform,Hill Or Mountain,256360,960319,1000,300000,256110,960069,256610,960569,IV27,http://data.ordnancesurvey.co.uk/id/postcodedistrict/IV27,,,,,,,Highland,http://data.ordnancesurvey.co.uk/id/7000000000186625,http://data.ordnancesurvey.co.uk/ontology/admingeo/UnitaryAuthority,Scotland,http://data.ordnancesurvey.co.uk/id/7000000000041429,Scotland,http://data.ordnancesurvey.co.uk/id/country/scotland,,,
osgb4000000074607995,http://data.ordnancesurvey.co.uk/id/4000000074607995,Meall Meadhonach,,,,landform,Hill Or Mountain,241002,962799,1000,300000,240752,962549,241252,963049,IV27,http://data.ordnancesurvey.co.uk/id/postcodedistrict/IV27,,,,,,,Highland,http://data.ordnancesurvey.co.uk/id/7000000000186625,http://data.ordnancesurvey.co.uk/ontology/admingeo/UnitaryAuthority,Scotland,http://data.ordnancesurvey.co.uk/id/7000000000041429,Scotland,http://data.ordnancesurvey.co.uk/id/country/scotland,,,
osgb4000000074589039,http://data.ordnancesurvey.co.uk/id/4000000074589039,Dubh-sgeir Mhòr,,,,landform,Other Coastal Landform,259748,964470,2000,50000,259498,964232,259998,964732,IV27,http://data.ordnancesurvey.co.uk/id/postcodedistrict/IV27,,,,,,,Highland,http://data.ordnancesurvey.co.uk/id/7000000000186625,http://data.ordnancesurvey.co.uk/ontology/admingeo/UnitaryAuthority,Scotland,http://data.ordnancesurvey.co.uk/id/7000000000041429,Scotland,http://data.ordnancesurvey.co.uk/id/country/scotland,,,
osgb4000000074751585,http://data.ordnancesurvey.co.uk/id/4000000074751585,Rubha na Creig' Airde,,,,landform,Coastal Headland,245357,965067,1000,750000,245111,964818,245611,965318,IV27,http://data.ordnancesurvey.co.uk/id/postcodedistrict/IV27,,,,,,,Highland,http://data.ordnancesurvey.co.uk/id/7000000000186625,http://data.ordnancesurvey.co.uk/ontology/admingeo/UnitaryAuthority,Scotland,http://data.ordnancesurvey.co.uk/id/7000000000041429,Scotland,http://data.ordnancesurvey.co.uk/id/country/scotland,,,
osgb4000000074750974,http://data.ordnancesurvey.co.uk/id/4000000074750974,Geodha Meiril,,,,landform,Other Coastal Landform,248538,962865,1000,15000,248261,962615,248761,963115,IV27,http://data.ordnancesurvey.co.uk/id/postcodedistrict/IV27,,,,,,,Highland,http://data.ordnancesurvey.co.uk/id/7000000000186625,http://data.ordnancesurvey.co.uk/ontology/admingeo/UnitaryAuthority,Scotland,http://data.ordnancesurvey.co.uk/id/7000000000041429,Scotland,http://data.ordnancesurvey.co.uk/id/country/scotland,,,
osgb4000000074721297,http://data.ordnancesurvey.co.uk/id/4000000074721297,An Oitir,,,,landcover,Beach,259988,962240,7000,100000,259643,961807,260333,962871,IV27,http://data.ordnancesurvey.co.uk/id/postcodedistrict/IV27,,,,,,,Highland,http://data.ordnancesurvey.co.uk/id/7000000000186625,http://data.ordnancesurvey.co.uk/ontology/admingeo/UnitaryAuthority,Scotland,http://data.ordnancesurvey.co.uk/id/7000000000041429,Scotland,http://data.ordnancesurvey.co.uk/id/country/scotland,,,
osgb4000000073304486,http://data.ordnancesurvey.co.uk/id/4000000073304486,Durness Primary School,,,,other,Primary Education,240308,967594,1000,50000,240059,967342,240559,967842,IV27,http://data.ordnancesurvey.co.uk/id/postcodedistrict/IV27,Diuranais / Durness,http://data.ordnancesurvey.co.uk/id/4000000074555960,http://www.ordnancesurvey.co.uk/xml/codelists/localtype.xml#village,,,,Highland,http://data.ordnancesurvey.co.uk/id/7000000000186625,http://data.ordnancesurvey.co.uk/ontology/admingeo/UnitaryAuthority,Scotland,http://data.ordnancesurvey.co.uk/id/7000000000041429,Scotland,http://data.ordnancesurvey.co.uk/id/country/scotland,,,
osgb4000000074800777,http://data.ordnancesurvey.co.uk/id/4000000074800777,Lochan na Glaic,,,,hydrography,Inland Water,250743,966174,2000,500000,250494,965924,250994,966424,IV27,http://data.ordnancesurvey.co.uk/id/postcodedistrict/IV27,,,,,,,Highland,http://data.ordnancesurvey.co.uk/id/7000000000186625,http://data.ordnancesurvey.co.uk/ontology/admingeo/UnitaryAuthority,Scotland,http://data.ordnancesurvey.co.uk/id/7000000000041429,Scotland,http://data.ordnancesurvey.co.uk/id/country/scotland,,,
osgb4000000074750430,http://data.ordnancesurvey.co.uk/id/4000000074750430,Geodh' an Sgadain,,,,landform,Other Coastal Landform,245030,960143,1000,15000,244780,959898,245280,960398,IV27,http://data.ordnancesurvey.co.uk/id/postcodedistrict/IV27,,,,,,,Highland,http://data.ordnancesurvey.co.uk/id/7000000000186625,http://data.ordnancesurvey.co.uk/ontology/admingeo/UnitaryAuthority,Scotland,http://data.ordnancesurvey.co.uk/id/7000000000041429,Scotland,http://data.ordnancesurvey.co.uk/id/country/scotland,,,
osgb4000000074750420,http://data.ordnancesurvey.co.uk/id/4000000074750420,Rubha Thormaid,,,,landform,Other Coastal Landform,254773,968051,2000,50000,254524,967794,255024,968294,IV27,http://data.ordnancesurvey.co.uk/id/postcodedistrict/IV27,,,,,,,Highland,http://data.ordnancesurvey.co.uk/id/7000000000186625,http://data.ordnancesurvey.co.uk/ontology/admingeo/UnitaryAuthority,Scotland,http://data.ordnancesurvey.co.uk/id/7000000000041429,Scotland,http://data.ordnancesurvey.co.uk/id/country/scotland,,,
osgb4000000074784737,http://data.ordnancesurvey.co.uk/id/4000000074784737,Bàgh Uamh Dhadhaidh,,,,hydrography,Bay,245631,964649,3000,150000,245382,964437,245882,964937,IV27,http://data.ordnancesurvey.co.uk/id/postcodedistrict/IV27,,,,,,,Highland,http://data.ordnancesurvey.co.uk/id/7000000000186625,http://data.ordnancesurvey.co.uk/ontology/admingeo/UnitaryAuthority,Scotland,http://data.ordnancesurvey.co.uk/id/7000000000041429,Scotland,http://data.ordnancesurvey.co.uk/id/country/scotland,,,
osgb4000000074800778,http://data.ordnancesurvey.co.uk/id/4000000074800778,Lochan Riabhach,,,,hydrography,Inland Water,250892,966753,2000,500000,250642,966506,251142,967006,IV27,http://data.ordnancesurvey.co.uk/id/postcodedistrict/IV27,,,,,,,Highland,http://data.ordnancesurvey.co.uk/id/7000000000186625,http://data.ordnancesurvey.co.uk/ontology/admingeo/UnitaryAuthority,Scotland,http://data.ordnancesurvey.co.uk/id/7000000000041429,Scotland,http://data.ordnancesurvey.co.uk/id/country/scotland,,,
osgb4000000074786778,http://data.ordnancesurvey.co.uk/id/4000000074786778,Traigh an t-Srathain,,,,hydrography,Tidal Water,257391,965178,3000,150000,257141,964796,257641,965316,IV27,http://data.ordnancesurvey.co.uk/id/postcodedistrict/IV27,,,,,,,Highland,http://data.ordnancesurvey.co.uk/id/7000000000186625,http://data.ordnancesurvey.co.uk/ontology/admingeo/UnitaryAuthority,Scotland,http://data.ordnancesurvey.co.uk/id/7000000000041429,Scotland,http://data.ordnancesurvey.co.uk/id/country/scotland,,,
osgb4000000074750966,http://data.ordnancesurvey.co.uk/id/4000000074750966,Clèit an t-Seabhaig,,,,landform,Other Coastal Landform,251909,968389,3000,50000,251649,968139,252149,968639,IV27,http://data.ordnancesurvey.co.uk/id/postcodedistrict/IV27,,,,,,,Highland,http://data.ordnancesurvey.co.uk/id/7000000000186625,http://data.ordnancesurvey.co.uk/ontology/admingeo/UnitaryAuthority,Scotland,http://data.ordnancesurvey.co.uk/id/7000000000041429,Scotland,http://data.ordnancesurvey.co.uk/id/country/scotland,,,
osgb4000000074721643,http://data.ordnancesurvey.co.uk/id/4000000074721643,Tràigh na h-Uamhag,,,,landcover,Beach,244026,966069,3000,100000,243796,965819,244296,966319,IV27,http://data.ordnancesurvey.co.uk/id/postcodedistrict/IV27,,,,,,,Highland,http://data.ordnancesurvey.co.uk/id/7000000000186625,http://data.ordnancesurvey.co.uk/ontology/admingeo/UnitaryAuthority,Scotland,http://data.ordnancesurvey.co.uk/id/7000000000041429,Scotland,http://data.ordnancesurvey.co.uk/id/country/scotland,,,
IV274PR,http://data.ordnancesurvey.co.uk/id/postcodeunit/IV274PR,IV27 4PR,,,,other,Postcode,240354,967837,3500,18000,,,,,,,Diuranais / Durness,http://data.ordnancesurvey.co.uk/id/4000000074555960,http://www.ordnancesurvey.co.uk/xml/codelists/localtype.xml#village,,,,Highland,http://data.ordnancesurvey.co.uk/id/7000000000186625,http://data.ordnancesurvey.co.uk/ontology/admingeo/UnitaryAuthority,Scotland,http://data.ordnancesurvey.co.uk/id/7000000000041429,Scotland,http://data.ordnancesurvey.co.uk/id/country/scotland,,,
IV274YU,http://data.ordnancesurvey.co.uk/id/postcodeunit/IV274YU,IV27 4YU,,,,other,Postcode,258661,962459,3500,18000,,,,,,,Melness,http://data.ordnancesurvey.co.uk/id/4000000074555202,http://www.ordnancesurvey.co.uk/xml/codelists/localtype.xml#otherSettlement,,,,Highland,http://data.ordnancesurvey.co.uk/id/7000000000186625,http://data.ordnancesurvey.co.uk/ontology/admingeo/UnitaryAuthority,Scotland,http://data.ordnancesurvey.co.uk/id/7000000000041429,Scotland,http://data.ordnancesurvey.co.uk/id/country/scotland,,,
IV274YS,http://data.ordnancesurvey.co.uk/id/postcodeunit/IV274YS,IV27 4YS,,,,other,Postcode,258530,962806,3500,18000,,,,,,,Melness,http://data.ordnancesurvey.co.uk/id/4000000074555202,http://www.ordnancesurvey.co.uk/xml/codelists/localtype.xml#otherSettlement,,,,Highland,http://data.ordnancesurvey.co.uk/id/7000000000186625,http://data.ordnancesurvey.co.uk/ontology/admingeo/UnitaryAuthority,Scotland,http://data.ordnancesurvey.co.uk/id/7000000000041429,Scotland,http://data.ordnancesurvey.co.uk/id/country/scotland,,,
osgb4000000003340086,http://data.ordnancesurvey.co.uk/id/4000000003340086,Cornhill Road,,,,transportNetwork,Named Road,258663,962485,1000,20000,258594,962406,258687,962536,IV27,http://data.ordnancesurvey.co.uk/id/postcodedistrict/IV27,Melness,http://data.ordnancesurvey.co.uk/id/4000000074555202,http://www.ordnancesurvey.co.uk/xml/codelists/localtype.xml#otherSettlement,,,,Highland,http://data.ordnancesurvey.co.uk/id/7000000000186625,http://data.ordnancesurvey.co.uk/ontology/admingeo/UnitaryAuthority,Scotland,http://data.ordnancesurvey.co.uk/id/7000000000041429,Scotland,http://data.ordnancesurvey.co.uk/id/country/scotland,,,
