﻿KW116UE,http://data.ordnancesurvey.co.uk/id/postcodeunit/KW116UE,KW11 6UE,,,,other,Postcode,280000,933235,3500,18000,,,,,,,Badanloch,http://data.ordnancesurvey.co.uk/id/4000000074336161,http://www.ordnancesurvey.co.uk/xml/codelists/localtype.xml#hamlet,,,,Highland,http://data.ordnancesurvey.co.uk/id/7000000000186625,http://data.ordnancesurvey.co.uk/ontology/admingeo/UnitaryAuthority,Scotland,http://data.ordnancesurvey.co.uk/id/7000000000041429,Scotland,http://data.ordnancesurvey.co.uk/id/country/scotland,,,
KW116UF,http://data.ordnancesurvey.co.uk/id/postcodeunit/KW116UF,KW11 6UF,,,,other,Postcode,278151,938665,3500,18000,,,,,,,,,,,,,Highland,http://data.ordnancesurvey.co.uk/id/7000000000186625,http://data.ordnancesurvey.co.uk/ontology/admingeo/UnitaryAuthority,Scotland,http://data.ordnancesurvey.co.uk/id/7000000000041429,Scotland,http://data.ordnancesurvey.co.uk/id/country/scotland,,,
KW116UD,http://data.ordnancesurvey.co.uk/id/postcodeunit/KW116UD,KW11 6UD,,,,other,Postcode,265217,930400,3500,18000,,,,,,,,,,,,,Highland,http://data.ordnancesurvey.co.uk/id/7000000000186625,http://data.ordnancesurvey.co.uk/ontology/admingeo/UnitaryAuthority,Scotland,http://data.ordnancesurvey.co.uk/id/7000000000041429,Scotland,http://data.ordnancesurvey.co.uk/id/country/scotland,,,
IV274UH,http://data.ordnancesurvey.co.uk/id/postcodeunit/IV274UH,IV27 4UH,,,,other,Postcode,263627,938449,3500,18000,,,,,,,,,,,,,Highland,http://data.ordnancesurvey.co.uk/id/7000000000186625,http://data.ordnancesurvey.co.uk/ontology/admingeo/UnitaryAuthority,Scotland,http://data.ordnancesurvey.co.uk/id/7000000000041429,Scotland,http://data.ordnancesurvey.co.uk/id/country/scotland,,,
osgb4000000003340190,http://data.ordnancesurvey.co.uk/id/4000000003340190,B871,,,,transportNetwork,Numbered Road,276429,939306,173000,250000,269374,931082,286342,957672,KW11,http://data.ordnancesurvey.co.uk/id/postcodedistrict/KW11,,,,,,,Highland,http://data.ordnancesurvey.co.uk/id/7000000000186625,http://data.ordnancesurvey.co.uk/ontology/admingeo/UnitaryAuthority,Scotland,http://data.ordnancesurvey.co.uk/id/7000000000041429,Scotland,http://data.ordnancesurvey.co.uk/id/country/scotland,,,
osgb4000000003340196,http://data.ordnancesurvey.co.uk/id/4000000003340196,B873,,,,transportNetwork,Numbered Road,263810,938577,81000,250000,256932,935323,269389,944025,IV27,http://data.ordnancesurvey.co.uk/id/postcodedistrict/IV27,,,,,,,Highland,http://data.ordnancesurvey.co.uk/id/7000000000186625,http://data.ordnancesurvey.co.uk/ontology/admingeo/UnitaryAuthority,Scotland,http://data.ordnancesurvey.co.uk/id/7000000000041429,Scotland,http://data.ordnancesurvey.co.uk/id/country/scotland,,,
osgb4000000074607118,http://data.ordnancesurvey.co.uk/id/4000000074607118,Meall a' Choire Bhuidhe,,,,landform,Hill Or Mountain,269723,938668,1000,300000,269473,938418,269973,938918,KW11,http://data.ordnancesurvey.co.uk/id/postcodedistrict/KW11,,,,,,,Highland,http://data.ordnancesurvey.co.uk/id/7000000000186625,http://data.ordnancesurvey.co.uk/ontology/admingeo/UnitaryAuthority,Scotland,http://data.ordnancesurvey.co.uk/id/7000000000041429,Scotland,http://data.ordnancesurvey.co.uk/id/country/scotland,,,
osgb4000000074588982,http://data.ordnancesurvey.co.uk/id/4000000074588982,Eilean a' Bhreac-achaidh,,,,landform,Island,267935,935887,1000,800000,267686,935677,268186,936177,IV27,http://data.ordnancesurvey.co.uk/id/postcodedistrict/IV27,,,,,,,Highland,http://data.ordnancesurvey.co.uk/id/7000000000186625,http://data.ordnancesurvey.co.uk/ontology/admingeo/UnitaryAuthority,Scotland,http://data.ordnancesurvey.co.uk/id/7000000000041429,Scotland,http://data.ordnancesurvey.co.uk/id/country/scotland,,,
osgb4000000074607116,http://data.ordnancesurvey.co.uk/id/4000000074607116,Cnoc Preas an Tairbh,,,,landform,Hill Or Mountain,272759,924013,1000,300000,272509,923763,273009,924263,KW11,http://data.ordnancesurvey.co.uk/id/postcodedistrict/KW11,,,,,,,Highland,http://data.ordnancesurvey.co.uk/id/7000000000186625,http://data.ordnancesurvey.co.uk/ontology/admingeo/UnitaryAuthority,Scotland,http://data.ordnancesurvey.co.uk/id/7000000000041429,Scotland,http://data.ordnancesurvey.co.uk/id/country/scotland,,,
osgb4000000074794370,http://data.ordnancesurvey.co.uk/id/4000000074794370,Poll Harraild Beag,,,,hydrography,Inland Water,267612,938636,1000,35000,267363,938386,267863,938886,IV27,http://data.ordnancesurvey.co.uk/id/postcodedistrict/IV27,,,,,,,Highland,http://data.ordnancesurvey.co.uk/id/7000000000186625,http://data.ordnancesurvey.co.uk/ontology/admingeo/UnitaryAuthority,Scotland,http://data.ordnancesurvey.co.uk/id/7000000000041429,Scotland,http://data.ordnancesurvey.co.uk/id/country/scotland,,,
osgb4000000074605859,http://data.ordnancesurvey.co.uk/id/4000000074605859,Coriefeuran Hill,,,,landform,Hill Or Mountain,266274,933359,1000,300000,266024,933109,266524,933609,KW11,http://data.ordnancesurvey.co.uk/id/postcodedistrict/KW11,,,,,,,Highland,http://data.ordnancesurvey.co.uk/id/7000000000186625,http://data.ordnancesurvey.co.uk/ontology/admingeo/UnitaryAuthority,Scotland,http://data.ordnancesurvey.co.uk/id/7000000000041429,Scotland,http://data.ordnancesurvey.co.uk/id/country/scotland,,,
osgb4000000074607117,http://data.ordnancesurvey.co.uk/id/4000000074607117,Creag Mhòr,,,,landform,Hill Or Mountain,269844,924016,1000,300000,269594,923766,270094,924266,KW11,http://data.ordnancesurvey.co.uk/id/postcodedistrict/KW11,,,,,,,Highland,http://data.ordnancesurvey.co.uk/id/7000000000186625,http://data.ordnancesurvey.co.uk/ontology/admingeo/UnitaryAuthority,Scotland,http://data.ordnancesurvey.co.uk/id/7000000000041429,Scotland,http://data.ordnancesurvey.co.uk/id/country/scotland,,,
osgb4000000074778248,http://data.ordnancesurvey.co.uk/id/4000000074778248,Cnoc Bad a' Chlair,,,,landform,Hill Or Mountain,276240,932990,1000,300000,275990,932740,276490,933240,KW11,http://data.ordnancesurvey.co.uk/id/postcodedistrict/KW11,,,,,,,Highland,http://data.ordnancesurvey.co.uk/id/7000000000186625,http://data.ordnancesurvey.co.uk/ontology/admingeo/UnitaryAuthority,Scotland,http://data.ordnancesurvey.co.uk/id/7000000000041429,Scotland,http://data.ordnancesurvey.co.uk/id/country/scotland,,,
osgb4000000074601985,http://data.ordnancesurvey.co.uk/id/4000000074601985,Coill Ach' a' Chuil,,,,landcover,Woodland Or Forest,264404,937505,22000,400000,262569,936869,266010,938141,IV27,http://data.ordnancesurvey.co.uk/id/postcodedistrict/IV27,,,,,,,Highland,http://data.ordnancesurvey.co.uk/id/7000000000186625,http://data.ordnancesurvey.co.uk/ontology/admingeo/UnitaryAuthority,Scotland,http://data.ordnancesurvey.co.uk/id/7000000000041429,Scotland,http://data.ordnancesurvey.co.uk/id/country/scotland,,,
osgb4000000074795977,http://data.ordnancesurvey.co.uk/id/4000000074795977,Poll Harraild Mòr,,,,hydrography,Inland Water,267823,939055,1000,35000,267573,938805,268073,939305,IV27,http://data.ordnancesurvey.co.uk/id/postcodedistrict/IV27,,,,,,,Highland,http://data.ordnancesurvey.co.uk/id/7000000000186625,http://data.ordnancesurvey.co.uk/ontology/admingeo/UnitaryAuthority,Scotland,http://data.ordnancesurvey.co.uk/id/7000000000041429,Scotland,http://data.ordnancesurvey.co.uk/id/country/scotland,,,
osgb4000000074729486,http://data.ordnancesurvey.co.uk/id/4000000074729486,Badanloch Forest,,,,landcover,Other Landcover,279019,934854,83000,1300000,273018,928959,285798,940748,KW11,http://data.ordnancesurvey.co.uk/id/postcodedistrict/KW11,,,,,,,Highland,http://data.ordnancesurvey.co.uk/id/7000000000186625,http://data.ordnancesurvey.co.uk/ontology/admingeo/UnitaryAuthority,Scotland,http://data.ordnancesurvey.co.uk/id/7000000000041429,Scotland,http://data.ordnancesurvey.co.uk/id/country/scotland,,,
osgb4000000074797192,http://data.ordnancesurvey.co.uk/id/4000000074797192,Loch Coire nam Feuran,,,,hydrography,Inland Water,266437,935228,6000,500000,265935,934979,266816,935479,IV27,http://data.ordnancesurvey.co.uk/id/postcodedistrict/IV27,,,,,,,Highland,http://data.ordnancesurvey.co.uk/id/7000000000186625,http://data.ordnancesurvey.co.uk/ontology/admingeo/UnitaryAuthority,Scotland,http://data.ordnancesurvey.co.uk/id/7000000000041429,Scotland,http://data.ordnancesurvey.co.uk/id/country/scotland,,,
osgb4000000074778246,http://data.ordnancesurvey.co.uk/id/4000000074778246,Rubha Mór,,,,landform,Other Landform,273927,936225,2000,15000,273687,935976,274187,936476,KW11,http://data.ordnancesurvey.co.uk/id/postcodedistrict/KW11,,,,,,,Highland,http://data.ordnancesurvey.co.uk/id/7000000000186625,http://data.ordnancesurvey.co.uk/ontology/admingeo/UnitaryAuthority,Scotland,http://data.ordnancesurvey.co.uk/id/7000000000041429,Scotland,http://data.ordnancesurvey.co.uk/id/country/scotland,,,
osgb4000000074727408,http://data.ordnancesurvey.co.uk/id/4000000074727408,Coire na Seilge,,,,landform,Valley,264529,926295,5000,800000,264205,925885,264853,926698,KW11,http://data.ordnancesurvey.co.uk/id/postcodedistrict/KW11,,,,,,,Highland,http://data.ordnancesurvey.co.uk/id/7000000000186625,http://data.ordnancesurvey.co.uk/ontology/admingeo/UnitaryAuthority,Scotland,http://data.ordnancesurvey.co.uk/id/7000000000041429,Scotland,http://data.ordnancesurvey.co.uk/id/country/scotland,,,
osgb4000000074778368,http://data.ordnancesurvey.co.uk/id/4000000074778368,Cnoc Dail a' Thuraich,,,,landform,Hill Or Mountain,264567,939977,1000,300000,264317,939727,264817,940227,IV27,http://data.ordnancesurvey.co.uk/id/postcodedistrict/IV27,,,,,,,Highland,http://data.ordnancesurvey.co.uk/id/7000000000186625,http://data.ordnancesurvey.co.uk/ontology/admingeo/UnitaryAuthority,Scotland,http://data.ordnancesurvey.co.uk/id/7000000000041429,Scotland,http://data.ordnancesurvey.co.uk/id/country/scotland,,,
osgb4000000074778287,http://data.ordnancesurvey.co.uk/id/4000000074778287,Rubha Dubh,,,,landform,Other Landform,274103,935034,1000,15000,273858,934784,274358,935284,KW11,http://data.ordnancesurvey.co.uk/id/postcodedistrict/KW11,,,,,,,Highland,http://data.ordnancesurvey.co.uk/id/7000000000186625,http://data.ordnancesurvey.co.uk/ontology/admingeo/UnitaryAuthority,Scotland,http://data.ordnancesurvey.co.uk/id/7000000000041429,Scotland,http://data.ordnancesurvey.co.uk/id/country/scotland,,,
osgb4000000074605433,http://data.ordnancesurvey.co.uk/id/4000000074605433,Meall Àrd,,,,landform,Hill Or Mountain,266582,929274,1000,300000,266332,929024,266832,929524,KW11,http://data.ordnancesurvey.co.uk/id/postcodedistrict/KW11,,,,,,,Highland,http://data.ordnancesurvey.co.uk/id/7000000000186625,http://data.ordnancesurvey.co.uk/ontology/admingeo/UnitaryAuthority,Scotland,http://data.ordnancesurvey.co.uk/id/7000000000041429,Scotland,http://data.ordnancesurvey.co.uk/id/country/scotland,,,
osgb4000000074797266,http://data.ordnancesurvey.co.uk/id/4000000074797266,Loch an Alltan Fheàrna,,,,hydrography,Inland Water,275001,933653,8000,500000,274438,933027,275581,934279,KW11,http://data.ordnancesurvey.co.uk/id/postcodedistrict/KW11,,,,,,,Highland,http://data.ordnancesurvey.co.uk/id/7000000000186625,http://data.ordnancesurvey.co.uk/ontology/admingeo/UnitaryAuthority,Scotland,http://data.ordnancesurvey.co.uk/id/7000000000041429,Scotland,http://data.ordnancesurvey.co.uk/id/country/scotland,,,
osgb4000000074797193,http://data.ordnancesurvey.co.uk/id/4000000074797193,Loch Ruigh nan Copag,,,,hydrography,Inland Water,264909,935411,3000,500000,264659,935127,265159,935627,IV27,http://data.ordnancesurvey.co.uk/id/postcodedistrict/IV27,,,,,,,Highland,http://data.ordnancesurvey.co.uk/id/7000000000186625,http://data.ordnancesurvey.co.uk/ontology/admingeo/UnitaryAuthority,Scotland,http://data.ordnancesurvey.co.uk/id/7000000000041429,Scotland,http://data.ordnancesurvey.co.uk/id/country/scotland,,,
osgb4000000074797920,http://data.ordnancesurvey.co.uk/id/4000000074797920,Poll an Lòinein,,,,hydrography,Inland Water,267578,938374,1000,35000,267311,938125,267811,938625,IV27,http://data.ordnancesurvey.co.uk/id/postcodedistrict/IV27,,,,,,,Highland,http://data.ordnancesurvey.co.uk/id/7000000000186625,http://data.ordnancesurvey.co.uk/ontology/admingeo/UnitaryAuthority,Scotland,http://data.ordnancesurvey.co.uk/id/7000000000041429,Scotland,http://data.ordnancesurvey.co.uk/id/country/scotland,,,
osgb4000000074605857,http://data.ordnancesurvey.co.uk/id/4000000074605857,Cnoc Bad na Fainne,,,,landform,Hill Or Mountain,271299,935306,1000,300000,271049,935056,271549,935556,KW11,http://data.ordnancesurvey.co.uk/id/postcodedistrict/KW11,,,,,,,Highland,http://data.ordnancesurvey.co.uk/id/7000000000186625,http://data.ordnancesurvey.co.uk/ontology/admingeo/UnitaryAuthority,Scotland,http://data.ordnancesurvey.co.uk/id/7000000000041429,Scotland,http://data.ordnancesurvey.co.uk/id/country/scotland,,,
osgb4000000074778086,http://data.ordnancesurvey.co.uk/id/4000000074778086,Cnoc Ruigh na Sealbhaig,,,,landform,Hill Or Mountain,262960,935840,1000,300000,262710,935590,263210,936090,IV27,http://data.ordnancesurvey.co.uk/id/postcodedistrict/IV27,,,,,,,Highland,http://data.ordnancesurvey.co.uk/id/7000000000186625,http://data.ordnancesurvey.co.uk/ontology/admingeo/UnitaryAuthority,Scotland,http://data.ordnancesurvey.co.uk/id/7000000000041429,Scotland,http://data.ordnancesurvey.co.uk/id/country/scotland,,,
osgb4000000074797117,http://data.ordnancesurvey.co.uk/id/4000000074797117,Lochan Dubh,,,,hydrography,Inland Water,271914,932944,3000,500000,271738,932694,272238,933194,KW11,http://data.ordnancesurvey.co.uk/id/postcodedistrict/KW11,,,,,,,Highland,http://data.ordnancesurvey.co.uk/id/7000000000186625,http://data.ordnancesurvey.co.uk/ontology/admingeo/UnitaryAuthority,Scotland,http://data.ordnancesurvey.co.uk/id/7000000000041429,Scotland,http://data.ordnancesurvey.co.uk/id/country/scotland,,,
osgb4000000074729489,http://data.ordnancesurvey.co.uk/id/4000000074729489,Alltanmolach,,,,landcover,Other Landcover,268613,931500,7000,1300000,268087,931000,269098,932000,KW11,http://data.ordnancesurvey.co.uk/id/postcodedistrict/KW11,,,,,,,Highland,http://data.ordnancesurvey.co.uk/id/7000000000186625,http://data.ordnancesurvey.co.uk/ontology/admingeo/UnitaryAuthority,Scotland,http://data.ordnancesurvey.co.uk/id/7000000000041429,Scotland,http://data.ordnancesurvey.co.uk/id/country/scotland,,,
osgb4000000074778245,http://data.ordnancesurvey.co.uk/id/4000000074778245,Cnoc na h-Iolaire,,,,landform,Hill Or Mountain,269222,934803,1000,300000,268972,934553,269472,935053,KW11,http://data.ordnancesurvey.co.uk/id/postcodedistrict/KW11,,,,,,,Highland,http://data.ordnancesurvey.co.uk/id/7000000000186625,http://data.ordnancesurvey.co.uk/ontology/admingeo/UnitaryAuthority,Scotland,http://data.ordnancesurvey.co.uk/id/7000000000041429,Scotland,http://data.ordnancesurvey.co.uk/id/country/scotland,,,
osgb4000000074712567,http://data.ordnancesurvey.co.uk/id/4000000074712567,Naver Forest,,,,landcover,Woodland Or Forest,270444,935208,63000,400000,267793,933011,273096,942748,KW11,http://data.ordnancesurvey.co.uk/id/postcodedistrict/KW11,,,,,,,Highland,http://data.ordnancesurvey.co.uk/id/7000000000186625,http://data.ordnancesurvey.co.uk/ontology/admingeo/UnitaryAuthority,Scotland,http://data.ordnancesurvey.co.uk/id/7000000000041429,Scotland,http://data.ordnancesurvey.co.uk/id/country/scotland,,,
osgb4000000074602904,http://data.ordnancesurvey.co.uk/id/4000000074602904,Cnoc an Liath-bhaid Mhòir,,,,landform,Hill Or Mountain,275933,929141,1000,300000,275683,928891,276183,929391,KW11,http://data.ordnancesurvey.co.uk/id/postcodedistrict/KW11,,,,,,,Highland,http://data.ordnancesurvey.co.uk/id/7000000000186625,http://data.ordnancesurvey.co.uk/ontology/admingeo/UnitaryAuthority,Scotland,http://data.ordnancesurvey.co.uk/id/7000000000041429,Scotland,http://data.ordnancesurvey.co.uk/id/country/scotland,,,
osgb4000000074605016,http://data.ordnancesurvey.co.uk/id/4000000074605016,Preas a' Chamraig,,,,landform,Hill Or Mountain,271542,929026,1000,300000,271292,928776,271792,929276,KW11,http://data.ordnancesurvey.co.uk/id/postcodedistrict/KW11,,,,,,,Highland,http://data.ordnancesurvey.co.uk/id/7000000000186625,http://data.ordnancesurvey.co.uk/ontology/admingeo/UnitaryAuthority,Scotland,http://data.ordnancesurvey.co.uk/id/7000000000041429,Scotland,http://data.ordnancesurvey.co.uk/id/country/scotland,,,
osgb4000000074729460,http://data.ordnancesurvey.co.uk/id/4000000074729460,Bun nan Tri-allt,,,,landcover,Other Landcover,261477,921520,4000,1300000,261227,921200,261727,921870,IV27,http://data.ordnancesurvey.co.uk/id/postcodedistrict/IV27,,,,,,,Highland,http://data.ordnancesurvey.co.uk/id/7000000000186625,http://data.ordnancesurvey.co.uk/ontology/admingeo/UnitaryAuthority,Scotland,http://data.ordnancesurvey.co.uk/id/7000000000041429,Scotland,http://data.ordnancesurvey.co.uk/id/country/scotland,,,
osgb4000000074602899,http://data.ordnancesurvey.co.uk/id/4000000074602899,Achrimsdale Hill,,,,landform,Hill Or Mountain,278643,926963,1000,300000,278393,926713,278893,927213,KW11,http://data.ordnancesurvey.co.uk/id/postcodedistrict/KW11,,,,,,,Highland,http://data.ordnancesurvey.co.uk/id/7000000000186625,http://data.ordnancesurvey.co.uk/ontology/admingeo/UnitaryAuthority,Scotland,http://data.ordnancesurvey.co.uk/id/7000000000041429,Scotland,http://data.ordnancesurvey.co.uk/id/country/scotland,,,
osgb4000000074603332,http://data.ordnancesurvey.co.uk/id/4000000074603332,Badanloch Hill,,,,landform,Hill Or Mountain,279892,934805,1000,300000,279642,934555,280142,935055,KW11,http://data.ordnancesurvey.co.uk/id/postcodedistrict/KW11,,,,,,,Highland,http://data.ordnancesurvey.co.uk/id/7000000000186625,http://data.ordnancesurvey.co.uk/ontology/admingeo/UnitaryAuthority,Scotland,http://data.ordnancesurvey.co.uk/id/7000000000041429,Scotland,http://data.ordnancesurvey.co.uk/id/country/scotland,,,
osgb4000000074603331,http://data.ordnancesurvey.co.uk/id/4000000074603331,Creag an Alltan Fhearna,,,,landform,Hill Or Mountain,274676,932121,1000,300000,274426,931871,274926,932371,KW11,http://data.ordnancesurvey.co.uk/id/postcodedistrict/KW11,,,,,,,Highland,http://data.ordnancesurvey.co.uk/id/7000000000186625,http://data.ordnancesurvey.co.uk/ontology/admingeo/UnitaryAuthority,Scotland,http://data.ordnancesurvey.co.uk/id/7000000000041429,Scotland,http://data.ordnancesurvey.co.uk/id/country/scotland,,,
osgb4000000074599715,http://data.ordnancesurvey.co.uk/id/4000000074599715,The Whip,eng,Meall Leathad na Craoibhe,gla,landform,Hill Or Mountain,262505,932173,1000,300000,262255,931923,262755,932423,KW11,http://data.ordnancesurvey.co.uk/id/postcodedistrict/KW11,,,,,,,Highland,http://data.ordnancesurvey.co.uk/id/7000000000186625,http://data.ordnancesurvey.co.uk/ontology/admingeo/UnitaryAuthority,Scotland,http://data.ordnancesurvey.co.uk/id/7000000000041429,Scotland,http://data.ordnancesurvey.co.uk/id/country/scotland,,,
osgb4000000074605430,http://data.ordnancesurvey.co.uk/id/4000000074605430,Meall Meadhon,,,,landform,Hill Or Mountain,264972,927432,1000,300000,264722,927182,265222,927682,KW11,http://data.ordnancesurvey.co.uk/id/postcodedistrict/KW11,,,,,,,Highland,http://data.ordnancesurvey.co.uk/id/7000000000186625,http://data.ordnancesurvey.co.uk/ontology/admingeo/UnitaryAuthority,Scotland,http://data.ordnancesurvey.co.uk/id/7000000000041429,Scotland,http://data.ordnancesurvey.co.uk/id/country/scotland,,,
osgb4000000074605431,http://data.ordnancesurvey.co.uk/id/4000000074605431,Meall nan Aighean,,,,landform,Hill Or Mountain,268105,928867,1000,300000,267855,928617,268355,929117,KW11,http://data.ordnancesurvey.co.uk/id/postcodedistrict/KW11,,,,,,,Highland,http://data.ordnancesurvey.co.uk/id/7000000000186625,http://data.ordnancesurvey.co.uk/ontology/admingeo/UnitaryAuthority,Scotland,http://data.ordnancesurvey.co.uk/id/7000000000041429,Scotland,http://data.ordnancesurvey.co.uk/id/country/scotland,,,
osgb4000000074797312,http://data.ordnancesurvey.co.uk/id/4000000074797312,Loch nan Clàr,,,,hydrography,Inland Water,275827,935777,18000,500000,274655,934399,277105,937156,KW11,http://data.ordnancesurvey.co.uk/id/postcodedistrict/KW11,,,,,,,Highland,http://data.ordnancesurvey.co.uk/id/7000000000186625,http://data.ordnancesurvey.co.uk/ontology/admingeo/UnitaryAuthority,Scotland,http://data.ordnancesurvey.co.uk/id/7000000000041429,Scotland,http://data.ordnancesurvey.co.uk/id/country/scotland,,,
osgb4000000074717819,http://data.ordnancesurvey.co.uk/id/4000000074717819,Coire Buidhe,,,,landform,Cirque Or Hollow,261259,938837,4000,30000,260917,938587,261606,939087,IV27,http://data.ordnancesurvey.co.uk/id/postcodedistrict/IV27,,,,,,,Highland,http://data.ordnancesurvey.co.uk/id/7000000000186625,http://data.ordnancesurvey.co.uk/ontology/admingeo/UnitaryAuthority,Scotland,http://data.ordnancesurvey.co.uk/id/7000000000041429,Scotland,http://data.ordnancesurvey.co.uk/id/country/scotland,,,
osgb4000000074616038,http://data.ordnancesurvey.co.uk/id/4000000074616038,Naver Forest,,,,landcover,Woodland Or Forest,275811,937863,26000,400000,273936,935817,277687,939844,KW11,http://data.ordnancesurvey.co.uk/id/postcodedistrict/KW11,,,,,,,Highland,http://data.ordnancesurvey.co.uk/id/7000000000186625,http://data.ordnancesurvey.co.uk/ontology/admingeo/UnitaryAuthority,Scotland,http://data.ordnancesurvey.co.uk/id/7000000000041429,Scotland,http://data.ordnancesurvey.co.uk/id/country/scotland,,,
osgb4000000074603746,http://data.ordnancesurvey.co.uk/id/4000000074603746,Cnoc na Breun-choille,,,,landform,Hill Or Mountain,278957,924572,1000,300000,278707,924322,279207,924822,KW11,http://data.ordnancesurvey.co.uk/id/postcodedistrict/KW11,,,,,,,Highland,http://data.ordnancesurvey.co.uk/id/7000000000186625,http://data.ordnancesurvey.co.uk/ontology/admingeo/UnitaryAuthority,Scotland,http://data.ordnancesurvey.co.uk/id/7000000000041429,Scotland,http://data.ordnancesurvey.co.uk/id/country/scotland,,,
osgb4000000074588983,http://data.ordnancesurvey.co.uk/id/4000000074588983,Eilean Poll an Lòinein,,,,landform,Island,267416,938214,1000,800000,267166,937975,267666,938475,IV27,http://data.ordnancesurvey.co.uk/id/postcodedistrict/IV27,,,,,,,Highland,http://data.ordnancesurvey.co.uk/id/7000000000186625,http://data.ordnancesurvey.co.uk/ontology/admingeo/UnitaryAuthority,Scotland,http://data.ordnancesurvey.co.uk/id/7000000000041429,Scotland,http://data.ordnancesurvey.co.uk/id/country/scotland,,,
osgb4000000074603333,http://data.ordnancesurvey.co.uk/id/4000000074603333,Cnoc Bad a' Ghille Dhuibh,,,,landform,Hill Or Mountain,279557,936442,1000,300000,279307,936192,279807,936692,KW11,http://data.ordnancesurvey.co.uk/id/postcodedistrict/KW11,,,,,,,Highland,http://data.ordnancesurvey.co.uk/id/7000000000186625,http://data.ordnancesurvey.co.uk/ontology/admingeo/UnitaryAuthority,Scotland,http://data.ordnancesurvey.co.uk/id/7000000000041429,Scotland,http://data.ordnancesurvey.co.uk/id/country/scotland,,,
osgb4000000074778247,http://data.ordnancesurvey.co.uk/id/4000000074778247,Cnoc Molach,,,,landform,Hill Or Mountain,278460,935400,1000,300000,278210,935150,278710,935650,KW11,http://data.ordnancesurvey.co.uk/id/postcodedistrict/KW11,,,,,,,Highland,http://data.ordnancesurvey.co.uk/id/7000000000186625,http://data.ordnancesurvey.co.uk/ontology/admingeo/UnitaryAuthority,Scotland,http://data.ordnancesurvey.co.uk/id/7000000000041429,Scotland,http://data.ordnancesurvey.co.uk/id/country/scotland,,,
osgb4000000074797115,http://data.ordnancesurvey.co.uk/id/4000000074797115,Gorm-Loch Beag,,,,hydrography,Inland Water,270677,927175,4000,500000,270427,926930,270927,927485,KW11,http://data.ordnancesurvey.co.uk/id/postcodedistrict/KW11,,,,,,,Highland,http://data.ordnancesurvey.co.uk/id/7000000000186625,http://data.ordnancesurvey.co.uk/ontology/admingeo/UnitaryAuthority,Scotland,http://data.ordnancesurvey.co.uk/id/7000000000041429,Scotland,http://data.ordnancesurvey.co.uk/id/country/scotland,,,
osgb4000000074721101,http://data.ordnancesurvey.co.uk/id/4000000074721101,Coir' an Eas,,,,landform,Cirque Or Hollow,269549,925616,7000,30000,269053,925367,270056,925867,KW11,http://data.ordnancesurvey.co.uk/id/postcodedistrict/KW11,,,,,,,Highland,http://data.ordnancesurvey.co.uk/id/7000000000186625,http://data.ordnancesurvey.co.uk/ontology/admingeo/UnitaryAuthority,Scotland,http://data.ordnancesurvey.co.uk/id/7000000000041429,Scotland,http://data.ordnancesurvey.co.uk/id/country/scotland,,,
osgb4000000074607115,http://data.ordnancesurvey.co.uk/id/4000000074607115,Cnoc Caol,,,,landform,Hill Or Mountain,274224,922440,1000,300000,273974,922190,274474,922690,KW11,http://data.ordnancesurvey.co.uk/id/postcodedistrict/KW11,,,,,,,Highland,http://data.ordnancesurvey.co.uk/id/7000000000186625,http://data.ordnancesurvey.co.uk/ontology/admingeo/UnitaryAuthority,Scotland,http://data.ordnancesurvey.co.uk/id/7000000000041429,Scotland,http://data.ordnancesurvey.co.uk/id/country/scotland,,,
osgb4000000074598660,http://data.ordnancesurvey.co.uk/id/4000000074598660,Round Hill,,,,landform,Hill Or Mountain,266723,939620,1000,300000,266473,939370,266973,939870,IV27,http://data.ordnancesurvey.co.uk/id/postcodedistrict/IV27,,,,,,,Highland,http://data.ordnancesurvey.co.uk/id/7000000000186625,http://data.ordnancesurvey.co.uk/ontology/admingeo/UnitaryAuthority,Scotland,http://data.ordnancesurvey.co.uk/id/7000000000041429,Scotland,http://data.ordnancesurvey.co.uk/id/country/scotland,,,
osgb4000000074797460,http://data.ordnancesurvey.co.uk/id/4000000074797460,Loch Molach,,,,hydrography,Inland Water,263043,939184,3000,500000,262834,938934,263334,939434,IV27,http://data.ordnancesurvey.co.uk/id/postcodedistrict/IV27,,,,,,,Highland,http://data.ordnancesurvey.co.uk/id/7000000000186625,http://data.ordnancesurvey.co.uk/ontology/admingeo/UnitaryAuthority,Scotland,http://data.ordnancesurvey.co.uk/id/7000000000041429,Scotland,http://data.ordnancesurvey.co.uk/id/country/scotland,,,
osgb4000000074721104,http://data.ordnancesurvey.co.uk/id/4000000074721104,Coire Poll Dhomhnuill,,,,landform,Cirque Or Hollow,267636,930560,3000,30000,267387,930310,267887,930810,KW11,http://data.ordnancesurvey.co.uk/id/postcodedistrict/KW11,,,,,,,Highland,http://data.ordnancesurvey.co.uk/id/7000000000186625,http://data.ordnancesurvey.co.uk/ontology/admingeo/UnitaryAuthority,Scotland,http://data.ordnancesurvey.co.uk/id/7000000000041429,Scotland,http://data.ordnancesurvey.co.uk/id/country/scotland,,,
osgb4000000074732514,http://data.ordnancesurvey.co.uk/id/4000000074732514,Monadh Stairneach,,,,landcover,Other Landcover,266228,926675,15000,1300000,265501,925555,266954,927872,KW11,http://data.ordnancesurvey.co.uk/id/postcodedistrict/KW11,,,,,,,Highland,http://data.ordnancesurvey.co.uk/id/7000000000186625,http://data.ordnancesurvey.co.uk/ontology/admingeo/UnitaryAuthority,Scotland,http://data.ordnancesurvey.co.uk/id/7000000000041429,Scotland,http://data.ordnancesurvey.co.uk/id/country/scotland,,,
osgb4000000074604181,http://data.ordnancesurvey.co.uk/id/4000000074604181,Sròn an Eireannach,,,,landform,Hill Or Mountain,275626,938373,1000,300000,275376,938123,275876,938623,KW11,http://data.ordnancesurvey.co.uk/id/postcodedistrict/KW11,,,,,,,Highland,http://data.ordnancesurvey.co.uk/id/7000000000186625,http://data.ordnancesurvey.co.uk/ontology/admingeo/UnitaryAuthority,Scotland,http://data.ordnancesurvey.co.uk/id/7000000000041429,Scotland,http://data.ordnancesurvey.co.uk/id/country/scotland,,,
osgb4000000074603334,http://data.ordnancesurvey.co.uk/id/4000000074603334,Cnoc Bad an t-Slamain,,,,landform,Hill Or Mountain,278418,935443,1000,300000,278168,935193,278668,935693,KW11,http://data.ordnancesurvey.co.uk/id/postcodedistrict/KW11,,,,,,,Highland,http://data.ordnancesurvey.co.uk/id/7000000000186625,http://data.ordnancesurvey.co.uk/ontology/admingeo/UnitaryAuthority,Scotland,http://data.ordnancesurvey.co.uk/id/7000000000041429,Scotland,http://data.ordnancesurvey.co.uk/id/country/scotland,,,
osgb4000000074606278,http://data.ordnancesurvey.co.uk/id/4000000074606278,Beadaig,,,,landform,Hill Or Mountain,264614,937093,1000,300000,264364,936843,264864,937343,IV27,http://data.ordnancesurvey.co.uk/id/postcodedistrict/IV27,,,,,,,Highland,http://data.ordnancesurvey.co.uk/id/7000000000186625,http://data.ordnancesurvey.co.uk/ontology/admingeo/UnitaryAuthority,Scotland,http://data.ordnancesurvey.co.uk/id/7000000000041429,Scotland,http://data.ordnancesurvey.co.uk/id/country/scotland,,,
osgb4000000074600052,http://data.ordnancesurvey.co.uk/id/4000000074600052,Cnoc a' Chròm-uillt,,,,landform,Hill Or Mountain,272763,931222,1000,300000,272513,930972,273013,931472,KW11,http://data.ordnancesurvey.co.uk/id/postcodedistrict/KW11,,,,,,,Highland,http://data.ordnancesurvey.co.uk/id/7000000000186625,http://data.ordnancesurvey.co.uk/ontology/admingeo/UnitaryAuthority,Scotland,http://data.ordnancesurvey.co.uk/id/7000000000041429,Scotland,http://data.ordnancesurvey.co.uk/id/country/scotland,,,
osgb4000000074778288,http://data.ordnancesurvey.co.uk/id/4000000074778288,Cnoc Airigh an Leathaid,,,,landform,Hill Or Mountain,270067,932958,1000,300000,269817,932708,270317,933208,KW11,http://data.ordnancesurvey.co.uk/id/postcodedistrict/KW11,,,,,,,Highland,http://data.ordnancesurvey.co.uk/id/7000000000186625,http://data.ordnancesurvey.co.uk/ontology/admingeo/UnitaryAuthority,Scotland,http://data.ordnancesurvey.co.uk/id/7000000000041429,Scotland,http://data.ordnancesurvey.co.uk/id/country/scotland,,,
osgb4000000074720980,http://data.ordnancesurvey.co.uk/id/4000000074720980,Coire Ruairidh,,,,landform,Valley,269113,920837,3000,800000,268863,920612,269363,921112,KW11,http://data.ordnancesurvey.co.uk/id/postcodedistrict/KW11,,,,,,,Highland,http://data.ordnancesurvey.co.uk/id/7000000000186625,http://data.ordnancesurvey.co.uk/ontology/admingeo/UnitaryAuthority,Scotland,http://data.ordnancesurvey.co.uk/id/7000000000041429,Scotland,http://data.ordnancesurvey.co.uk/id/country/scotland,,,
osgb4000000074803585,http://data.ordnancesurvey.co.uk/id/4000000074803585,Two Stones,,,,hydrography,Inland Water,276152,920299,1000,35000,275872,920049,276372,920549,IV28,http://data.ordnancesurvey.co.uk/id/postcodedistrict/IV28,,,,,,,Highland,http://data.ordnancesurvey.co.uk/id/7000000000186625,http://data.ordnancesurvey.co.uk/ontology/admingeo/UnitaryAuthority,Scotland,http://data.ordnancesurvey.co.uk/id/7000000000041429,Scotland,http://data.ordnancesurvey.co.uk/id/country/scotland,,,
osgb4000000074729459,http://data.ordnancesurvey.co.uk/id/4000000074729459,Ben Armine Forest,,,,landcover,Other Landcover,269143,920717,103000,1300000,261564,913945,277369,927489,KW11,http://data.ordnancesurvey.co.uk/id/postcodedistrict/KW11,,,,,,,Highland,http://data.ordnancesurvey.co.uk/id/7000000000186625,http://data.ordnancesurvey.co.uk/ontology/admingeo/UnitaryAuthority,Scotland,http://data.ordnancesurvey.co.uk/id/7000000000041429,Scotland,http://data.ordnancesurvey.co.uk/id/country/scotland,,,
osgb4000000074803583,http://data.ordnancesurvey.co.uk/id/4000000074803583,Rock Pool,,,,hydrography,Inland Water,275986,920147,1000,35000,275736,919889,276236,920389,IV28,http://data.ordnancesurvey.co.uk/id/postcodedistrict/IV28,,,,,,,Highland,http://data.ordnancesurvey.co.uk/id/7000000000186625,http://data.ordnancesurvey.co.uk/ontology/admingeo/UnitaryAuthority,Scotland,http://data.ordnancesurvey.co.uk/id/7000000000041429,Scotland,http://data.ordnancesurvey.co.uk/id/country/scotland,,,
osgb4000000074605432,http://data.ordnancesurvey.co.uk/id/4000000074605432,Creag na h-Iolaire,,,,landform,Hill Or Mountain,267355,928889,1000,300000,267105,928639,267605,929139,KW11,http://data.ordnancesurvey.co.uk/id/postcodedistrict/KW11,,,,,,,Highland,http://data.ordnancesurvey.co.uk/id/7000000000186625,http://data.ordnancesurvey.co.uk/ontology/admingeo/UnitaryAuthority,Scotland,http://data.ordnancesurvey.co.uk/id/7000000000041429,Scotland,http://data.ordnancesurvey.co.uk/id/country/scotland,,,
osgb4000000074602905,http://data.ordnancesurvey.co.uk/id/4000000074602905,Creag an Lochain,,,,landform,Hill Or Mountain,275203,929994,1000,300000,274953,929744,275453,930244,KW11,http://data.ordnancesurvey.co.uk/id/postcodedistrict/KW11,,,,,,,Highland,http://data.ordnancesurvey.co.uk/id/7000000000186625,http://data.ordnancesurvey.co.uk/ontology/admingeo/UnitaryAuthority,Scotland,http://data.ordnancesurvey.co.uk/id/7000000000041429,Scotland,http://data.ordnancesurvey.co.uk/id/country/scotland,,,
osgb4000000074623067,http://data.ordnancesurvey.co.uk/id/4000000074623067,Round Hill,,,,landform,Hill Or Mountain,262806,934194,1000,300000,262556,933944,263056,934444,IV27,http://data.ordnancesurvey.co.uk/id/postcodedistrict/IV27,,,,,,,Highland,http://data.ordnancesurvey.co.uk/id/7000000000186625,http://data.ordnancesurvey.co.uk/ontology/admingeo/UnitaryAuthority,Scotland,http://data.ordnancesurvey.co.uk/id/7000000000041429,Scotland,http://data.ordnancesurvey.co.uk/id/country/scotland,,,
osgb4000000074778128,http://data.ordnancesurvey.co.uk/id/4000000074778128,Cnoc Loch Tarbhaidh,,,,landform,Hill Or Mountain,263741,935309,1000,300000,263491,935059,263991,935559,IV27,http://data.ordnancesurvey.co.uk/id/postcodedistrict/IV27,,,,,,,Highland,http://data.ordnancesurvey.co.uk/id/7000000000186625,http://data.ordnancesurvey.co.uk/ontology/admingeo/UnitaryAuthority,Scotland,http://data.ordnancesurvey.co.uk/id/7000000000041429,Scotland,http://data.ordnancesurvey.co.uk/id/country/scotland,,,
osgb4000000074603324,http://data.ordnancesurvey.co.uk/id/4000000074603324,Cnoc Blàrach,,,,landform,Hill Or Mountain,278777,920572,1000,300000,278527,920322,279027,920822,IV28,http://data.ordnancesurvey.co.uk/id/postcodedistrict/IV28,,,,,,,Highland,http://data.ordnancesurvey.co.uk/id/7000000000186625,http://data.ordnancesurvey.co.uk/ontology/admingeo/UnitaryAuthority,Scotland,http://data.ordnancesurvey.co.uk/id/7000000000041429,Scotland,http://data.ordnancesurvey.co.uk/id/country/scotland,,,
osgb4000000074803588,http://data.ordnancesurvey.co.uk/id/4000000074803588,Loch Rimsdale,,,,hydrography,Inland Water,273860,935107,36000,500000,273098,933540,274623,939090,KW11,http://data.ordnancesurvey.co.uk/id/postcodedistrict/KW11,,,,,,,Highland,http://data.ordnancesurvey.co.uk/id/7000000000186625,http://data.ordnancesurvey.co.uk/ontology/admingeo/UnitaryAuthority,Scotland,http://data.ordnancesurvey.co.uk/id/7000000000041429,Scotland,http://data.ordnancesurvey.co.uk/id/country/scotland,,,
osgb4000000074602900,http://data.ordnancesurvey.co.uk/id/4000000074602900,Cnoc an t-Sìthein,,,,landform,Hill Or Mountain,275088,926441,1000,300000,274838,926191,275338,926691,KW11,http://data.ordnancesurvey.co.uk/id/postcodedistrict/KW11,,,,,,,Highland,http://data.ordnancesurvey.co.uk/id/7000000000186625,http://data.ordnancesurvey.co.uk/ontology/admingeo/UnitaryAuthority,Scotland,http://data.ordnancesurvey.co.uk/id/7000000000041429,Scotland,http://data.ordnancesurvey.co.uk/id/country/scotland,,,
osgb4000000074778127,http://data.ordnancesurvey.co.uk/id/4000000074778127,Cnoc Leac a' Ghille,,,,landform,Hill Or Mountain,265544,936748,1000,300000,265294,936498,265794,936998,IV27,http://data.ordnancesurvey.co.uk/id/postcodedistrict/IV27,,,,,,,Highland,http://data.ordnancesurvey.co.uk/id/7000000000186625,http://data.ordnancesurvey.co.uk/ontology/admingeo/UnitaryAuthority,Scotland,http://data.ordnancesurvey.co.uk/id/7000000000041429,Scotland,http://data.ordnancesurvey.co.uk/id/country/scotland,,,
osgb4000000074818103,http://data.ordnancesurvey.co.uk/id/4000000074818103,Rubha Geal,,,,landform,Other Landform,273650,933731,1000,15000,273400,933481,273900,933981,KW11,http://data.ordnancesurvey.co.uk/id/postcodedistrict/KW11,,,,,,,Highland,http://data.ordnancesurvey.co.uk/id/7000000000186625,http://data.ordnancesurvey.co.uk/ontology/admingeo/UnitaryAuthority,Scotland,http://data.ordnancesurvey.co.uk/id/7000000000041429,Scotland,http://data.ordnancesurvey.co.uk/id/country/scotland,,,
osgb4000000074607540,http://data.ordnancesurvey.co.uk/id/4000000074607540,Creag Riabhach na Greighe,,,,landform,Hill Or Mountain,261016,920843,1000,300000,260766,920593,261266,921093,IV27,http://data.ordnancesurvey.co.uk/id/postcodedistrict/IV27,,,,,,,Highland,http://data.ordnancesurvey.co.uk/id/7000000000186625,http://data.ordnancesurvey.co.uk/ontology/admingeo/UnitaryAuthority,Scotland,http://data.ordnancesurvey.co.uk/id/7000000000041429,Scotland,http://data.ordnancesurvey.co.uk/id/country/scotland,,,
osgb4000000074803584,http://data.ordnancesurvey.co.uk/id/4000000074803584,Peat Bank,,,,hydrography,Inland Water,276385,920622,1000,35000,276144,920373,276644,920873,IV28,http://data.ordnancesurvey.co.uk/id/postcodedistrict/IV28,,,,,,,Highland,http://data.ordnancesurvey.co.uk/id/7000000000186625,http://data.ordnancesurvey.co.uk/ontology/admingeo/UnitaryAuthority,Scotland,http://data.ordnancesurvey.co.uk/id/7000000000041429,Scotland,http://data.ordnancesurvey.co.uk/id/country/scotland,,,
osgb4000000074605435,http://data.ordnancesurvey.co.uk/id/4000000074605435,Meall a' Bhata,,,,landform,Hill Or Mountain,263572,926441,1000,300000,263322,926191,263822,926691,KW11,http://data.ordnancesurvey.co.uk/id/postcodedistrict/KW11,,,,,,,Highland,http://data.ordnancesurvey.co.uk/id/7000000000186625,http://data.ordnancesurvey.co.uk/ontology/admingeo/UnitaryAuthority,Scotland,http://data.ordnancesurvey.co.uk/id/7000000000041429,Scotland,http://data.ordnancesurvey.co.uk/id/country/scotland,,,
osgb4000000074605013,http://data.ordnancesurvey.co.uk/id/4000000074605013,Creag a' Choire Ghlais,,,,landform,Hill Or Mountain,269490,927303,1000,300000,269240,927053,269740,927553,KW11,http://data.ordnancesurvey.co.uk/id/postcodedistrict/KW11,,,,,,,Highland,http://data.ordnancesurvey.co.uk/id/7000000000186625,http://data.ordnancesurvey.co.uk/ontology/admingeo/UnitaryAuthority,Scotland,http://data.ordnancesurvey.co.uk/id/7000000000041429,Scotland,http://data.ordnancesurvey.co.uk/id/country/scotland,,,
osgb4000000074721106,http://data.ordnancesurvey.co.uk/id/4000000074721106,Coire na Feàrna,,,,landform,Valley,262204,925707,5000,800000,261954,925338,262454,926060,KW11,http://data.ordnancesurvey.co.uk/id/postcodedistrict/KW11,,,,,,,Highland,http://data.ordnancesurvey.co.uk/id/7000000000186625,http://data.ordnancesurvey.co.uk/ontology/admingeo/UnitaryAuthority,Scotland,http://data.ordnancesurvey.co.uk/id/7000000000041429,Scotland,http://data.ordnancesurvey.co.uk/id/country/scotland,,,
osgb4000000074607536,http://data.ordnancesurvey.co.uk/id/4000000074607536,Maol Coire a' Mhile,,,,landform,Hill Or Mountain,268378,923135,1000,300000,268128,922885,268628,923385,KW11,http://data.ordnancesurvey.co.uk/id/postcodedistrict/KW11,,,,,,,Highland,http://data.ordnancesurvey.co.uk/id/7000000000186625,http://data.ordnancesurvey.co.uk/ontology/admingeo/UnitaryAuthority,Scotland,http://data.ordnancesurvey.co.uk/id/7000000000041429,Scotland,http://data.ordnancesurvey.co.uk/id/country/scotland,,,
osgb4000000074605861,http://data.ordnancesurvey.co.uk/id/4000000074605861,Cnoc Ruigh nan Copag,,,,landform,Hill Or Mountain,263841,935244,1000,300000,263591,934994,264091,935494,IV27,http://data.ordnancesurvey.co.uk/id/postcodedistrict/IV27,,,,,,,Highland,http://data.ordnancesurvey.co.uk/id/7000000000186625,http://data.ordnancesurvey.co.uk/ontology/admingeo/UnitaryAuthority,Scotland,http://data.ordnancesurvey.co.uk/id/7000000000041429,Scotland,http://data.ordnancesurvey.co.uk/id/country/scotland,,,
osgb4000000074778167,http://data.ordnancesurvey.co.uk/id/4000000074778167,Coirenamfeuran,,,,landform,Valley,266073,934607,6000,800000,265682,934353,266609,934861,KW11,http://data.ordnancesurvey.co.uk/id/postcodedistrict/KW11,,,,,,,Highland,http://data.ordnancesurvey.co.uk/id/7000000000186625,http://data.ordnancesurvey.co.uk/ontology/admingeo/UnitaryAuthority,Scotland,http://data.ordnancesurvey.co.uk/id/7000000000041429,Scotland,http://data.ordnancesurvey.co.uk/id/country/scotland,,,
osgb4000000074797366,http://data.ordnancesurvey.co.uk/id/4000000074797366,Loch Naver,,,,hydrography,Inland Water,261435,936470,60000,500000,257653,934393,266897,938548,IV27,http://data.ordnancesurvey.co.uk/id/postcodedistrict/IV27,,,,,,,Highland,http://data.ordnancesurvey.co.uk/id/7000000000186625,http://data.ordnancesurvey.co.uk/ontology/admingeo/UnitaryAuthority,Scotland,http://data.ordnancesurvey.co.uk/id/7000000000041429,Scotland,http://data.ordnancesurvey.co.uk/id/country/scotland,,,
osgb4000000074602903,http://data.ordnancesurvey.co.uk/id/4000000074602903,Riasg Hill,,,,landform,Hill Or Mountain,277078,928106,1000,300000,276828,927856,277328,928356,KW11,http://data.ordnancesurvey.co.uk/id/postcodedistrict/KW11,,,,,,,Highland,http://data.ordnancesurvey.co.uk/id/7000000000186625,http://data.ordnancesurvey.co.uk/ontology/admingeo/UnitaryAuthority,Scotland,http://data.ordnancesurvey.co.uk/id/7000000000041429,Scotland,http://data.ordnancesurvey.co.uk/id/country/scotland,,,
osgb4000000074607549,http://data.ordnancesurvey.co.uk/id/4000000074607549,Càrn Gruama Mòr,,,,landform,Hill Or Mountain,261345,937418,1000,300000,261095,937168,261595,937668,IV27,http://data.ordnancesurvey.co.uk/id/postcodedistrict/IV27,,,,,,,Highland,http://data.ordnancesurvey.co.uk/id/7000000000186625,http://data.ordnancesurvey.co.uk/ontology/admingeo/UnitaryAuthority,Scotland,http://data.ordnancesurvey.co.uk/id/7000000000041429,Scotland,http://data.ordnancesurvey.co.uk/id/country/scotland,,,
osgb4000000074606279,http://data.ordnancesurvey.co.uk/id/4000000074606279,Meall na Caillich,,,,landform,Hill Or Mountain,260713,925286,1000,300000,260463,925036,260963,925536,KW11,http://data.ordnancesurvey.co.uk/id/postcodedistrict/KW11,,,,,,,Highland,http://data.ordnancesurvey.co.uk/id/7000000000186625,http://data.ordnancesurvey.co.uk/ontology/admingeo/UnitaryAuthority,Scotland,http://data.ordnancesurvey.co.uk/id/7000000000041429,Scotland,http://data.ordnancesurvey.co.uk/id/country/scotland,,,
osgb4000000074797037,http://data.ordnancesurvey.co.uk/id/4000000074797037,Loch Gruama Mòr,,,,hydrography,Inland Water,261015,939572,3000,500000,260765,939323,261265,939823,IV27,http://data.ordnancesurvey.co.uk/id/postcodedistrict/IV27,,,,,,,Highland,http://data.ordnancesurvey.co.uk/id/7000000000186625,http://data.ordnancesurvey.co.uk/ontology/admingeo/UnitaryAuthority,Scotland,http://data.ordnancesurvey.co.uk/id/7000000000041429,Scotland,http://data.ordnancesurvey.co.uk/id/country/scotland,,,
osgb4000000074726827,http://data.ordnancesurvey.co.uk/id/4000000074726827,Rubha Mòr,,,,landform,Island,276930,934587,3000,800000,276680,934345,277180,934845,KW11,http://data.ordnancesurvey.co.uk/id/postcodedistrict/KW11,,,,,,,Highland,http://data.ordnancesurvey.co.uk/id/7000000000186625,http://data.ordnancesurvey.co.uk/ontology/admingeo/UnitaryAuthority,Scotland,http://data.ordnancesurvey.co.uk/id/7000000000041429,Scotland,http://data.ordnancesurvey.co.uk/id/country/scotland,,,
osgb4000000074778289,http://data.ordnancesurvey.co.uk/id/4000000074778289,Cnoc na Meinne,,,,landform,Hill Or Mountain,277090,932040,1000,300000,276840,931790,277340,932290,KW11,http://data.ordnancesurvey.co.uk/id/postcodedistrict/KW11,,,,,,,Highland,http://data.ordnancesurvey.co.uk/id/7000000000186625,http://data.ordnancesurvey.co.uk/ontology/admingeo/UnitaryAuthority,Scotland,http://data.ordnancesurvey.co.uk/id/7000000000041429,Scotland,http://data.ordnancesurvey.co.uk/id/country/scotland,,,
osgb4000000074720982,http://data.ordnancesurvey.co.uk/id/4000000074720982,Coire Dorcha,,,,landform,Cirque Or Hollow,269073,924988,5000,30000,268692,924706,269473,925270,KW11,http://data.ordnancesurvey.co.uk/id/postcodedistrict/KW11,,,,,,,Highland,http://data.ordnancesurvey.co.uk/id/7000000000186625,http://data.ordnancesurvey.co.uk/ontology/admingeo/UnitaryAuthority,Scotland,http://data.ordnancesurvey.co.uk/id/7000000000041429,Scotland,http://data.ordnancesurvey.co.uk/id/country/scotland,,,
osgb4000000074600051,http://data.ordnancesurvey.co.uk/id/4000000074600051,Meall an t-Socaich,,,,landform,Hill Or Mountain,276978,932731,1000,300000,276728,932481,277228,932981,KW11,http://data.ordnancesurvey.co.uk/id/postcodedistrict/KW11,,,,,,,Highland,http://data.ordnancesurvey.co.uk/id/7000000000186625,http://data.ordnancesurvey.co.uk/ontology/admingeo/UnitaryAuthority,Scotland,http://data.ordnancesurvey.co.uk/id/7000000000041429,Scotland,http://data.ordnancesurvey.co.uk/id/country/scotland,,,
osgb4000000074797116,http://data.ordnancesurvey.co.uk/id/4000000074797116,Loch Choire,,,,hydrography,Inland Water,263169,928458,25000,500000,261252,926912,265085,930599,KW11,http://data.ordnancesurvey.co.uk/id/postcodedistrict/KW11,,,,,,,Highland,http://data.ordnancesurvey.co.uk/id/7000000000186625,http://data.ordnancesurvey.co.uk/ontology/admingeo/UnitaryAuthority,Scotland,http://data.ordnancesurvey.co.uk/id/7000000000041429,Scotland,http://data.ordnancesurvey.co.uk/id/country/scotland,,,
osgb4000000074778168,http://data.ordnancesurvey.co.uk/id/4000000074778168,Cnoc a' Bhreac-achaidh,,,,landform,Hill Or Mountain,267680,935350,1000,300000,267430,935100,267930,935600,IV27,http://data.ordnancesurvey.co.uk/id/postcodedistrict/IV27,,,,,,,Highland,http://data.ordnancesurvey.co.uk/id/7000000000186625,http://data.ordnancesurvey.co.uk/ontology/admingeo/UnitaryAuthority,Scotland,http://data.ordnancesurvey.co.uk/id/7000000000041429,Scotland,http://data.ordnancesurvey.co.uk/id/country/scotland,,,
osgb4000000074607121,http://data.ordnancesurvey.co.uk/id/4000000074607121,Càrn Gruama Beag,,,,landform,Hill Or Mountain,262887,938617,1000,300000,262637,938367,263137,938867,IV27,http://data.ordnancesurvey.co.uk/id/postcodedistrict/IV27,,,,,,,Highland,http://data.ordnancesurvey.co.uk/id/7000000000186625,http://data.ordnancesurvey.co.uk/ontology/admingeo/UnitaryAuthority,Scotland,http://data.ordnancesurvey.co.uk/id/7000000000041429,Scotland,http://data.ordnancesurvey.co.uk/id/country/scotland,,,
osgb4000000074732995,http://data.ordnancesurvey.co.uk/id/4000000074732995,Dailmallart,,,,landcover,Other Landcover,267363,937890,3000,1300000,267131,937641,267647,938141,IV27,http://data.ordnancesurvey.co.uk/id/postcodedistrict/IV27,,,,,,,Highland,http://data.ordnancesurvey.co.uk/id/7000000000186625,http://data.ordnancesurvey.co.uk/ontology/admingeo/UnitaryAuthority,Scotland,http://data.ordnancesurvey.co.uk/id/7000000000041429,Scotland,http://data.ordnancesurvey.co.uk/id/country/scotland,,,
osgb4000000074721102,http://data.ordnancesurvey.co.uk/id/4000000074721102,Coire Glas,,,,landform,Valley,269836,927542,3000,800000,269567,927292,270078,927792,KW11,http://data.ordnancesurvey.co.uk/id/postcodedistrict/KW11,,,,,,,Highland,http://data.ordnancesurvey.co.uk/id/7000000000186625,http://data.ordnancesurvey.co.uk/ontology/admingeo/UnitaryAuthority,Scotland,http://data.ordnancesurvey.co.uk/id/7000000000041429,Scotland,http://data.ordnancesurvey.co.uk/id/country/scotland,,,
osgb4000000074605012,http://data.ordnancesurvey.co.uk/id/4000000074605012,Càrn nan Ceannaichean,,,,landform,Hill Or Mountain,273419,925118,1000,300000,273169,924868,273669,925368,KW11,http://data.ordnancesurvey.co.uk/id/postcodedistrict/KW11,,,,,,,Highland,http://data.ordnancesurvey.co.uk/id/7000000000186625,http://data.ordnancesurvey.co.uk/ontology/admingeo/UnitaryAuthority,Scotland,http://data.ordnancesurvey.co.uk/id/7000000000041429,Scotland,http://data.ordnancesurvey.co.uk/id/country/scotland,,,
osgb4000000074605434,http://data.ordnancesurvey.co.uk/id/4000000074605434,Cnoc na Gaoithe,,,,landform,Hill Or Mountain,272794,935872,1000,300000,272544,935622,273044,936122,KW11,http://data.ordnancesurvey.co.uk/id/postcodedistrict/KW11,,,,,,,Highland,http://data.ordnancesurvey.co.uk/id/7000000000186625,http://data.ordnancesurvey.co.uk/ontology/admingeo/UnitaryAuthority,Scotland,http://data.ordnancesurvey.co.uk/id/7000000000041429,Scotland,http://data.ordnancesurvey.co.uk/id/country/scotland,,,
osgb4000000074602902,http://data.ordnancesurvey.co.uk/id/4000000074602902,Glen Hill,,,,landform,Hill Or Mountain,278982,930143,1000,300000,278732,929893,279232,930393,KW11,http://data.ordnancesurvey.co.uk/id/postcodedistrict/KW11,,,,,,,Highland,http://data.ordnancesurvey.co.uk/id/7000000000186625,http://data.ordnancesurvey.co.uk/ontology/admingeo/UnitaryAuthority,Scotland,http://data.ordnancesurvey.co.uk/id/7000000000041429,Scotland,http://data.ordnancesurvey.co.uk/id/country/scotland,,,
osgb4000000074721470,http://data.ordnancesurvey.co.uk/id/4000000074721470,Corrie na Bà,,,,landform,Cirque Or Hollow,261105,930744,4000,30000,260820,930495,261391,930995,KW11,http://data.ordnancesurvey.co.uk/id/postcodedistrict/KW11,,,,,,,Highland,http://data.ordnancesurvey.co.uk/id/7000000000186625,http://data.ordnancesurvey.co.uk/ontology/admingeo/UnitaryAuthority,Scotland,http://data.ordnancesurvey.co.uk/id/7000000000041429,Scotland,http://data.ordnancesurvey.co.uk/id/country/scotland,,,
osgb4000000074809189,http://data.ordnancesurvey.co.uk/id/4000000074809189,Blàrach Burn Pool,,,,hydrography,Inland Water,276595,920756,1000,35000,276345,920553,276845,921053,IV28,http://data.ordnancesurvey.co.uk/id/postcodedistrict/IV28,,,,,,,Highland,http://data.ordnancesurvey.co.uk/id/7000000000186625,http://data.ordnancesurvey.co.uk/ontology/admingeo/UnitaryAuthority,Scotland,http://data.ordnancesurvey.co.uk/id/7000000000041429,Scotland,http://data.ordnancesurvey.co.uk/id/country/scotland,,,
osgb4000000074777954,http://data.ordnancesurvey.co.uk/id/4000000074777954,Cnoc an Tailleir,,,,landform,Hill Or Mountain,260039,936933,1000,300000,259789,936683,260289,937183,IV27,http://data.ordnancesurvey.co.uk/id/postcodedistrict/IV27,,,,,,,Highland,http://data.ordnancesurvey.co.uk/id/7000000000186625,http://data.ordnancesurvey.co.uk/ontology/admingeo/UnitaryAuthority,Scotland,http://data.ordnancesurvey.co.uk/id/7000000000041429,Scotland,http://data.ordnancesurvey.co.uk/id/country/scotland,,,
osgb4000000074729490,http://data.ordnancesurvey.co.uk/id/4000000074729490,Loch Choire Forest,,,,landcover,Other Landcover,264461,928975,100000,1300000,256940,921833,272324,936117,KW11,http://data.ordnancesurvey.co.uk/id/postcodedistrict/KW11,,,,,,,Highland,http://data.ordnancesurvey.co.uk/id/7000000000186625,http://data.ordnancesurvey.co.uk/ontology/admingeo/UnitaryAuthority,Scotland,http://data.ordnancesurvey.co.uk/id/7000000000041429,Scotland,http://data.ordnancesurvey.co.uk/id/country/scotland,,,
osgb4000000074605860,http://data.ordnancesurvey.co.uk/id/4000000074605860,Ceann na Beinne Bige,gla,Rowan Tree Hill,eng,landform,Hill Or Mountain,264388,933166,1000,300000,264138,932916,264638,933416,KW11,http://data.ordnancesurvey.co.uk/id/postcodedistrict/KW11,,,,,,,Highland,http://data.ordnancesurvey.co.uk/id/7000000000186625,http://data.ordnancesurvey.co.uk/ontology/admingeo/UnitaryAuthority,Scotland,http://data.ordnancesurvey.co.uk/id/7000000000041429,Scotland,http://data.ordnancesurvey.co.uk/id/country/scotland,,,
osgb4000000074605856,http://data.ordnancesurvey.co.uk/id/4000000074605856,Cnoc na h-Uidhe,,,,landform,Hill Or Mountain,274790,936982,1000,300000,274540,936732,275040,937232,KW11,http://data.ordnancesurvey.co.uk/id/postcodedistrict/KW11,,,,,,,Highland,http://data.ordnancesurvey.co.uk/id/7000000000186625,http://data.ordnancesurvey.co.uk/ontology/admingeo/UnitaryAuthority,Scotland,http://data.ordnancesurvey.co.uk/id/7000000000041429,Scotland,http://data.ordnancesurvey.co.uk/id/country/scotland,,,
osgb4000000074605014,http://data.ordnancesurvey.co.uk/id/4000000074605014,Creag Liath,,,,landform,Hill Or Mountain,274215,929895,1000,300000,273965,929645,274465,930145,KW11,http://data.ordnancesurvey.co.uk/id/postcodedistrict/KW11,,,,,,,Highland,http://data.ordnancesurvey.co.uk/id/7000000000186625,http://data.ordnancesurvey.co.uk/ontology/admingeo/UnitaryAuthority,Scotland,http://data.ordnancesurvey.co.uk/id/7000000000041429,Scotland,http://data.ordnancesurvey.co.uk/id/country/scotland,,,
osgb4000000074814356,http://data.ordnancesurvey.co.uk/id/4000000074814356,Lochan Dubh,,,,hydrography,Inland Water,267645,936310,1000,500000,267396,936060,267896,936560,IV27,http://data.ordnancesurvey.co.uk/id/postcodedistrict/IV27,,,,,,,Highland,http://data.ordnancesurvey.co.uk/id/7000000000186625,http://data.ordnancesurvey.co.uk/ontology/admingeo/UnitaryAuthority,Scotland,http://data.ordnancesurvey.co.uk/id/7000000000041429,Scotland,http://data.ordnancesurvey.co.uk/id/country/scotland,,,
osgb4000000074797487,http://data.ordnancesurvey.co.uk/id/4000000074797487,Glas-loch Beag,,,,hydrography,Inland Water,266020,920123,2000,500000,265751,919874,266251,920374,KW11,http://data.ordnancesurvey.co.uk/id/postcodedistrict/KW11,,,,,,,Highland,http://data.ordnancesurvey.co.uk/id/7000000000186625,http://data.ordnancesurvey.co.uk/ontology/admingeo/UnitaryAuthority,Scotland,http://data.ordnancesurvey.co.uk/id/7000000000041429,Scotland,http://data.ordnancesurvey.co.uk/id/country/scotland,,,
osgb4000000074588981,http://data.ordnancesurvey.co.uk/id/4000000074588981,Eilean nam Meann,,,,landform,Island,274167,935172,1000,800000,273917,934921,274417,935421,KW11,http://data.ordnancesurvey.co.uk/id/postcodedistrict/KW11,,,,,,,Highland,http://data.ordnancesurvey.co.uk/id/7000000000186625,http://data.ordnancesurvey.co.uk/ontology/admingeo/UnitaryAuthority,Scotland,http://data.ordnancesurvey.co.uk/id/7000000000041429,Scotland,http://data.ordnancesurvey.co.uk/id/country/scotland,,,
osgb4000000074732515,http://data.ordnancesurvey.co.uk/id/4000000074732515,Bad an Leathaid,,,,landcover,Woodland Or Forest,270584,936182,5000,400000,270219,935802,270948,936621,IV27,http://data.ordnancesurvey.co.uk/id/postcodedistrict/IV27,,,,,,,Highland,http://data.ordnancesurvey.co.uk/id/7000000000186625,http://data.ordnancesurvey.co.uk/ontology/admingeo/UnitaryAuthority,Scotland,http://data.ordnancesurvey.co.uk/id/7000000000041429,Scotland,http://data.ordnancesurvey.co.uk/id/country/scotland,,,
osgb4000000074607112,http://data.ordnancesurvey.co.uk/id/4000000074607112,Cnoc Garbh Beag,,,,landform,Hill Or Mountain,273293,921234,1000,300000,273043,920984,273543,921484,IV28,http://data.ordnancesurvey.co.uk/id/postcodedistrict/IV28,,,,,,,Highland,http://data.ordnancesurvey.co.uk/id/7000000000186625,http://data.ordnancesurvey.co.uk/ontology/admingeo/UnitaryAuthority,Scotland,http://data.ordnancesurvey.co.uk/id/7000000000041429,Scotland,http://data.ordnancesurvey.co.uk/id/country/scotland,,,
osgb4000000074607542,http://data.ordnancesurvey.co.uk/id/4000000074607542,Meall an Fhuarain,,,,landform,Hill Or Mountain,261105,923693,1000,300000,260855,923443,261355,923943,KW11,http://data.ordnancesurvey.co.uk/id/postcodedistrict/KW11,,,,,,,Highland,http://data.ordnancesurvey.co.uk/id/7000000000186625,http://data.ordnancesurvey.co.uk/ontology/admingeo/UnitaryAuthority,Scotland,http://data.ordnancesurvey.co.uk/id/7000000000041429,Scotland,http://data.ordnancesurvey.co.uk/id/country/scotland,,,
osgb4000000074591725,http://data.ordnancesurvey.co.uk/id/4000000074591725,Creag an t-Socaich,,,,landform,Hill Or Mountain,277018,930688,1000,300000,276768,930438,277268,930938,KW11,http://data.ordnancesurvey.co.uk/id/postcodedistrict/KW11,,,,,,,Highland,http://data.ordnancesurvey.co.uk/id/7000000000186625,http://data.ordnancesurvey.co.uk/ontology/admingeo/UnitaryAuthority,Scotland,http://data.ordnancesurvey.co.uk/id/7000000000041429,Scotland,http://data.ordnancesurvey.co.uk/id/country/scotland,,,
osgb4000000074720984,http://data.ordnancesurvey.co.uk/id/4000000074720984,Coire Dorch,,,,landform,Cirque Or Hollow,267165,920866,4000,30000,266887,920616,267438,921116,KW11,http://data.ordnancesurvey.co.uk/id/postcodedistrict/KW11,,,,,,,Highland,http://data.ordnancesurvey.co.uk/id/7000000000186625,http://data.ordnancesurvey.co.uk/ontology/admingeo/UnitaryAuthority,Scotland,http://data.ordnancesurvey.co.uk/id/7000000000041429,Scotland,http://data.ordnancesurvey.co.uk/id/country/scotland,,,
osgb4000000074797152,http://data.ordnancesurvey.co.uk/id/4000000074797152,Loch Truderscaig,,,,hydrography,Inland Water,271187,932702,8000,500000,270622,932153,271752,933405,KW11,http://data.ordnancesurvey.co.uk/id/postcodedistrict/KW11,,,,,,,Highland,http://data.ordnancesurvey.co.uk/id/7000000000186625,http://data.ordnancesurvey.co.uk/ontology/admingeo/UnitaryAuthority,Scotland,http://data.ordnancesurvey.co.uk/id/7000000000041429,Scotland,http://data.ordnancesurvey.co.uk/id/country/scotland,,,
osgb4000000074605015,http://data.ordnancesurvey.co.uk/id/4000000074605015,Creag Dhubh,,,,landform,Hill Or Mountain,272662,929543,1000,300000,272412,929293,272912,929793,KW11,http://data.ordnancesurvey.co.uk/id/postcodedistrict/KW11,,,,,,,Highland,http://data.ordnancesurvey.co.uk/id/7000000000186625,http://data.ordnancesurvey.co.uk/ontology/admingeo/UnitaryAuthority,Scotland,http://data.ordnancesurvey.co.uk/id/7000000000041429,Scotland,http://data.ordnancesurvey.co.uk/id/country/scotland,,,
osgb4000000074803586,http://data.ordnancesurvey.co.uk/id/4000000074803586,Loch Badanloch,,,,hydrography,Inland Water,277356,934004,18000,500000,276179,932850,278919,935158,KW11,http://data.ordnancesurvey.co.uk/id/postcodedistrict/KW11,,,,,,,Highland,http://data.ordnancesurvey.co.uk/id/7000000000186625,http://data.ordnancesurvey.co.uk/ontology/admingeo/UnitaryAuthority,Scotland,http://data.ordnancesurvey.co.uk/id/7000000000041429,Scotland,http://data.ordnancesurvey.co.uk/id/country/scotland,,,
osgb4000000074598767,http://data.ordnancesurvey.co.uk/id/4000000074598767,Coire na Seilge,,,,landform,Cirque Or Hollow,260076,920519,4000,30000,259773,920192,260378,920840,IV27,http://data.ordnancesurvey.co.uk/id/postcodedistrict/IV27,,,,,,,Highland,http://data.ordnancesurvey.co.uk/id/7000000000186625,http://data.ordnancesurvey.co.uk/ontology/admingeo/UnitaryAuthority,Scotland,http://data.ordnancesurvey.co.uk/id/7000000000041429,Scotland,http://data.ordnancesurvey.co.uk/id/country/scotland,,,
osgb4000000074645582,http://data.ordnancesurvey.co.uk/id/4000000074645582,Coille Coire nam Feuran,,,,landcover,Woodland Or Forest,266161,934957,3000,400000,265916,934707,266416,935207,IV27,http://data.ordnancesurvey.co.uk/id/postcodedistrict/IV27,,,,,,,Highland,http://data.ordnancesurvey.co.uk/id/7000000000186625,http://data.ordnancesurvey.co.uk/ontology/admingeo/UnitaryAuthority,Scotland,http://data.ordnancesurvey.co.uk/id/7000000000041429,Scotland,http://data.ordnancesurvey.co.uk/id/country/scotland,,,
osgb4000000074797412,http://data.ordnancesurvey.co.uk/id/4000000074797412,Lochan a' Choire Bhuidhe,,,,hydrography,Inland Water,270322,939012,4000,40000,270072,938505,270572,939079,KW11,http://data.ordnancesurvey.co.uk/id/postcodedistrict/KW11,,,,,,,Highland,http://data.ordnancesurvey.co.uk/id/7000000000186625,http://data.ordnancesurvey.co.uk/ontology/admingeo/UnitaryAuthority,Scotland,http://data.ordnancesurvey.co.uk/id/7000000000041429,Scotland,http://data.ordnancesurvey.co.uk/id/country/scotland,,,
osgb4000000074603747,http://data.ordnancesurvey.co.uk/id/4000000074603747,Bad na h-Earba,,,,landform,Hill Or Mountain,275884,924678,1000,300000,275634,924428,276134,924928,KW11,http://data.ordnancesurvey.co.uk/id/postcodedistrict/KW11,,,,,,,Highland,http://data.ordnancesurvey.co.uk/id/7000000000186625,http://data.ordnancesurvey.co.uk/ontology/admingeo/UnitaryAuthority,Scotland,http://data.ordnancesurvey.co.uk/id/7000000000041429,Scotland,http://data.ordnancesurvey.co.uk/id/country/scotland,,,
osgb4000000074606701,http://data.ordnancesurvey.co.uk/id/4000000074606701,Meall Ailein,,,,landform,Hill Or Mountain,261312,931464,1000,300000,261062,931214,261562,931714,IV27,http://data.ordnancesurvey.co.uk/id/postcodedistrict/IV27,,,,,,,Highland,http://data.ordnancesurvey.co.uk/id/7000000000186625,http://data.ordnancesurvey.co.uk/ontology/admingeo/UnitaryAuthority,Scotland,http://data.ordnancesurvey.co.uk/id/7000000000041429,Scotland,http://data.ordnancesurvey.co.uk/id/country/scotland,,,
osgb4000000074721103,http://data.ordnancesurvey.co.uk/id/4000000074721103,Coire na Saidhe Duibhe,,,,landform,Cirque Or Hollow,269505,928366,5000,30000,269083,928069,269927,928664,KW11,http://data.ordnancesurvey.co.uk/id/postcodedistrict/KW11,,,,,,,Highland,http://data.ordnancesurvey.co.uk/id/7000000000186625,http://data.ordnancesurvey.co.uk/ontology/admingeo/UnitaryAuthority,Scotland,http://data.ordnancesurvey.co.uk/id/7000000000041429,Scotland,http://data.ordnancesurvey.co.uk/id/country/scotland,,,
osgb4000000074603759,http://data.ordnancesurvey.co.uk/id/4000000074603759,Cnoc Uidh a' Chlarain,,,,landform,Hill Or Mountain,275801,934267,1000,300000,275551,934017,276051,934517,KW11,http://data.ordnancesurvey.co.uk/id/postcodedistrict/KW11,,,,,,,Highland,http://data.ordnancesurvey.co.uk/id/7000000000186625,http://data.ordnancesurvey.co.uk/ontology/admingeo/UnitaryAuthority,Scotland,http://data.ordnancesurvey.co.uk/id/7000000000041429,Scotland,http://data.ordnancesurvey.co.uk/id/country/scotland,,,
osgb4000000074605858,http://data.ordnancesurvey.co.uk/id/4000000074605858,Cnoc Bad an Leathaid,,,,landform,Hill Or Mountain,270190,935457,1000,300000,269940,935207,270440,935707,KW11,http://data.ordnancesurvey.co.uk/id/postcodedistrict/KW11,,,,,,,Highland,http://data.ordnancesurvey.co.uk/id/7000000000186625,http://data.ordnancesurvey.co.uk/ontology/admingeo/UnitaryAuthority,Scotland,http://data.ordnancesurvey.co.uk/id/7000000000041429,Scotland,http://data.ordnancesurvey.co.uk/id/country/scotland,,,
osgb4000000074797452,http://data.ordnancesurvey.co.uk/id/4000000074797452,Gorm-Loch Mòr,,,,hydrography,Inland Water,271318,923307,6000,500000,270925,922825,271716,923789,KW11,http://data.ordnancesurvey.co.uk/id/postcodedistrict/KW11,,,,,,,Highland,http://data.ordnancesurvey.co.uk/id/7000000000186625,http://data.ordnancesurvey.co.uk/ontology/admingeo/UnitaryAuthority,Scotland,http://data.ordnancesurvey.co.uk/id/7000000000041429,Scotland,http://data.ordnancesurvey.co.uk/id/country/scotland,,,
osgb4000000074797194,http://data.ordnancesurvey.co.uk/id/4000000074797194,Loch Tarbhaidh,,,,hydrography,Inland Water,263779,935965,3000,500000,263530,935705,264030,936205,IV27,http://data.ordnancesurvey.co.uk/id/postcodedistrict/IV27,,,,,,,Highland,http://data.ordnancesurvey.co.uk/id/7000000000186625,http://data.ordnancesurvey.co.uk/ontology/admingeo/UnitaryAuthority,Scotland,http://data.ordnancesurvey.co.uk/id/7000000000041429,Scotland,http://data.ordnancesurvey.co.uk/id/country/scotland,,,
osgb4000000074777813,http://data.ordnancesurvey.co.uk/id/4000000074777813,Cnoc a' Chrom-uillt,,,,landform,Hill Or Mountain,273690,928730,1000,300000,273440,928480,273940,928980,KW11,http://data.ordnancesurvey.co.uk/id/postcodedistrict/KW11,,,,,,,Highland,http://data.ordnancesurvey.co.uk/id/7000000000186625,http://data.ordnancesurvey.co.uk/ontology/admingeo/UnitaryAuthority,Scotland,http://data.ordnancesurvey.co.uk/id/7000000000041429,Scotland,http://data.ordnancesurvey.co.uk/id/country/scotland,,,
osgb4000000074721105,http://data.ordnancesurvey.co.uk/id/4000000074721105,Coire Meall Chaluim,,,,landform,Valley,265159,928180,6000,800000,264630,927931,265622,928431,KW11,http://data.ordnancesurvey.co.uk/id/postcodedistrict/KW11,,,,,,,Highland,http://data.ordnancesurvey.co.uk/id/7000000000186625,http://data.ordnancesurvey.co.uk/ontology/admingeo/UnitaryAuthority,Scotland,http://data.ordnancesurvey.co.uk/id/7000000000041429,Scotland,http://data.ordnancesurvey.co.uk/id/country/scotland,,,
osgb4000000074797368,http://data.ordnancesurvey.co.uk/id/4000000074797368,Green Loch,,,,hydrography,Inland Water,271988,939280,2000,500000,271745,939031,272245,939531,KW11,http://data.ordnancesurvey.co.uk/id/postcodedistrict/KW11,,,,,,,Highland,http://data.ordnancesurvey.co.uk/id/7000000000186625,http://data.ordnancesurvey.co.uk/ontology/admingeo/UnitaryAuthority,Scotland,http://data.ordnancesurvey.co.uk/id/7000000000041429,Scotland,http://data.ordnancesurvey.co.uk/id/country/scotland,,,
osgb4000000074797190,http://data.ordnancesurvey.co.uk/id/4000000074797190,Loch na Gaineimh,,,,hydrography,Inland Water,276642,930425,6000,500000,276246,930175,277211,930675,KW11,http://data.ordnancesurvey.co.uk/id/postcodedistrict/KW11,,,,,,,Highland,http://data.ordnancesurvey.co.uk/id/7000000000186625,http://data.ordnancesurvey.co.uk/ontology/admingeo/UnitaryAuthority,Scotland,http://data.ordnancesurvey.co.uk/id/7000000000041429,Scotland,http://data.ordnancesurvey.co.uk/id/country/scotland,,,
osgb4000000074778209,http://data.ordnancesurvey.co.uk/id/4000000074778209,Cnoc na Gamhna,,,,landform,Hill Or Mountain,269220,936840,1000,300000,268970,936590,269470,937090,IV27,http://data.ordnancesurvey.co.uk/id/postcodedistrict/IV27,,,,,,,Highland,http://data.ordnancesurvey.co.uk/id/7000000000186625,http://data.ordnancesurvey.co.uk/ontology/admingeo/UnitaryAuthority,Scotland,http://data.ordnancesurvey.co.uk/id/7000000000041429,Scotland,http://data.ordnancesurvey.co.uk/id/country/scotland,,,
osgb4000000074720981,http://data.ordnancesurvey.co.uk/id/4000000074720981,Coire a' Mhile,,,,landform,Valley,269302,922479,3000,800000,269055,922230,269555,922730,KW11,http://data.ordnancesurvey.co.uk/id/postcodedistrict/KW11,,,,,,,Highland,http://data.ordnancesurvey.co.uk/id/7000000000186625,http://data.ordnancesurvey.co.uk/ontology/admingeo/UnitaryAuthority,Scotland,http://data.ordnancesurvey.co.uk/id/7000000000041429,Scotland,http://data.ordnancesurvey.co.uk/id/country/scotland,,,
