﻿osgb4000000074335377,http://data.ordnancesurvey.co.uk/id/4000000074335377,Lochside,,,,populatedPlace,Other Settlement,287291,935657,15000,25000,287146,935464,287646,936067,KW11,http://data.ordnancesurvey.co.uk/id/postcodedistrict/KW11,,,,,,,Highland,http://data.ordnancesurvey.co.uk/id/7000000000186625,http://data.ordnancesurvey.co.uk/ontology/admingeo/UnitaryAuthority,Scotland,http://data.ordnancesurvey.co.uk/id/7000000000041429,Scotland,http://data.ordnancesurvey.co.uk/id/country/scotland,,,
osgb4000000074336161,http://data.ordnancesurvey.co.uk/id/4000000074336161,Badanloch,,,,populatedPlace,Hamlet,280016,933179,5000,25000,279759,933078,280259,933578,KW11,http://data.ordnancesurvey.co.uk/id/postcodedistrict/KW11,,,,,,,Highland,http://data.ordnancesurvey.co.uk/id/7000000000186625,http://data.ordnancesurvey.co.uk/ontology/admingeo/UnitaryAuthority,Scotland,http://data.ordnancesurvey.co.uk/id/7000000000041429,Scotland,http://data.ordnancesurvey.co.uk/id/country/scotland,,,
osgb4000000074557440,http://data.ordnancesurvey.co.uk/id/4000000074557440,Kinbrace,,,,populatedPlace,Hamlet,286279,931810,5000,25000,286002,931432,286502,932141,KW11,http://data.ordnancesurvey.co.uk/id/postcodedistrict/KW11,,,,,,,Highland,http://data.ordnancesurvey.co.uk/id/7000000000186625,http://data.ordnancesurvey.co.uk/ontology/admingeo/UnitaryAuthority,Scotland,http://data.ordnancesurvey.co.uk/id/7000000000041429,Scotland,http://data.ordnancesurvey.co.uk/id/country/scotland,,http://dbpedia.org/resource/Kinbrace,http://sws.geonames.org/2645527
osgb4000000074557079,http://data.ordnancesurvey.co.uk/id/4000000074557079,The Glutt,,,,populatedPlace,Other Settlement,299910,936773,15000,25000,299682,936561,300182,937061,KW12,http://data.ordnancesurvey.co.uk/id/postcodedistrict/KW12,,,,,,,Highland,http://data.ordnancesurvey.co.uk/id/7000000000186625,http://data.ordnancesurvey.co.uk/ontology/admingeo/UnitaryAuthority,Scotland,http://data.ordnancesurvey.co.uk/id/7000000000041429,Scotland,http://data.ordnancesurvey.co.uk/id/country/scotland,,,
KW116UB,http://data.ordnancesurvey.co.uk/id/postcodeunit/KW116UB,KW11 6UB,,,,other,Postcode,286147,931538,3500,18000,,,,,,,Kinbrace,http://data.ordnancesurvey.co.uk/id/4000000074557440,http://www.ordnancesurvey.co.uk/xml/codelists/localtype.xml#hamlet,,,,Highland,http://data.ordnancesurvey.co.uk/id/7000000000186625,http://data.ordnancesurvey.co.uk/ontology/admingeo/UnitaryAuthority,Scotland,http://data.ordnancesurvey.co.uk/id/7000000000041429,Scotland,http://data.ordnancesurvey.co.uk/id/country/scotland,,,
osgb4000000074607967,http://data.ordnancesurvey.co.uk/id/4000000074607967,Suidh' an Fhir-bhig,gla,The Child's Seat,eng,landform,Hill Or Mountain,296372,925291,1000,300000,296122,925041,296622,925541,KW8,http://data.ordnancesurvey.co.uk/id/postcodedistrict/KW8,,,,,,,Highland,http://data.ordnancesurvey.co.uk/id/7000000000186625,http://data.ordnancesurvey.co.uk/ontology/admingeo/UnitaryAuthority,Scotland,http://data.ordnancesurvey.co.uk/id/7000000000041429,Scotland,http://data.ordnancesurvey.co.uk/id/country/scotland,,,
osgb4000000074729399,http://data.ordnancesurvey.co.uk/id/4000000074729399,Bad an t-Seo'ig,,,,landcover,Other Landcover,284660,933539,5000,1300000,284301,933289,285000,933789,KW11,http://data.ordnancesurvey.co.uk/id/postcodedistrict/KW11,,,,,,,Highland,http://data.ordnancesurvey.co.uk/id/7000000000186625,http://data.ordnancesurvey.co.uk/ontology/admingeo/UnitaryAuthority,Scotland,http://data.ordnancesurvey.co.uk/id/7000000000041429,Scotland,http://data.ordnancesurvey.co.uk/id/country/scotland,,,
osgb4000000074608799,http://data.ordnancesurvey.co.uk/id/4000000074608799,Creag Scalabsdale,,,,landform,Hill Or Mountain,297040,924031,1000,300000,296790,923781,297290,924281,KW8,http://data.ordnancesurvey.co.uk/id/postcodedistrict/KW8,,,,,,,Highland,http://data.ordnancesurvey.co.uk/id/7000000000186625,http://data.ordnancesurvey.co.uk/ontology/admingeo/UnitaryAuthority,Scotland,http://data.ordnancesurvey.co.uk/id/7000000000041429,Scotland,http://data.ordnancesurvey.co.uk/id/country/scotland,,,
osgb4000000074797230,http://data.ordnancesurvey.co.uk/id/4000000074797230,Loch Arichlinie,,,,hydrography,Inland Water,284697,934988,8000,500000,284375,934424,285020,935591,KW11,http://data.ordnancesurvey.co.uk/id/postcodedistrict/KW11,,,,,,,Highland,http://data.ordnancesurvey.co.uk/id/7000000000186625,http://data.ordnancesurvey.co.uk/ontology/admingeo/UnitaryAuthority,Scotland,http://data.ordnancesurvey.co.uk/id/7000000000041429,Scotland,http://data.ordnancesurvey.co.uk/id/country/scotland,,,
osgb4000000074602471,http://data.ordnancesurvey.co.uk/id/4000000074602471,Creag Dal-Langal,,,,landform,Hill Or Mountain,289333,921917,1000,300000,289083,921667,289583,922167,KW8,http://data.ordnancesurvey.co.uk/id/postcodedistrict/KW8,,,,,,,Highland,http://data.ordnancesurvey.co.uk/id/7000000000186625,http://data.ordnancesurvey.co.uk/ontology/admingeo/UnitaryAuthority,Scotland,http://data.ordnancesurvey.co.uk/id/7000000000041429,Scotland,http://data.ordnancesurvey.co.uk/id/country/scotland,,,
osgb4000000074608388,http://data.ordnancesurvey.co.uk/id/4000000074608388,Small Mount,,,,landform,Hill Or Mountain,299078,928674,1000,300000,298828,928424,299328,928924,KW6,http://data.ordnancesurvey.co.uk/id/postcodedistrict/KW6,,,,,,,Highland,http://data.ordnancesurvey.co.uk/id/7000000000186625,http://data.ordnancesurvey.co.uk/ontology/admingeo/UnitaryAuthority,Scotland,http://data.ordnancesurvey.co.uk/id/7000000000041429,Scotland,http://data.ordnancesurvey.co.uk/id/country/scotland,,,
osgb4000000074796956,http://data.ordnancesurvey.co.uk/id/4000000074796956,Loch Culaidh,,,,hydrography,Inland Water,286343,939055,4000,500000,286094,938769,286594,939359,KW11,http://data.ordnancesurvey.co.uk/id/postcodedistrict/KW11,,,,,,,Highland,http://data.ordnancesurvey.co.uk/id/7000000000186625,http://data.ordnancesurvey.co.uk/ontology/admingeo/UnitaryAuthority,Scotland,http://data.ordnancesurvey.co.uk/id/7000000000041429,Scotland,http://data.ordnancesurvey.co.uk/id/country/scotland,,,
osgb4000000074608797,http://data.ordnancesurvey.co.uk/id/4000000074608797,Mid Hill,eng,Cnoc Meadhonach,gla,landform,Hill Or Mountain,298222,920908,1000,300000,297972,920658,298472,921158,KW8,http://data.ordnancesurvey.co.uk/id/postcodedistrict/KW8,,,,,,,Highland,http://data.ordnancesurvey.co.uk/id/7000000000186625,http://data.ordnancesurvey.co.uk/ontology/admingeo/UnitaryAuthority,Scotland,http://data.ordnancesurvey.co.uk/id/7000000000041429,Scotland,http://data.ordnancesurvey.co.uk/id/country/scotland,,,
osgb4000000074729462,http://data.ordnancesurvey.co.uk/id/4000000074729462,Borrobol Forest,,,,landcover,Other Landcover,280534,926120,81000,1300000,274261,921485,286704,930755,KW11,http://data.ordnancesurvey.co.uk/id/postcodedistrict/KW11,,,,,,,Highland,http://data.ordnancesurvey.co.uk/id/7000000000186625,http://data.ordnancesurvey.co.uk/ontology/admingeo/UnitaryAuthority,Scotland,http://data.ordnancesurvey.co.uk/id/7000000000041429,Scotland,http://data.ordnancesurvey.co.uk/id/country/scotland,,,
osgb4000000074777917,http://data.ordnancesurvey.co.uk/id/4000000074777917,Cnoc na Tuathrach,,,,landform,Hill Or Mountain,290277,933887,1000,300000,290027,933637,290527,934137,KW11,http://data.ordnancesurvey.co.uk/id/postcodedistrict/KW11,,,,,,,Highland,http://data.ordnancesurvey.co.uk/id/7000000000186625,http://data.ordnancesurvey.co.uk/ontology/admingeo/UnitaryAuthority,Scotland,http://data.ordnancesurvey.co.uk/id/7000000000041429,Scotland,http://data.ordnancesurvey.co.uk/id/country/scotland,,,
osgb4000000074797363,http://data.ordnancesurvey.co.uk/id/4000000074797363,Loch Lucy,,,,hydrography,Inland Water,287834,939564,3000,500000,287584,939314,288084,939814,KW11,http://data.ordnancesurvey.co.uk/id/postcodedistrict/KW11,,,,,,,Highland,http://data.ordnancesurvey.co.uk/id/7000000000186625,http://data.ordnancesurvey.co.uk/ontology/admingeo/UnitaryAuthority,Scotland,http://data.ordnancesurvey.co.uk/id/7000000000041429,Scotland,http://data.ordnancesurvey.co.uk/id/country/scotland,,,
osgb4000000074608802,http://data.ordnancesurvey.co.uk/id/4000000074608802,Beinn Dubhain,,,,landform,Hill Or Mountain,293679,920717,1000,300000,293429,920467,293929,920967,KW8,http://data.ordnancesurvey.co.uk/id/postcodedistrict/KW8,,,,,,,Highland,http://data.ordnancesurvey.co.uk/id/7000000000186625,http://data.ordnancesurvey.co.uk/ontology/admingeo/UnitaryAuthority,Scotland,http://data.ordnancesurvey.co.uk/id/7000000000041429,Scotland,http://data.ordnancesurvey.co.uk/id/country/scotland,,,
osgb4000000074721465,http://data.ordnancesurvey.co.uk/id/4000000074721465,Coire Gille Ghairbh,,,,landform,Cirque Or Hollow,296637,928203,5000,30000,296249,927883,297027,928523,KW8,http://data.ordnancesurvey.co.uk/id/postcodedistrict/KW8,,,,,,,Highland,http://data.ordnancesurvey.co.uk/id/7000000000186625,http://data.ordnancesurvey.co.uk/ontology/admingeo/UnitaryAuthority,Scotland,http://data.ordnancesurvey.co.uk/id/7000000000041429,Scotland,http://data.ordnancesurvey.co.uk/id/country/scotland,,,
osgb4000000074797265,http://data.ordnancesurvey.co.uk/id/4000000074797265,Loch an Ruathair,,,,hydrography,Inland Water,286641,936724,19000,500000,285981,935444,287302,938305,KW11,http://data.ordnancesurvey.co.uk/id/postcodedistrict/KW11,,,,,,,Highland,http://data.ordnancesurvey.co.uk/id/7000000000186625,http://data.ordnancesurvey.co.uk/ontology/admingeo/UnitaryAuthority,Scotland,http://data.ordnancesurvey.co.uk/id/7000000000041429,Scotland,http://data.ordnancesurvey.co.uk/id/country/scotland,,,
osgb4000000074797150,http://data.ordnancesurvey.co.uk/id/4000000074797150,Glutt Loch,,,,hydrography,Inland Water,299219,937352,2000,500000,298970,937103,299470,937603,KW12,http://data.ordnancesurvey.co.uk/id/postcodedistrict/KW12,,,,,,,Highland,http://data.ordnancesurvey.co.uk/id/7000000000186625,http://data.ordnancesurvey.co.uk/ontology/admingeo/UnitaryAuthority,Scotland,http://data.ordnancesurvey.co.uk/id/7000000000041429,Scotland,http://data.ordnancesurvey.co.uk/id/country/scotland,,,
osgb4000000074797146,http://data.ordnancesurvey.co.uk/id/4000000074797146,Loch Scalabsdale,,,,hydrography,Inland Water,296353,924410,3000,500000,296083,924161,296583,924661,KW8,http://data.ordnancesurvey.co.uk/id/postcodedistrict/KW8,,,,,,,Highland,http://data.ordnancesurvey.co.uk/id/7000000000186625,http://data.ordnancesurvey.co.uk/ontology/admingeo/UnitaryAuthority,Scotland,http://data.ordnancesurvey.co.uk/id/7000000000041429,Scotland,http://data.ordnancesurvey.co.uk/id/country/scotland,,,
osgb4000000074608807,http://data.ordnancesurvey.co.uk/id/4000000074608807,Cnoc na Fliuch-airigh,,,,landform,Hill Or Mountain,289560,930679,1000,300000,289310,930429,289810,930929,KW11,http://data.ordnancesurvey.co.uk/id/postcodedistrict/KW11,,,,,,,Highland,http://data.ordnancesurvey.co.uk/id/7000000000186625,http://data.ordnancesurvey.co.uk/ontology/admingeo/UnitaryAuthority,Scotland,http://data.ordnancesurvey.co.uk/id/7000000000041429,Scotland,http://data.ordnancesurvey.co.uk/id/country/scotland,,,
osgb4000000074778132,http://data.ordnancesurvey.co.uk/id/4000000074778132,Learable Hill,,,,landform,Hill Or Mountain,289060,924350,1000,300000,288810,924100,289310,924600,KW8,http://data.ordnancesurvey.co.uk/id/postcodedistrict/KW8,,,,,,,Highland,http://data.ordnancesurvey.co.uk/id/7000000000186625,http://data.ordnancesurvey.co.uk/ontology/admingeo/UnitaryAuthority,Scotland,http://data.ordnancesurvey.co.uk/id/7000000000041429,Scotland,http://data.ordnancesurvey.co.uk/id/country/scotland,,,
osgb4000000074603328,http://data.ordnancesurvey.co.uk/id/4000000074603328,Creag nan Caorach,,,,landform,Hill Or Mountain,287242,931290,1000,300000,286992,931040,287492,931540,KW11,http://data.ordnancesurvey.co.uk/id/postcodedistrict/KW11,,,,,,,Highland,http://data.ordnancesurvey.co.uk/id/7000000000186625,http://data.ordnancesurvey.co.uk/ontology/admingeo/UnitaryAuthority,Scotland,http://data.ordnancesurvey.co.uk/id/7000000000041429,Scotland,http://data.ordnancesurvey.co.uk/id/country/scotland,,,
osgb4000000074608800,http://data.ordnancesurvey.co.uk/id/4000000074608800,Creag nan Geàrr,,,,landform,Hill Or Mountain,295591,924351,1000,300000,295341,924101,295841,924601,KW8,http://data.ordnancesurvey.co.uk/id/postcodedistrict/KW8,,,,,,,Highland,http://data.ordnancesurvey.co.uk/id/7000000000186625,http://data.ordnancesurvey.co.uk/ontology/admingeo/UnitaryAuthority,Scotland,http://data.ordnancesurvey.co.uk/id/7000000000041429,Scotland,http://data.ordnancesurvey.co.uk/id/country/scotland,,,
osgb4000000074602469,http://data.ordnancesurvey.co.uk/id/4000000074602469,Cnoc nam Fèinn,,,,landform,Hill Or Mountain,291548,924242,1000,300000,291298,923992,291798,924492,KW8,http://data.ordnancesurvey.co.uk/id/postcodedistrict/KW8,,,,,,,Highland,http://data.ordnancesurvey.co.uk/id/7000000000186625,http://data.ordnancesurvey.co.uk/ontology/admingeo/UnitaryAuthority,Scotland,http://data.ordnancesurvey.co.uk/id/7000000000041429,Scotland,http://data.ordnancesurvey.co.uk/id/country/scotland,,,
osgb4000000074608387,http://data.ordnancesurvey.co.uk/id/4000000074608387,Cnoc an Eireannaich,,,,landform,Hill Or Mountain,295722,927667,1000,300000,295472,927417,295972,927917,KW8,http://data.ordnancesurvey.co.uk/id/postcodedistrict/KW8,,,,,,,Highland,http://data.ordnancesurvey.co.uk/id/7000000000186625,http://data.ordnancesurvey.co.uk/ontology/admingeo/UnitaryAuthority,Scotland,http://data.ordnancesurvey.co.uk/id/7000000000041429,Scotland,http://data.ordnancesurvey.co.uk/id/country/scotland,,,
osgb4000000074729461,http://data.ordnancesurvey.co.uk/id/4000000074729461,Achentoul Forest,,,,landcover,Other Landcover,287067,936845,106000,1300000,281179,928447,292956,944803,KW11,http://data.ordnancesurvey.co.uk/id/postcodedistrict/KW11,,,,,,,Highland,http://data.ordnancesurvey.co.uk/id/7000000000186625,http://data.ordnancesurvey.co.uk/ontology/admingeo/UnitaryAuthority,Scotland,http://data.ordnancesurvey.co.uk/id/7000000000041429,Scotland,http://data.ordnancesurvey.co.uk/id/country/scotland,,,
osgb4000000074778026,http://data.ordnancesurvey.co.uk/id/4000000074778026,Mid Hill,,,,landform,Hill Or Mountain,283980,924751,1000,300000,283730,924501,284230,925001,KW11,http://data.ordnancesurvey.co.uk/id/postcodedistrict/KW11,,,,,,,Highland,http://data.ordnancesurvey.co.uk/id/7000000000186625,http://data.ordnancesurvey.co.uk/ontology/admingeo/UnitaryAuthority,Scotland,http://data.ordnancesurvey.co.uk/id/7000000000041429,Scotland,http://data.ordnancesurvey.co.uk/id/country/scotland,,,
osgb4000000074608392,http://data.ordnancesurvey.co.uk/id/4000000074608392,Cnoc na Bèiste,,,,landform,Hill Or Mountain,291214,928477,1000,300000,290964,928227,291464,928727,KW11,http://data.ordnancesurvey.co.uk/id/postcodedistrict/KW11,,,,,,,Highland,http://data.ordnancesurvey.co.uk/id/7000000000186625,http://data.ordnancesurvey.co.uk/ontology/admingeo/UnitaryAuthority,Scotland,http://data.ordnancesurvey.co.uk/id/7000000000041429,Scotland,http://data.ordnancesurvey.co.uk/id/country/scotland,,,
osgb4000000074602477,http://data.ordnancesurvey.co.uk/id/4000000074602477,Cnoc Dubh,,,,landform,Hill Or Mountain,285208,926025,1000,300000,284958,925775,285458,926275,KW11,http://data.ordnancesurvey.co.uk/id/postcodedistrict/KW11,,,,,,,Highland,http://data.ordnancesurvey.co.uk/id/7000000000186625,http://data.ordnancesurvey.co.uk/ontology/admingeo/UnitaryAuthority,Scotland,http://data.ordnancesurvey.co.uk/id/7000000000041429,Scotland,http://data.ordnancesurvey.co.uk/id/country/scotland,,,
osgb4000000074599916,http://data.ordnancesurvey.co.uk/id/4000000074599916,Torrbrach,,,,landform,Hill Or Mountain,295772,926912,1000,300000,295522,926662,296022,927162,KW8,http://data.ordnancesurvey.co.uk/id/postcodedistrict/KW8,,,,,,,Highland,http://data.ordnancesurvey.co.uk/id/7000000000186625,http://data.ordnancesurvey.co.uk/ontology/admingeo/UnitaryAuthority,Scotland,http://data.ordnancesurvey.co.uk/id/7000000000041429,Scotland,http://data.ordnancesurvey.co.uk/id/country/scotland,,,
osgb4000000074797313,http://data.ordnancesurvey.co.uk/id/4000000074797313,Lochan Airigh Leathaid,,,,hydrography,Inland Water,299072,939019,4000,500000,298823,938700,299323,939349,KW12,http://data.ordnancesurvey.co.uk/id/postcodedistrict/KW12,,,,,,,Highland,http://data.ordnancesurvey.co.uk/id/7000000000186625,http://data.ordnancesurvey.co.uk/ontology/admingeo/UnitaryAuthority,Scotland,http://data.ordnancesurvey.co.uk/id/7000000000041429,Scotland,http://data.ordnancesurvey.co.uk/id/country/scotland,,,
osgb4000000074720450,http://data.ordnancesurvey.co.uk/id/4000000074720450,Gleann nam Bean,,,,landform,Valley,295332,939886,10000,800000,294750,938909,295914,940378,KW12,http://data.ordnancesurvey.co.uk/id/postcodedistrict/KW12,,,,,,,Highland,http://data.ordnancesurvey.co.uk/id/7000000000186625,http://data.ordnancesurvey.co.uk/ontology/admingeo/UnitaryAuthority,Scotland,http://data.ordnancesurvey.co.uk/id/7000000000041429,Scotland,http://data.ordnancesurvey.co.uk/id/country/scotland,,,
osgb4000000074721466,http://data.ordnancesurvey.co.uk/id/4000000074721466,Coire Caol,,,,landform,Valley,294943,928046,4000,800000,294593,927796,295260,928296,KW8,http://data.ordnancesurvey.co.uk/id/postcodedistrict/KW8,,,,,,,Highland,http://data.ordnancesurvey.co.uk/id/7000000000186625,http://data.ordnancesurvey.co.uk/ontology/admingeo/UnitaryAuthority,Scotland,http://data.ordnancesurvey.co.uk/id/7000000000041429,Scotland,http://data.ordnancesurvey.co.uk/id/country/scotland,,,
osgb4000000074793946,http://data.ordnancesurvey.co.uk/id/4000000074793946,Eas Gluta,,,,hydrography,Waterfall,298688,934115,1000,15000,298438,933866,298938,934366,KW6,http://data.ordnancesurvey.co.uk/id/postcodedistrict/KW6,,,,,,,Highland,http://data.ordnancesurvey.co.uk/id/7000000000186625,http://data.ordnancesurvey.co.uk/ontology/admingeo/UnitaryAuthority,Scotland,http://data.ordnancesurvey.co.uk/id/7000000000041429,Scotland,http://data.ordnancesurvey.co.uk/id/country/scotland,,,
osgb4000000074603330,http://data.ordnancesurvey.co.uk/id/4000000074603330,Cnoc Ach' na h-Uai',,,,landform,Hill Or Mountain,281964,933488,1000,300000,281714,933238,282214,933738,KW11,http://data.ordnancesurvey.co.uk/id/postcodedistrict/KW11,,,,,,,Highland,http://data.ordnancesurvey.co.uk/id/7000000000186625,http://data.ordnancesurvey.co.uk/ontology/admingeo/UnitaryAuthority,Scotland,http://data.ordnancesurvey.co.uk/id/7000000000041429,Scotland,http://data.ordnancesurvey.co.uk/id/country/scotland,,,
osgb4000000074604177,http://data.ordnancesurvey.co.uk/id/4000000074604177,Creag Sail a' Bhàthaich,,,,landform,Hill Or Mountain,285103,937609,1000,300000,284853,937359,285353,937859,KW11,http://data.ordnancesurvey.co.uk/id/postcodedistrict/KW11,,,,,,,Highland,http://data.ordnancesurvey.co.uk/id/7000000000186625,http://data.ordnancesurvey.co.uk/ontology/admingeo/UnitaryAuthority,Scotland,http://data.ordnancesurvey.co.uk/id/7000000000041429,Scotland,http://data.ordnancesurvey.co.uk/id/country/scotland,,,
osgb4000000074733163,http://data.ordnancesurvey.co.uk/id/4000000074733163,Bad Shionnach,,,,landcover,Other Landcover,298869,929783,13000,1300000,298260,928807,300000,930759,KW6,http://data.ordnancesurvey.co.uk/id/postcodedistrict/KW6,,,,,,,Highland,http://data.ordnancesurvey.co.uk/id/7000000000186625,http://data.ordnancesurvey.co.uk/ontology/admingeo/UnitaryAuthority,Scotland,http://data.ordnancesurvey.co.uk/id/7000000000041429,Scotland,http://data.ordnancesurvey.co.uk/id/country/scotland,,,
osgb4000000074608801,http://data.ordnancesurvey.co.uk/id/4000000074608801,Cnoc Salislade,,,,landform,Hill Or Mountain,294407,923931,1000,300000,294157,923681,294657,924181,KW8,http://data.ordnancesurvey.co.uk/id/postcodedistrict/KW8,,,,,,,Highland,http://data.ordnancesurvey.co.uk/id/7000000000186625,http://data.ordnancesurvey.co.uk/ontology/admingeo/UnitaryAuthority,Scotland,http://data.ordnancesurvey.co.uk/id/7000000000041429,Scotland,http://data.ordnancesurvey.co.uk/id/country/scotland,,,
osgb4000000074603326,http://data.ordnancesurvey.co.uk/id/4000000074603326,Grey Hill,,,,landform,Hill Or Mountain,280365,922270,1000,300000,280115,922020,280615,922520,KW11,http://data.ordnancesurvey.co.uk/id/postcodedistrict/KW11,,,,,,,Highland,http://data.ordnancesurvey.co.uk/id/7000000000186625,http://data.ordnancesurvey.co.uk/ontology/admingeo/UnitaryAuthority,Scotland,http://data.ordnancesurvey.co.uk/id/7000000000041429,Scotland,http://data.ordnancesurvey.co.uk/id/country/scotland,,,
osgb4000000074797191,http://data.ordnancesurvey.co.uk/id/4000000074797191,Loch Achnamoine,,,,hydrography,Inland Water,281369,931924,2000,500000,281102,931675,281602,932175,KW11,http://data.ordnancesurvey.co.uk/id/postcodedistrict/KW11,,,,,,,Highland,http://data.ordnancesurvey.co.uk/id/7000000000186625,http://data.ordnancesurvey.co.uk/ontology/admingeo/UnitaryAuthority,Scotland,http://data.ordnancesurvey.co.uk/id/7000000000041429,Scotland,http://data.ordnancesurvey.co.uk/id/country/scotland,,,
osgb4000000074720317,http://data.ordnancesurvey.co.uk/id/4000000074720317,Strath Beg,,,,landform,Valley,285782,931459,10000,800000,284819,930733,286300,932186,KW11,http://data.ordnancesurvey.co.uk/id/postcodedistrict/KW11,,,,,,,Highland,http://data.ordnancesurvey.co.uk/id/7000000000186625,http://data.ordnancesurvey.co.uk/ontology/admingeo/UnitaryAuthority,Scotland,http://data.ordnancesurvey.co.uk/id/7000000000041429,Scotland,http://data.ordnancesurvey.co.uk/id/country/scotland,,,
osgb4000000074603329,http://data.ordnancesurvey.co.uk/id/4000000074603329,Corrish Hill,,,,landform,Hill Or Mountain,283223,934059,1000,300000,282973,933809,283473,934309,KW11,http://data.ordnancesurvey.co.uk/id/postcodedistrict/KW11,,,,,,,Highland,http://data.ordnancesurvey.co.uk/id/7000000000186625,http://data.ordnancesurvey.co.uk/ontology/admingeo/UnitaryAuthority,Scotland,http://data.ordnancesurvey.co.uk/id/7000000000041429,Scotland,http://data.ordnancesurvey.co.uk/id/country/scotland,,,
osgb4000000074797113,http://data.ordnancesurvey.co.uk/id/4000000074797113,Loch na Stàirne,,,,hydrography,Inland Water,296155,930212,2000,500000,295828,929962,296328,930462,KW11,http://data.ordnancesurvey.co.uk/id/postcodedistrict/KW11,,,,,,,Highland,http://data.ordnancesurvey.co.uk/id/7000000000186625,http://data.ordnancesurvey.co.uk/ontology/admingeo/UnitaryAuthority,Scotland,http://data.ordnancesurvey.co.uk/id/7000000000041429,Scotland,http://data.ordnancesurvey.co.uk/id/country/scotland,,,
osgb4000000074602479,http://data.ordnancesurvey.co.uk/id/4000000074602479,Cnoc Dail-chairn,,,,landform,Hill Or Mountain,285578,928300,1000,300000,285328,928050,285828,928550,KW11,http://data.ordnancesurvey.co.uk/id/postcodedistrict/KW11,,,,,,,Highland,http://data.ordnancesurvey.co.uk/id/7000000000186625,http://data.ordnancesurvey.co.uk/ontology/admingeo/UnitaryAuthority,Scotland,http://data.ordnancesurvey.co.uk/id/7000000000041429,Scotland,http://data.ordnancesurvey.co.uk/id/country/scotland,,,
osgb4000000074608389,http://data.ordnancesurvey.co.uk/id/4000000074608389,Torr nan Gabhar,,,,landform,Hill Or Mountain,293203,926828,1000,300000,292953,926578,293453,927078,KW8,http://data.ordnancesurvey.co.uk/id/postcodedistrict/KW8,,,,,,,Highland,http://data.ordnancesurvey.co.uk/id/7000000000186625,http://data.ordnancesurvey.co.uk/ontology/admingeo/UnitaryAuthority,Scotland,http://data.ordnancesurvey.co.uk/id/7000000000041429,Scotland,http://data.ordnancesurvey.co.uk/id/country/scotland,,,
osgb4000000074608798,http://data.ordnancesurvey.co.uk/id/4000000074608798,Garvery Hill,,,,landform,Hill Or Mountain,299754,924701,1000,300000,299504,924451,300004,924951,KW8,http://data.ordnancesurvey.co.uk/id/postcodedistrict/KW8,,,,,,,Highland,http://data.ordnancesurvey.co.uk/id/7000000000186625,http://data.ordnancesurvey.co.uk/ontology/admingeo/UnitaryAuthority,Scotland,http://data.ordnancesurvey.co.uk/id/7000000000041429,Scotland,http://data.ordnancesurvey.co.uk/id/country/scotland,,,
osgb4000000074797148,http://data.ordnancesurvey.co.uk/id/4000000074797148,Loch Mhadaidh,,,,hydrography,Inland Water,299752,933045,1000,500000,299502,932798,300002,933298,KW6,http://data.ordnancesurvey.co.uk/id/postcodedistrict/KW6,,,,,,,Highland,http://data.ordnancesurvey.co.uk/id/7000000000186625,http://data.ordnancesurvey.co.uk/ontology/admingeo/UnitaryAuthority,Scotland,http://data.ordnancesurvey.co.uk/id/7000000000041429,Scotland,http://data.ordnancesurvey.co.uk/id/country/scotland,,,
osgb4000000074608803,http://data.ordnancesurvey.co.uk/id/4000000074608803,Tom na h-Iolaire,,,,landform,Hill Or Mountain,292421,921394,1000,300000,292171,921144,292671,921644,KW8,http://data.ordnancesurvey.co.uk/id/postcodedistrict/KW8,,,,,,,Highland,http://data.ordnancesurvey.co.uk/id/7000000000186625,http://data.ordnancesurvey.co.uk/ontology/admingeo/UnitaryAuthority,Scotland,http://data.ordnancesurvey.co.uk/id/7000000000041429,Scotland,http://data.ordnancesurvey.co.uk/id/country/scotland,,,
osgb4000000074797151,http://data.ordnancesurvey.co.uk/id/4000000074797151,Lochan Dubh,,,,hydrography,Inland Water,288119,937107,2000,500000,287869,936857,288369,937357,KW11,http://data.ordnancesurvey.co.uk/id/postcodedistrict/KW11,,,,,,,Highland,http://data.ordnancesurvey.co.uk/id/7000000000186625,http://data.ordnancesurvey.co.uk/ontology/admingeo/UnitaryAuthority,Scotland,http://data.ordnancesurvey.co.uk/id/7000000000041429,Scotland,http://data.ordnancesurvey.co.uk/id/country/scotland,,,
osgb4000000074608806,http://data.ordnancesurvey.co.uk/id/4000000074608806,Kinbrace Hill,,,,landform,Hill Or Mountain,288221,928998,1000,300000,287971,928748,288471,929248,KW11,http://data.ordnancesurvey.co.uk/id/postcodedistrict/KW11,,,,,,,Highland,http://data.ordnancesurvey.co.uk/id/7000000000186625,http://data.ordnancesurvey.co.uk/ontology/admingeo/UnitaryAuthority,Scotland,http://data.ordnancesurvey.co.uk/id/7000000000041429,Scotland,http://data.ordnancesurvey.co.uk/id/country/scotland,,,
osgb4000000074603322,http://data.ordnancesurvey.co.uk/id/4000000074603322,Creag nam Fìadh,,,,landform,Hill Or Mountain,284108,923715,1000,300000,283858,923465,284358,923965,KW11,http://data.ordnancesurvey.co.uk/id/postcodedistrict/KW11,,,,,,,Highland,http://data.ordnancesurvey.co.uk/id/7000000000186625,http://data.ordnancesurvey.co.uk/ontology/admingeo/UnitaryAuthority,Scotland,http://data.ordnancesurvey.co.uk/id/7000000000041429,Scotland,http://data.ordnancesurvey.co.uk/id/country/scotland,,,
osgb4000000074602470,http://data.ordnancesurvey.co.uk/id/4000000074602470,Cnoc a' Mheadhoin,,,,landform,Hill Or Mountain,292144,924739,1000,300000,291894,924489,292394,924989,KW8,http://data.ordnancesurvey.co.uk/id/postcodedistrict/KW8,,,,,,,Highland,http://data.ordnancesurvey.co.uk/id/7000000000186625,http://data.ordnancesurvey.co.uk/ontology/admingeo/UnitaryAuthority,Scotland,http://data.ordnancesurvey.co.uk/id/7000000000041429,Scotland,http://data.ordnancesurvey.co.uk/id/country/scotland,,,
osgb4000000074599714,http://data.ordnancesurvey.co.uk/id/4000000074599714,Ben Grìam Mòr,,,,landform,Hill Or Mountain,280639,938941,1000,300000,280389,938691,280889,939191,KW11,http://data.ordnancesurvey.co.uk/id/postcodedistrict/KW11,,,,,,,Highland,http://data.ordnancesurvey.co.uk/id/7000000000186625,http://data.ordnancesurvey.co.uk/ontology/admingeo/UnitaryAuthority,Scotland,http://data.ordnancesurvey.co.uk/id/7000000000041429,Scotland,http://data.ordnancesurvey.co.uk/id/country/scotland,,,
osgb4000000074645220,http://data.ordnancesurvey.co.uk/id/4000000074645220,Dalcharn Wood,,,,landcover,Woodland Or Forest,286413,927397,5000,400000,286067,926879,286758,927679,KW11,http://data.ordnancesurvey.co.uk/id/postcodedistrict/KW11,,,,,,,Highland,http://data.ordnancesurvey.co.uk/id/7000000000186625,http://data.ordnancesurvey.co.uk/ontology/admingeo/UnitaryAuthority,Scotland,http://data.ordnancesurvey.co.uk/id/7000000000041429,Scotland,http://data.ordnancesurvey.co.uk/id/country/scotland,,,
osgb4000000074602481,http://data.ordnancesurvey.co.uk/id/4000000074602481,Tomich,,,,landform,Hill Or Mountain,280705,926704,1000,300000,280455,926454,280955,926954,KW11,http://data.ordnancesurvey.co.uk/id/postcodedistrict/KW11,,,,,,,Highland,http://data.ordnancesurvey.co.uk/id/7000000000186625,http://data.ordnancesurvey.co.uk/ontology/admingeo/UnitaryAuthority,Scotland,http://data.ordnancesurvey.co.uk/id/7000000000041429,Scotland,http://data.ordnancesurvey.co.uk/id/country/scotland,,,
osgb4000000074608804,http://data.ordnancesurvey.co.uk/id/4000000074608804,Cnoc Coire na Feàrna,,,,landform,Hill Or Mountain,293438,929842,1000,300000,293188,929592,293688,930092,KW11,http://data.ordnancesurvey.co.uk/id/postcodedistrict/KW11,,,,,,,Highland,http://data.ordnancesurvey.co.uk/id/7000000000186625,http://data.ordnancesurvey.co.uk/ontology/admingeo/UnitaryAuthority,Scotland,http://data.ordnancesurvey.co.uk/id/7000000000041429,Scotland,http://data.ordnancesurvey.co.uk/id/country/scotland,,,
osgb4000000074778088,http://data.ordnancesurvey.co.uk/id/4000000074778088,Cnoc nam Fàl,,,,landform,Hill Or Mountain,292600,925520,1000,300000,292350,925270,292850,925770,KW8,http://data.ordnancesurvey.co.uk/id/postcodedistrict/KW8,,,,,,,Highland,http://data.ordnancesurvey.co.uk/id/7000000000186625,http://data.ordnancesurvey.co.uk/ontology/admingeo/UnitaryAuthority,Scotland,http://data.ordnancesurvey.co.uk/id/7000000000041429,Scotland,http://data.ordnancesurvey.co.uk/id/country/scotland,,,
osgb4000000074732357,http://data.ordnancesurvey.co.uk/id/4000000074732357,Bad an Fheòir,,,,landcover,Other Landcover,287629,921382,21000,1300000,286052,919802,289301,922961,KW8,http://data.ordnancesurvey.co.uk/id/postcodedistrict/KW8,,,,,,,Highland,http://data.ordnancesurvey.co.uk/id/7000000000186625,http://data.ordnancesurvey.co.uk/ontology/admingeo/UnitaryAuthority,Scotland,http://data.ordnancesurvey.co.uk/id/7000000000041429,Scotland,http://data.ordnancesurvey.co.uk/id/country/scotland,,,
osgb4000000074608390,http://data.ordnancesurvey.co.uk/id/4000000074608390,Cnoc Bad na h-Eirig,,,,landform,Hill Or Mountain,288849,926428,1000,300000,288599,926178,289099,926678,KW11,http://data.ordnancesurvey.co.uk/id/postcodedistrict/KW11,,,,,,,Highland,http://data.ordnancesurvey.co.uk/id/7000000000186625,http://data.ordnancesurvey.co.uk/ontology/admingeo/UnitaryAuthority,Scotland,http://data.ordnancesurvey.co.uk/id/7000000000041429,Scotland,http://data.ordnancesurvey.co.uk/id/country/scotland,,,
osgb4000000074608809,http://data.ordnancesurvey.co.uk/id/4000000074608809,Cnoc Gaineimh,,,,landform,Hill Or Mountain,292815,933590,1000,300000,292565,933340,293065,933840,KW11,http://data.ordnancesurvey.co.uk/id/postcodedistrict/KW11,,,,,,,Highland,http://data.ordnancesurvey.co.uk/id/7000000000186625,http://data.ordnancesurvey.co.uk/ontology/admingeo/UnitaryAuthority,Scotland,http://data.ordnancesurvey.co.uk/id/7000000000041429,Scotland,http://data.ordnancesurvey.co.uk/id/country/scotland,,,
osgb4000000074595251,http://data.ordnancesurvey.co.uk/id/4000000074595251,An Coire Glas,,,,landform,Valley,294899,926208,4000,800000,294613,925958,295193,926458,KW8,http://data.ordnancesurvey.co.uk/id/postcodedistrict/KW8,,,,,,,Highland,http://data.ordnancesurvey.co.uk/id/7000000000186625,http://data.ordnancesurvey.co.uk/ontology/admingeo/UnitaryAuthority,Scotland,http://data.ordnancesurvey.co.uk/id/7000000000041429,Scotland,http://data.ordnancesurvey.co.uk/id/country/scotland,,,
osgb4000000074778211,http://data.ordnancesurvey.co.uk/id/4000000074778211,Cnoc a' Mheirlich,,,,landform,Hill Or Mountain,290761,921778,1000,300000,290511,921528,291011,922028,KW8,http://data.ordnancesurvey.co.uk/id/postcodedistrict/KW8,,,,,,,Highland,http://data.ordnancesurvey.co.uk/id/7000000000186625,http://data.ordnancesurvey.co.uk/ontology/admingeo/UnitaryAuthority,Scotland,http://data.ordnancesurvey.co.uk/id/7000000000041429,Scotland,http://data.ordnancesurvey.co.uk/id/country/scotland,,,
osgb4000000074733164,http://data.ordnancesurvey.co.uk/id/4000000074733164,Badandrabhach,,,,landcover,Other Landcover,283648,934479,4000,1300000,283375,934226,283968,934731,KW11,http://data.ordnancesurvey.co.uk/id/postcodedistrict/KW11,,,,,,,Highland,http://data.ordnancesurvey.co.uk/id/7000000000186625,http://data.ordnancesurvey.co.uk/ontology/admingeo/UnitaryAuthority,Scotland,http://data.ordnancesurvey.co.uk/id/7000000000041429,Scotland,http://data.ordnancesurvey.co.uk/id/country/scotland,,,
osgb4000000074602475,http://data.ordnancesurvey.co.uk/id/4000000074602475,Knockfin Heights,,,,landform,Hill Or Mountain,292488,934601,1000,300000,292238,934351,292738,934851,KW11,http://data.ordnancesurvey.co.uk/id/postcodedistrict/KW11,,,,,,,Highland,http://data.ordnancesurvey.co.uk/id/7000000000186625,http://data.ordnancesurvey.co.uk/ontology/admingeo/UnitaryAuthority,Scotland,http://data.ordnancesurvey.co.uk/id/7000000000041429,Scotland,http://data.ordnancesurvey.co.uk/id/country/scotland,,,
osgb4000000074777956,http://data.ordnancesurvey.co.uk/id/4000000074777956,Cnoc Sguabach Cadha,,,,landform,Hill Or Mountain,296310,933270,1000,300000,296060,933020,296560,933520,KW11,http://data.ordnancesurvey.co.uk/id/postcodedistrict/KW11,,,,,,,Highland,http://data.ordnancesurvey.co.uk/id/7000000000186625,http://data.ordnancesurvey.co.uk/ontology/admingeo/UnitaryAuthority,Scotland,http://data.ordnancesurvey.co.uk/id/7000000000041429,Scotland,http://data.ordnancesurvey.co.uk/id/country/scotland,,,
osgb4000000074603753,http://data.ordnancesurvey.co.uk/id/4000000074603753,Cnoc Cròm-uillt,,,,landform,Hill Or Mountain,294506,938942,1000,300000,294256,938692,294756,939192,KW12,http://data.ordnancesurvey.co.uk/id/postcodedistrict/KW12,,,,,,,Highland,http://data.ordnancesurvey.co.uk/id/7000000000186625,http://data.ordnancesurvey.co.uk/ontology/admingeo/UnitaryAuthority,Scotland,http://data.ordnancesurvey.co.uk/id/7000000000041429,Scotland,http://data.ordnancesurvey.co.uk/id/country/scotland,,,
osgb4000000074608391,http://data.ordnancesurvey.co.uk/id/4000000074608391,An Cnoc Buidhe,,,,landform,Hill Or Mountain,288475,927527,1000,300000,288225,927277,288725,927777,KW11,http://data.ordnancesurvey.co.uk/id/postcodedistrict/KW11,,,,,,,Highland,http://data.ordnancesurvey.co.uk/id/7000000000186625,http://data.ordnancesurvey.co.uk/ontology/admingeo/UnitaryAuthority,Scotland,http://data.ordnancesurvey.co.uk/id/7000000000041429,Scotland,http://data.ordnancesurvey.co.uk/id/country/scotland,,,
osgb4000000074602480,http://data.ordnancesurvey.co.uk/id/4000000074602480,Cnoc Feith na Fola,,,,landform,Hill Or Mountain,282786,929011,1000,300000,282536,928761,283036,929261,KW11,http://data.ordnancesurvey.co.uk/id/postcodedistrict/KW11,,,,,,,Highland,http://data.ordnancesurvey.co.uk/id/7000000000186625,http://data.ordnancesurvey.co.uk/ontology/admingeo/UnitaryAuthority,Scotland,http://data.ordnancesurvey.co.uk/id/7000000000041429,Scotland,http://data.ordnancesurvey.co.uk/id/country/scotland,,,
osgb4000000074592025,http://data.ordnancesurvey.co.uk/id/4000000074592025,Tor-Du',,,,landform,Hill Or Mountain,285386,930724,1000,300000,285136,930474,285636,930974,KW11,http://data.ordnancesurvey.co.uk/id/postcodedistrict/KW11,,,,,,,Highland,http://data.ordnancesurvey.co.uk/id/7000000000186625,http://data.ordnancesurvey.co.uk/ontology/admingeo/UnitaryAuthority,Scotland,http://data.ordnancesurvey.co.uk/id/7000000000041429,Scotland,http://data.ordnancesurvey.co.uk/id/country/scotland,,,
osgb4000000074608805,http://data.ordnancesurvey.co.uk/id/4000000074608805,Cnoc na h-Airigh,,,,landform,Hill Or Mountain,290244,928883,1000,300000,289994,928633,290494,929133,KW11,http://data.ordnancesurvey.co.uk/id/postcodedistrict/KW11,,,,,,,Highland,http://data.ordnancesurvey.co.uk/id/7000000000186625,http://data.ordnancesurvey.co.uk/ontology/admingeo/UnitaryAuthority,Scotland,http://data.ordnancesurvey.co.uk/id/7000000000041429,Scotland,http://data.ordnancesurvey.co.uk/id/country/scotland,,,
osgb4000000074631160,http://data.ordnancesurvey.co.uk/id/4000000074631160,Coille Cill a' Mhuire,,,,landcover,Woodland Or Forest,290388,922669,9000,400000,290066,922298,290710,923663,KW8,http://data.ordnancesurvey.co.uk/id/postcodedistrict/KW8,,,,,,,Highland,http://data.ordnancesurvey.co.uk/id/7000000000186625,http://data.ordnancesurvey.co.uk/ontology/admingeo/UnitaryAuthority,Scotland,http://data.ordnancesurvey.co.uk/id/7000000000041429,Scotland,http://data.ordnancesurvey.co.uk/id/country/scotland,,,
osgb4000000074721467,http://data.ordnancesurvey.co.uk/id/4000000074721467,Coire na Feàrna,,,,landform,Valley,293629,928603,7000,800000,293236,928100,294022,929182,KW11,http://data.ordnancesurvey.co.uk/id/postcodedistrict/KW11,,,,,,,Highland,http://data.ordnancesurvey.co.uk/id/7000000000186625,http://data.ordnancesurvey.co.uk/ontology/admingeo/UnitaryAuthority,Scotland,http://data.ordnancesurvey.co.uk/id/7000000000041429,Scotland,http://data.ordnancesurvey.co.uk/id/country/scotland,,,
osgb4000000074608808,http://data.ordnancesurvey.co.uk/id/4000000074608808,Cnoc Loch Mhadadh,,,,landform,Hill Or Mountain,299416,932824,1000,300000,299166,932574,299666,933074,KW6,http://data.ordnancesurvey.co.uk/id/postcodedistrict/KW6,,,,,,,Highland,http://data.ordnancesurvey.co.uk/id/7000000000186625,http://data.ordnancesurvey.co.uk/ontology/admingeo/UnitaryAuthority,Scotland,http://data.ordnancesurvey.co.uk/id/7000000000041429,Scotland,http://data.ordnancesurvey.co.uk/id/country/scotland,,,
osgb4000000074721351,http://data.ordnancesurvey.co.uk/id/4000000074721351,Coire nam Maigheach,,,,landform,Valley,295370,923619,8000,800000,294769,923014,295972,924198,KW8,http://data.ordnancesurvey.co.uk/id/postcodedistrict/KW8,,,,,,,Highland,http://data.ordnancesurvey.co.uk/id/7000000000186625,http://data.ordnancesurvey.co.uk/ontology/admingeo/UnitaryAuthority,Scotland,http://data.ordnancesurvey.co.uk/id/7000000000041429,Scotland,http://data.ordnancesurvey.co.uk/id/country/scotland,,,
osgb4000000074778212,http://data.ordnancesurvey.co.uk/id/4000000074778212,Cnoc a' Chrochaidh,,,,landform,Hill Or Mountain,291081,921108,1000,300000,290831,920858,291331,921358,KW8,http://data.ordnancesurvey.co.uk/id/postcodedistrict/KW8,,,,,,,Highland,http://data.ordnancesurvey.co.uk/id/7000000000186625,http://data.ordnancesurvey.co.uk/ontology/admingeo/UnitaryAuthority,Scotland,http://data.ordnancesurvey.co.uk/id/7000000000041429,Scotland,http://data.ordnancesurvey.co.uk/id/country/scotland,,,
osgb4000000074778087,http://data.ordnancesurvey.co.uk/id/4000000074778087,Cnoc nam Bo Riabhach,,,,landform,Hill Or Mountain,290630,939730,1000,300000,290380,939480,290880,939980,KW11,http://data.ordnancesurvey.co.uk/id/postcodedistrict/KW11,,,,,,,Highland,http://data.ordnancesurvey.co.uk/id/7000000000186625,http://data.ordnancesurvey.co.uk/ontology/admingeo/UnitaryAuthority,Scotland,http://data.ordnancesurvey.co.uk/id/7000000000041429,Scotland,http://data.ordnancesurvey.co.uk/id/country/scotland,,,
osgb4000000074797114,http://data.ordnancesurvey.co.uk/id/4000000074797114,Loch Braigh na h-Aibhne,,,,hydrography,Inland Water,299841,931874,3000,500000,299591,931633,300091,932133,KW6,http://data.ordnancesurvey.co.uk/id/postcodedistrict/KW6,,,,,,,Highland,http://data.ordnancesurvey.co.uk/id/7000000000186625,http://data.ordnancesurvey.co.uk/ontology/admingeo/UnitaryAuthority,Scotland,http://data.ordnancesurvey.co.uk/id/7000000000041429,Scotland,http://data.ordnancesurvey.co.uk/id/country/scotland,,,
osgb4000000074797189,http://data.ordnancesurvey.co.uk/id/4000000074797189,Loch Ascaig,,,,hydrography,Inland Water,284892,925530,8000,500000,284467,925243,285713,925817,KW11,http://data.ordnancesurvey.co.uk/id/postcodedistrict/KW11,,,,,,,Highland,http://data.ordnancesurvey.co.uk/id/7000000000186625,http://data.ordnancesurvey.co.uk/ontology/admingeo/UnitaryAuthority,Scotland,http://data.ordnancesurvey.co.uk/id/7000000000041429,Scotland,http://data.ordnancesurvey.co.uk/id/country/scotland,,,
osgb4000000074720316,http://data.ordnancesurvey.co.uk/id/4000000074720316,Srath na Frithe,,,,landform,Valley,283689,926760,58000,800000,278100,925659,286958,927861,KW11,http://data.ordnancesurvey.co.uk/id/postcodedistrict/KW11,,,,,,,Highland,http://data.ordnancesurvey.co.uk/id/7000000000186625,http://data.ordnancesurvey.co.uk/ontology/admingeo/UnitaryAuthority,Scotland,http://data.ordnancesurvey.co.uk/id/7000000000041429,Scotland,http://data.ordnancesurvey.co.uk/id/country/scotland,,,
osgb4000000074777955,http://data.ordnancesurvey.co.uk/id/4000000074777955,Cnoc Garbh-Leathaid,,,,landform,Hill Or Mountain,296384,936012,1000,300000,296134,935762,296634,936262,KW12,http://data.ordnancesurvey.co.uk/id/postcodedistrict/KW12,,,,,,,Highland,http://data.ordnancesurvey.co.uk/id/7000000000186625,http://data.ordnancesurvey.co.uk/ontology/admingeo/UnitaryAuthority,Scotland,http://data.ordnancesurvey.co.uk/id/7000000000041429,Scotland,http://data.ordnancesurvey.co.uk/id/country/scotland,,,
osgb4000000074603756,http://data.ordnancesurvey.co.uk/id/4000000074603756,Cnoc Riabhach,,,,landform,Hill Or Mountain,292006,937698,1000,300000,291756,937448,292256,937948,KW11,http://data.ordnancesurvey.co.uk/id/postcodedistrict/KW11,,,,,,,Highland,http://data.ordnancesurvey.co.uk/id/7000000000186625,http://data.ordnancesurvey.co.uk/ontology/admingeo/UnitaryAuthority,Scotland,http://data.ordnancesurvey.co.uk/id/7000000000041429,Scotland,http://data.ordnancesurvey.co.uk/id/country/scotland,,,
osgb4000000074602478,http://data.ordnancesurvey.co.uk/id/4000000074602478,Ceannabhaid,,,,landform,Hill Or Mountain,282253,925301,1000,300000,282003,925051,282503,925551,KW11,http://data.ordnancesurvey.co.uk/id/postcodedistrict/KW11,,,,,,,Highland,http://data.ordnancesurvey.co.uk/id/7000000000186625,http://data.ordnancesurvey.co.uk/ontology/admingeo/UnitaryAuthority,Scotland,http://data.ordnancesurvey.co.uk/id/7000000000041429,Scotland,http://data.ordnancesurvey.co.uk/id/country/scotland,,,
osgb4000000074602897,http://data.ordnancesurvey.co.uk/id/4000000074602897,Cnoc Tuarie,,,,landform,Hill Or Mountain,282959,921330,1000,300000,282709,921080,283209,921580,KW8,http://data.ordnancesurvey.co.uk/id/postcodedistrict/KW8,,,,,,,Highland,http://data.ordnancesurvey.co.uk/id/7000000000186625,http://data.ordnancesurvey.co.uk/ontology/admingeo/UnitaryAuthority,Scotland,http://data.ordnancesurvey.co.uk/id/7000000000041429,Scotland,http://data.ordnancesurvey.co.uk/id/country/scotland,,,
osgb4000000074602898,http://data.ordnancesurvey.co.uk/id/4000000074602898,Cnoc Ascaig,,,,landform,Hill Or Mountain,286556,923384,1000,300000,286306,923134,286806,923634,KW8,http://data.ordnancesurvey.co.uk/id/postcodedistrict/KW8,,,,,,,Highland,http://data.ordnancesurvey.co.uk/id/7000000000186625,http://data.ordnancesurvey.co.uk/ontology/admingeo/UnitaryAuthority,Scotland,http://data.ordnancesurvey.co.uk/id/7000000000041429,Scotland,http://data.ordnancesurvey.co.uk/id/country/scotland,,,
osgb4000000074602901,http://data.ordnancesurvey.co.uk/id/4000000074602901,The Achin,,,,landform,Hill Or Mountain,280404,929902,1000,300000,280154,929652,280654,930152,KW11,http://data.ordnancesurvey.co.uk/id/postcodedistrict/KW11,,,,,,,Highland,http://data.ordnancesurvey.co.uk/id/7000000000186625,http://data.ordnancesurvey.co.uk/ontology/admingeo/UnitaryAuthority,Scotland,http://data.ordnancesurvey.co.uk/id/7000000000041429,Scotland,http://data.ordnancesurvey.co.uk/id/country/scotland,,,
osgb4000000074602476,http://data.ordnancesurvey.co.uk/id/4000000074602476,Borrobol Hill,,,,landform,Hill Or Mountain,287273,925318,1000,300000,287023,925068,287523,925568,KW11,http://data.ordnancesurvey.co.uk/id/postcodedistrict/KW11,,,,,,,Highland,http://data.ordnancesurvey.co.uk/id/7000000000186625,http://data.ordnancesurvey.co.uk/ontology/admingeo/UnitaryAuthority,Scotland,http://data.ordnancesurvey.co.uk/id/7000000000041429,Scotland,http://data.ordnancesurvey.co.uk/id/country/scotland,,,
osgb4000000074603321,http://data.ordnancesurvey.co.uk/id/4000000074603321,Windy Hill,,,,landform,Hill Or Mountain,285096,924534,1000,300000,284846,924284,285346,924784,KW11,http://data.ordnancesurvey.co.uk/id/postcodedistrict/KW11,,,,,,,Highland,http://data.ordnancesurvey.co.uk/id/7000000000186625,http://data.ordnancesurvey.co.uk/ontology/admingeo/UnitaryAuthority,Scotland,http://data.ordnancesurvey.co.uk/id/7000000000041429,Scotland,http://data.ordnancesurvey.co.uk/id/country/scotland,,,
osgb4000000074732676,http://data.ordnancesurvey.co.uk/id/4000000074732676,Bad nan Gobhlan,,,,landcover,Other Landcover,280673,936133,8000,1300000,280065,935785,281308,936482,KW11,http://data.ordnancesurvey.co.uk/id/postcodedistrict/KW11,,,,,,,Highland,http://data.ordnancesurvey.co.uk/id/7000000000186625,http://data.ordnancesurvey.co.uk/ontology/admingeo/UnitaryAuthority,Scotland,http://data.ordnancesurvey.co.uk/id/7000000000041429,Scotland,http://data.ordnancesurvey.co.uk/id/country/scotland,,,
osgb4000000074721464,http://data.ordnancesurvey.co.uk/id/4000000074721464,Alla Choire,,,,landform,Valley,294567,925386,3000,800000,294317,925028,294817,925528,KW8,http://data.ordnancesurvey.co.uk/id/postcodedistrict/KW8,,,,,,,Highland,http://data.ordnancesurvey.co.uk/id/7000000000186625,http://data.ordnancesurvey.co.uk/ontology/admingeo/UnitaryAuthority,Scotland,http://data.ordnancesurvey.co.uk/id/7000000000041429,Scotland,http://data.ordnancesurvey.co.uk/id/country/scotland,,,
osgb4000000074797149,http://data.ordnancesurvey.co.uk/id/4000000074797149,Margaret's Loch,,,,hydrography,Inland Water,297563,935502,1000,500000,297309,935253,297809,935753,KW12,http://data.ordnancesurvey.co.uk/id/postcodedistrict/KW12,,,,,,,Highland,http://data.ordnancesurvey.co.uk/id/7000000000186625,http://data.ordnancesurvey.co.uk/ontology/admingeo/UnitaryAuthority,Scotland,http://data.ordnancesurvey.co.uk/id/7000000000041429,Scotland,http://data.ordnancesurvey.co.uk/id/country/scotland,,,
osgb4000000074603327,http://data.ordnancesurvey.co.uk/id/4000000074603327,Halliagarry Hill,,,,landform,Hill Or Mountain,284471,922583,1000,300000,284221,922333,284721,922833,KW8,http://data.ordnancesurvey.co.uk/id/postcodedistrict/KW8,,,,,,,Highland,http://data.ordnancesurvey.co.uk/id/7000000000186625,http://data.ordnancesurvey.co.uk/ontology/admingeo/UnitaryAuthority,Scotland,http://data.ordnancesurvey.co.uk/id/7000000000041429,Scotland,http://data.ordnancesurvey.co.uk/id/country/scotland,,,
osgb4000000074720315,http://data.ordnancesurvey.co.uk/id/4000000074720315,Glen More,,,,landform,Valley,296233,937368,8000,800000,295803,936710,296664,938015,KW12,http://data.ordnancesurvey.co.uk/id/postcodedistrict/KW12,,,,,,,Highland,http://data.ordnancesurvey.co.uk/id/7000000000186625,http://data.ordnancesurvey.co.uk/ontology/admingeo/UnitaryAuthority,Scotland,http://data.ordnancesurvey.co.uk/id/7000000000041429,Scotland,http://data.ordnancesurvey.co.uk/id/country/scotland,,,
osgb4000000074719865,http://data.ordnancesurvey.co.uk/id/4000000074719865,Coir' a' Phiceir,,,,landform,Valley,292091,928895,4000,800000,291841,928624,292341,929253,KW11,http://data.ordnancesurvey.co.uk/id/postcodedistrict/KW11,,,,,,,Highland,http://data.ordnancesurvey.co.uk/id/7000000000186625,http://data.ordnancesurvey.co.uk/ontology/admingeo/UnitaryAuthority,Scotland,http://data.ordnancesurvey.co.uk/id/7000000000041429,Scotland,http://data.ordnancesurvey.co.uk/id/country/scotland,,,
osgb5000000074171246,http://data.ordnancesurvey.co.uk/id/5000000074171246,Kildonan,,,,transportNetwork,Railway Station,290154,921745,1000,50000,289904,921493,290404,921993,KW8,http://data.ordnancesurvey.co.uk/id/postcodedistrict/KW8,,,,,,,Highland,http://data.ordnancesurvey.co.uk/id/7000000000186625,http://data.ordnancesurvey.co.uk/ontology/admingeo/UnitaryAuthority,Scotland,http://data.ordnancesurvey.co.uk/id/7000000000041429,Scotland,http://data.ordnancesurvey.co.uk/id/country/scotland,,,
osgb4000000073497087,http://data.ordnancesurvey.co.uk/id/4000000073497087,Kinbrace,,,,transportNetwork,Railway Station,286204,931654,1000,50000,285955,931374,286455,931874,KW11,http://data.ordnancesurvey.co.uk/id/postcodedistrict/KW11,Kinbrace,http://data.ordnancesurvey.co.uk/id/4000000074557440,http://www.ordnancesurvey.co.uk/xml/codelists/localtype.xml#hamlet,,,,Highland,http://data.ordnancesurvey.co.uk/id/7000000000186625,http://data.ordnancesurvey.co.uk/ontology/admingeo/UnitaryAuthority,Scotland,http://data.ordnancesurvey.co.uk/id/7000000000041429,Scotland,http://data.ordnancesurvey.co.uk/id/country/scotland,,,
osgb4000000074604178,http://data.ordnancesurvey.co.uk/id/4000000074604178,Meall a' Bhùirich,,,,landform,Hill Or Mountain,283930,938652,1000,300000,283680,938402,284180,938902,KW11,http://data.ordnancesurvey.co.uk/id/postcodedistrict/KW11,,,,,,,Highland,http://data.ordnancesurvey.co.uk/id/7000000000186625,http://data.ordnancesurvey.co.uk/ontology/admingeo/UnitaryAuthority,Scotland,http://data.ordnancesurvey.co.uk/id/7000000000041429,Scotland,http://data.ordnancesurvey.co.uk/id/country/scotland,,,
osgb4000000074795908,http://data.ordnancesurvey.co.uk/id/4000000074795908,Easan Geal,,,,hydrography,Waterfall,289390,933807,1000,15000,289140,933557,289640,934057,KW11,http://data.ordnancesurvey.co.uk/id/postcodedistrict/KW11,,,,,,,Highland,http://data.ordnancesurvey.co.uk/id/7000000000186625,http://data.ordnancesurvey.co.uk/ontology/admingeo/UnitaryAuthority,Scotland,http://data.ordnancesurvey.co.uk/id/7000000000041429,Scotland,http://data.ordnancesurvey.co.uk/id/country/scotland,,,
osgb4000000074608810,http://data.ordnancesurvey.co.uk/id/4000000074608810,Achentoul Hill,,,,landform,Hill Or Mountain,289409,933285,1000,300000,289159,933035,289659,933535,KW11,http://data.ordnancesurvey.co.uk/id/postcodedistrict/KW11,,,,,,,Highland,http://data.ordnancesurvey.co.uk/id/7000000000186625,http://data.ordnancesurvey.co.uk/ontology/admingeo/UnitaryAuthority,Scotland,http://data.ordnancesurvey.co.uk/id/7000000000041429,Scotland,http://data.ordnancesurvey.co.uk/id/country/scotland,,,
