﻿osgb4000000074559313,http://data.ordnancesurvey.co.uk/id/4000000074559313,Croick,,,,populatedPlace,Other Settlement,289490,954062,15000,25000,289240,953766,289740,954359,KW13,http://data.ordnancesurvey.co.uk/id/postcodedistrict/KW13,,,,,,,Highland,http://data.ordnancesurvey.co.uk/id/7000000000186625,http://data.ordnancesurvey.co.uk/ontology/admingeo/UnitaryAuthority,Scotland,http://data.ordnancesurvey.co.uk/id/7000000000041429,Scotland,http://data.ordnancesurvey.co.uk/id/country/scotland,,http://dbpedia.org/resource/Croick,
osgb4000000074558952,http://data.ordnancesurvey.co.uk/id/4000000074558952,Trantlemore,,,,populatedPlace,Hamlet,289178,953150,5000,25000,288929,952539,289429,953771,KW13,http://data.ordnancesurvey.co.uk/id/postcodedistrict/KW13,,,,,,,Highland,http://data.ordnancesurvey.co.uk/id/7000000000186625,http://data.ordnancesurvey.co.uk/ontology/admingeo/UnitaryAuthority,Scotland,http://data.ordnancesurvey.co.uk/id/7000000000041429,Scotland,http://data.ordnancesurvey.co.uk/id/country/scotland,,http://dbpedia.org/resource/Trantlemore,
osgb4000000074335407,http://data.ordnancesurvey.co.uk/id/4000000074335407,Dalhalvaig,,,,populatedPlace,Hamlet,289414,954804,5000,25000,289165,954515,289665,955093,KW13,http://data.ordnancesurvey.co.uk/id/postcodedistrict/KW13,,,,,,,Highland,http://data.ordnancesurvey.co.uk/id/7000000000186625,http://data.ordnancesurvey.co.uk/ontology/admingeo/UnitaryAuthority,Scotland,http://data.ordnancesurvey.co.uk/id/7000000000041429,Scotland,http://data.ordnancesurvey.co.uk/id/country/scotland,,http://dbpedia.org/resource/Dalhalvaig,
osgb4000000074546375,http://data.ordnancesurvey.co.uk/id/4000000074546375,Breacrie,,,,populatedPlace,Other Settlement,289743,951133,15000,25000,289308,950898,289873,951453,KW13,http://data.ordnancesurvey.co.uk/id/postcodedistrict/KW13,,,,,,,Highland,http://data.ordnancesurvey.co.uk/id/7000000000186625,http://data.ordnancesurvey.co.uk/ontology/admingeo/UnitaryAuthority,Scotland,http://data.ordnancesurvey.co.uk/id/7000000000041429,Scotland,http://data.ordnancesurvey.co.uk/id/country/scotland,,,
osgb4000000074544898,http://data.ordnancesurvey.co.uk/id/4000000074544898,Forsinard,,,,populatedPlace,Hamlet,289178,942771,5000,25000,288882,942319,289382,943687,KW13,http://data.ordnancesurvey.co.uk/id/postcodedistrict/KW13,,,,,,,Highland,http://data.ordnancesurvey.co.uk/id/7000000000186625,http://data.ordnancesurvey.co.uk/ontology/admingeo/UnitaryAuthority,Scotland,http://data.ordnancesurvey.co.uk/id/7000000000041429,Scotland,http://data.ordnancesurvey.co.uk/id/country/scotland,,http://dbpedia.org/resource/Forsinard,http://sws.geonames.org/2649186
osgb4000000074559314,http://data.ordnancesurvey.co.uk/id/4000000074559314,Achiemore,,,,populatedPlace,Hamlet,289493,957736,5000,25000,289257,957094,289757,958743,KW13,http://data.ordnancesurvey.co.uk/id/postcodedistrict/KW13,,,,,,,Highland,http://data.ordnancesurvey.co.uk/id/7000000000186625,http://data.ordnancesurvey.co.uk/ontology/admingeo/UnitaryAuthority,Scotland,http://data.ordnancesurvey.co.uk/id/7000000000041429,Scotland,http://data.ordnancesurvey.co.uk/id/country/scotland,,"http://dbpedia.org/resource/Achiemore,_Strath_Halladale",
KW136YU,http://data.ordnancesurvey.co.uk/id/postcodeunit/KW136YU,KW13 6YU,,,,other,Postcode,289150,954344,3500,18000,,,,,,,,,,,,,Highland,http://data.ordnancesurvey.co.uk/id/7000000000186625,http://data.ordnancesurvey.co.uk/ontology/admingeo/UnitaryAuthority,Scotland,http://data.ordnancesurvey.co.uk/id/7000000000041429,Scotland,http://data.ordnancesurvey.co.uk/id/country/scotland,,,
KW136YT,http://data.ordnancesurvey.co.uk/id/postcodeunit/KW136YT,KW13 6YT,,,,other,Postcode,289662,952932,3500,18000,,,,,,,,,,,,,Highland,http://data.ordnancesurvey.co.uk/id/7000000000186625,http://data.ordnancesurvey.co.uk/ontology/admingeo/UnitaryAuthority,Scotland,http://data.ordnancesurvey.co.uk/id/7000000000041429,Scotland,http://data.ordnancesurvey.co.uk/id/country/scotland,,,
osgb4000000074799758,http://data.ordnancesurvey.co.uk/id/4000000074799758,Loch nan Clach Geala,,,,hydrography,Inland Water,295613,957394,3000,500000,295363,957154,295863,957662,KW13,http://data.ordnancesurvey.co.uk/id/postcodedistrict/KW13,,,,,,,Highland,http://data.ordnancesurvey.co.uk/id/7000000000186625,http://data.ordnancesurvey.co.uk/ontology/admingeo/UnitaryAuthority,Scotland,http://data.ordnancesurvey.co.uk/id/7000000000041429,Scotland,http://data.ordnancesurvey.co.uk/id/country/scotland,,,
osgb4000000074732361,http://data.ordnancesurvey.co.uk/id/4000000074732361,Bad nam Bo,,,,landcover,Other Landcover,299204,952432,11000,1300000,298370,951644,300039,953132,KW12,http://data.ordnancesurvey.co.uk/id/postcodedistrict/KW12,,,,,,,Highland,http://data.ordnancesurvey.co.uk/id/7000000000186625,http://data.ordnancesurvey.co.uk/ontology/admingeo/UnitaryAuthority,Scotland,http://data.ordnancesurvey.co.uk/id/7000000000041429,Scotland,http://data.ordnancesurvey.co.uk/id/country/scotland,,,
osgb4000000074800055,http://data.ordnancesurvey.co.uk/id/4000000074800055,Loch na Caorach,,,,hydrography,Inland Water,291299,958761,6000,500000,291050,958127,291550,959058,KW13,http://data.ordnancesurvey.co.uk/id/postcodedistrict/KW13,,,,,,,Highland,http://data.ordnancesurvey.co.uk/id/7000000000186625,http://data.ordnancesurvey.co.uk/ontology/admingeo/UnitaryAuthority,Scotland,http://data.ordnancesurvey.co.uk/id/7000000000041429,Scotland,http://data.ordnancesurvey.co.uk/id/country/scotland,,,
osgb4000000074796958,http://data.ordnancesurvey.co.uk/id/4000000074796958,Loch Druim a' Chliabhain,,,,hydrography,Inland Water,280895,941249,17000,500000,280315,939939,281475,942539,KW11,http://data.ordnancesurvey.co.uk/id/postcodedistrict/KW11,,,,,,,Highland,http://data.ordnancesurvey.co.uk/id/7000000000186625,http://data.ordnancesurvey.co.uk/ontology/admingeo/UnitaryAuthority,Scotland,http://data.ordnancesurvey.co.uk/id/7000000000041429,Scotland,http://data.ordnancesurvey.co.uk/id/country/scotland,,,
osgb4000000074783229,http://data.ordnancesurvey.co.uk/id/4000000074783229,Clais Fhliuch,,,,landform,Valley,289788,951984,2000,800000,289553,951734,290053,952234,KW13,http://data.ordnancesurvey.co.uk/id/postcodedistrict/KW13,,,,,,,Highland,http://data.ordnancesurvey.co.uk/id/7000000000186625,http://data.ordnancesurvey.co.uk/ontology/admingeo/UnitaryAuthority,Scotland,http://data.ordnancesurvey.co.uk/id/7000000000041429,Scotland,http://data.ordnancesurvey.co.uk/id/country/scotland,,,
osgb4000000074782888,http://data.ordnancesurvey.co.uk/id/4000000074782888,Cnoc Alltain Duibh,,,,landform,Hill Or Mountain,299234,947571,1000,300000,298984,947321,299484,947821,KW12,http://data.ordnancesurvey.co.uk/id/postcodedistrict/KW12,,,,,,,Highland,http://data.ordnancesurvey.co.uk/id/7000000000186625,http://data.ordnancesurvey.co.uk/ontology/admingeo/UnitaryAuthority,Scotland,http://data.ordnancesurvey.co.uk/id/7000000000041429,Scotland,http://data.ordnancesurvey.co.uk/id/country/scotland,,,
osgb4000000074801785,http://data.ordnancesurvey.co.uk/id/4000000074801785,Loch nam Bò Uidhre,,,,hydrography,Inland Water,284519,957158,4000,500000,284270,956839,284770,957504,KW13,http://data.ordnancesurvey.co.uk/id/postcodedistrict/KW13,,,,,,,Highland,http://data.ordnancesurvey.co.uk/id/7000000000186625,http://data.ordnancesurvey.co.uk/ontology/admingeo/UnitaryAuthority,Scotland,http://data.ordnancesurvey.co.uk/id/7000000000041429,Scotland,http://data.ordnancesurvey.co.uk/id/country/scotland,,,
osgb4000000074800627,http://data.ordnancesurvey.co.uk/id/4000000074800627,Druim an Loch,,,,hydrography,Inland Water,286455,951070,1000,500000,286195,950820,286695,951320,KW13,http://data.ordnancesurvey.co.uk/id/postcodedistrict/KW13,,,,,,,Highland,http://data.ordnancesurvey.co.uk/id/7000000000186625,http://data.ordnancesurvey.co.uk/ontology/admingeo/UnitaryAuthority,Scotland,http://data.ordnancesurvey.co.uk/id/7000000000041429,Scotland,http://data.ordnancesurvey.co.uk/id/country/scotland,,,
osgb4000000074800770,http://data.ordnancesurvey.co.uk/id/4000000074800770,Lochan nan Clach Geala,,,,hydrography,Inland Water,293573,949465,3000,500000,293323,949180,293823,949680,KW13,http://data.ordnancesurvey.co.uk/id/postcodedistrict/KW13,,,,,,,Highland,http://data.ordnancesurvey.co.uk/id/7000000000186625,http://data.ordnancesurvey.co.uk/ontology/admingeo/UnitaryAuthority,Scotland,http://data.ordnancesurvey.co.uk/id/7000000000041429,Scotland,http://data.ordnancesurvey.co.uk/id/country/scotland,,,
osgb4000000074630472,http://data.ordnancesurvey.co.uk/id/4000000074630472,Coille Mac nam Muc,,,,landcover,Woodland Or Forest,289218,956039,4000,400000,288969,955562,289469,956125,KW13,http://data.ordnancesurvey.co.uk/id/postcodedistrict/KW13,,,,,,,Highland,http://data.ordnancesurvey.co.uk/id/7000000000186625,http://data.ordnancesurvey.co.uk/ontology/admingeo/UnitaryAuthority,Scotland,http://data.ordnancesurvey.co.uk/id/7000000000041429,Scotland,http://data.ordnancesurvey.co.uk/id/country/scotland,,,
osgb4000000074645580,http://data.ordnancesurvey.co.uk/id/4000000074645580,The Cross Lochs Forest,,,,landcover,Woodland Or Forest,285062,945754,17000,400000,283906,944501,286218,947114,KW13,http://data.ordnancesurvey.co.uk/id/postcodedistrict/KW13,,,,,,,Highland,http://data.ordnancesurvey.co.uk/id/7000000000186625,http://data.ordnancesurvey.co.uk/ontology/admingeo/UnitaryAuthority,Scotland,http://data.ordnancesurvey.co.uk/id/7000000000041429,Scotland,http://data.ordnancesurvey.co.uk/id/country/scotland,,,
osgb4000000074801936,http://data.ordnancesurvey.co.uk/id/4000000074801936,Loch Bad Mhairtein,,,,hydrography,Inland Water,293663,954638,1000,500000,293414,954408,293914,954908,KW13,http://data.ordnancesurvey.co.uk/id/postcodedistrict/KW13,,,,,,,Highland,http://data.ordnancesurvey.co.uk/id/7000000000186625,http://data.ordnancesurvey.co.uk/ontology/admingeo/UnitaryAuthority,Scotland,http://data.ordnancesurvey.co.uk/id/7000000000041429,Scotland,http://data.ordnancesurvey.co.uk/id/country/scotland,,,
osgb4000000074778025,http://data.ordnancesurvey.co.uk/id/4000000074778025,Cnoc Alltan Caoruinn,,,,landform,Hill Or Mountain,299813,949906,1000,300000,299563,949656,300063,950156,KW12,http://data.ordnancesurvey.co.uk/id/postcodedistrict/KW12,,,,,,,Highland,http://data.ordnancesurvey.co.uk/id/7000000000186625,http://data.ordnancesurvey.co.uk/ontology/admingeo/UnitaryAuthority,Scotland,http://data.ordnancesurvey.co.uk/id/7000000000041429,Scotland,http://data.ordnancesurvey.co.uk/id/country/scotland,,,
osgb4000000074801783,http://data.ordnancesurvey.co.uk/id/4000000074801783,Loch Bad a' Bhothain,,,,hydrography,Inland Water,291750,950671,2000,500000,291500,950440,292000,950940,KW13,http://data.ordnancesurvey.co.uk/id/postcodedistrict/KW13,,,,,,,Highland,http://data.ordnancesurvey.co.uk/id/7000000000186625,http://data.ordnancesurvey.co.uk/ontology/admingeo/UnitaryAuthority,Scotland,http://data.ordnancesurvey.co.uk/id/7000000000041429,Scotland,http://data.ordnancesurvey.co.uk/id/country/scotland,,,
osgb4000000074814531,http://data.ordnancesurvey.co.uk/id/4000000074814531,Lochan Dubh,,,,hydrography,Inland Water,290859,958571,4000,500000,290610,958112,291110,958659,KW13,http://data.ordnancesurvey.co.uk/id/postcodedistrict/KW13,,,,,,,Highland,http://data.ordnancesurvey.co.uk/id/7000000000186625,http://data.ordnancesurvey.co.uk/ontology/admingeo/UnitaryAuthority,Scotland,http://data.ordnancesurvey.co.uk/id/7000000000041429,Scotland,http://data.ordnancesurvey.co.uk/id/country/scotland,,,
osgb4000000074800343,http://data.ordnancesurvey.co.uk/id/4000000074800343,Caol-Loch,,,,hydrography,Inland Water,285033,954825,7000,500000,284784,954476,285284,955551,KW13,http://data.ordnancesurvey.co.uk/id/postcodedistrict/KW13,,,,,,,Highland,http://data.ordnancesurvey.co.uk/id/7000000000186625,http://data.ordnancesurvey.co.uk/ontology/admingeo/UnitaryAuthority,Scotland,http://data.ordnancesurvey.co.uk/id/7000000000041429,Scotland,http://data.ordnancesurvey.co.uk/id/country/scotland,,,
osgb4000000074776288,http://data.ordnancesurvey.co.uk/id/4000000074776288,Clachgeal Hill,,,,landform,Hill Or Mountain,295911,957595,1000,300000,295661,957345,296161,957845,KW13,http://data.ordnancesurvey.co.uk/id/postcodedistrict/KW13,,,,,,,Highland,http://data.ordnancesurvey.co.uk/id/7000000000186625,http://data.ordnancesurvey.co.uk/ontology/admingeo/UnitaryAuthority,Scotland,http://data.ordnancesurvey.co.uk/id/7000000000041429,Scotland,http://data.ordnancesurvey.co.uk/id/country/scotland,,,
osgb4000000074602497,http://data.ordnancesurvey.co.uk/id/4000000074602497,Beinn nam Bad Mòr,,,,landform,Hill Or Mountain,299847,955059,1000,300000,299597,954809,300097,955309,KW14,http://data.ordnancesurvey.co.uk/id/postcodedistrict/KW14,,,,,,,Highland,http://data.ordnancesurvey.co.uk/id/7000000000186625,http://data.ordnancesurvey.co.uk/ontology/admingeo/UnitaryAuthority,Scotland,http://data.ordnancesurvey.co.uk/id/7000000000041429,Scotland,http://data.ordnancesurvey.co.uk/id/country/scotland,,,
osgb4000000074721499,http://data.ordnancesurvey.co.uk/id/4000000074721499,Gleann Dubh,,,,landform,Valley,299196,957497,4000,800000,298778,957247,299455,957747,KW14,http://data.ordnancesurvey.co.uk/id/postcodedistrict/KW14,,,,,,,Highland,http://data.ordnancesurvey.co.uk/id/7000000000186625,http://data.ordnancesurvey.co.uk/ontology/admingeo/UnitaryAuthority,Scotland,http://data.ordnancesurvey.co.uk/id/7000000000041429,Scotland,http://data.ordnancesurvey.co.uk/id/country/scotland,,,
osgb4000000074731881,http://data.ordnancesurvey.co.uk/id/4000000074731881,Dail Loisgte,,,,landcover,Other Landcover,290203,946642,5000,1300000,289953,946270,290453,947086,KW13,http://data.ordnancesurvey.co.uk/id/postcodedistrict/KW13,,,,,,,Highland,http://data.ordnancesurvey.co.uk/id/7000000000186625,http://data.ordnancesurvey.co.uk/ontology/admingeo/UnitaryAuthority,Scotland,http://data.ordnancesurvey.co.uk/id/7000000000041429,Scotland,http://data.ordnancesurvey.co.uk/id/country/scotland,,,
osgb4000000074604175,http://data.ordnancesurvey.co.uk/id/4000000074604175,Cnoc Maol Donn,,,,landform,Hill Or Mountain,297818,945629,1000,300000,297568,945379,298068,945879,KW12,http://data.ordnancesurvey.co.uk/id/postcodedistrict/KW12,,,,,,,Highland,http://data.ordnancesurvey.co.uk/id/7000000000186625,http://data.ordnancesurvey.co.uk/ontology/admingeo/UnitaryAuthority,Scotland,http://data.ordnancesurvey.co.uk/id/7000000000041429,Scotland,http://data.ordnancesurvey.co.uk/id/country/scotland,,,
osgb4000000074801940,http://data.ordnancesurvey.co.uk/id/4000000074801940,Loch na h-Eaglaise Beag,,,,hydrography,Inland Water,285471,959000,4000,500000,285221,958734,285721,959285,KW13,http://data.ordnancesurvey.co.uk/id/postcodedistrict/KW13,,,,,,,Highland,http://data.ordnancesurvey.co.uk/id/7000000000186625,http://data.ordnancesurvey.co.uk/ontology/admingeo/UnitaryAuthority,Scotland,http://data.ordnancesurvey.co.uk/id/7000000000041429,Scotland,http://data.ordnancesurvey.co.uk/id/country/scotland,,,
osgb4000000074782887,http://data.ordnancesurvey.co.uk/id/4000000074782887,Cnoc na h-Innse,,,,landform,Hill Or Mountain,298610,947760,1000,300000,298360,947510,298860,948010,KW12,http://data.ordnancesurvey.co.uk/id/postcodedistrict/KW12,,,,,,,Highland,http://data.ordnancesurvey.co.uk/id/7000000000186625,http://data.ordnancesurvey.co.uk/ontology/admingeo/UnitaryAuthority,Scotland,http://data.ordnancesurvey.co.uk/id/7000000000041429,Scotland,http://data.ordnancesurvey.co.uk/id/country/scotland,,,
osgb4000000074602924,http://data.ordnancesurvey.co.uk/id/4000000074602924,Druim an Laraidh,,,,landform,Hill Or Mountain,291857,959900,1000,300000,291607,959650,292107,960150,KW13,http://data.ordnancesurvey.co.uk/id/postcodedistrict/KW13,,,,,,,Highland,http://data.ordnancesurvey.co.uk/id/7000000000186625,http://data.ordnancesurvey.co.uk/ontology/admingeo/UnitaryAuthority,Scotland,http://data.ordnancesurvey.co.uk/id/7000000000041429,Scotland,http://data.ordnancesurvey.co.uk/id/country/scotland,,,
osgb4000000074732830,http://data.ordnancesurvey.co.uk/id/4000000074732830,Dail Dhònuill,,,,landcover,Other Landcover,289855,945021,6000,1300000,289519,944520,290191,945406,KW13,http://data.ordnancesurvey.co.uk/id/postcodedistrict/KW13,,,,,,,Highland,http://data.ordnancesurvey.co.uk/id/7000000000186625,http://data.ordnancesurvey.co.uk/ontology/admingeo/UnitaryAuthority,Scotland,http://data.ordnancesurvey.co.uk/id/7000000000041429,Scotland,http://data.ordnancesurvey.co.uk/id/country/scotland,,,
osgb4000000074797528,http://data.ordnancesurvey.co.uk/id/4000000074797528,Lochan Ealach Beag,,,,hydrography,Inland Water,296576,949564,4000,500000,296326,949333,296826,949878,KW12,http://data.ordnancesurvey.co.uk/id/postcodedistrict/KW12,,,,,,,Highland,http://data.ordnancesurvey.co.uk/id/7000000000186625,http://data.ordnancesurvey.co.uk/ontology/admingeo/UnitaryAuthority,Scotland,http://data.ordnancesurvey.co.uk/id/7000000000041429,Scotland,http://data.ordnancesurvey.co.uk/id/country/scotland,,,
osgb4000000074776441,http://data.ordnancesurvey.co.uk/id/4000000074776441,Cnoc Clais a' Bhothain,,,,landform,Hill Or Mountain,292150,954180,1000,300000,291900,953930,292400,954430,KW13,http://data.ordnancesurvey.co.uk/id/postcodedistrict/KW13,,,,,,,Highland,http://data.ordnancesurvey.co.uk/id/7000000000186625,http://data.ordnancesurvey.co.uk/ontology/admingeo/UnitaryAuthority,Scotland,http://data.ordnancesurvey.co.uk/id/7000000000041429,Scotland,http://data.ordnancesurvey.co.uk/id/country/scotland,,,
osgb4000000074797408,http://data.ordnancesurvey.co.uk/id/4000000074797408,Clàr Loch,,,,hydrography,Inland Water,295372,944221,2000,500000,295125,943971,295625,944471,KW12,http://data.ordnancesurvey.co.uk/id/postcodedistrict/KW12,,,,,,,Highland,http://data.ordnancesurvey.co.uk/id/7000000000186625,http://data.ordnancesurvey.co.uk/ontology/admingeo/UnitaryAuthority,Scotland,http://data.ordnancesurvey.co.uk/id/7000000000041429,Scotland,http://data.ordnancesurvey.co.uk/id/country/scotland,,,
osgb4000000074630449,http://data.ordnancesurvey.co.uk/id/4000000074630449,Bad nan Crubag,,,,landcover,Woodland Or Forest,293945,947421,2000,400000,293729,947172,294229,947672,KW13,http://data.ordnancesurvey.co.uk/id/postcodedistrict/KW13,,,,,,,Highland,http://data.ordnancesurvey.co.uk/id/7000000000186625,http://data.ordnancesurvey.co.uk/ontology/admingeo/UnitaryAuthority,Scotland,http://data.ordnancesurvey.co.uk/id/7000000000041429,Scotland,http://data.ordnancesurvey.co.uk/id/country/scotland,,,
osgb4000000074814654,http://data.ordnancesurvey.co.uk/id/4000000074814654,Caol-Loch,,,,hydrography,Inland Water,284329,958231,5000,500000,284079,957699,284579,958521,KW13,http://data.ordnancesurvey.co.uk/id/postcodedistrict/KW13,,,,,,,Highland,http://data.ordnancesurvey.co.uk/id/7000000000186625,http://data.ordnancesurvey.co.uk/ontology/admingeo/UnitaryAuthority,Scotland,http://data.ordnancesurvey.co.uk/id/7000000000041429,Scotland,http://data.ordnancesurvey.co.uk/id/country/scotland,,,
osgb4000000074761991,http://data.ordnancesurvey.co.uk/id/4000000074761991,Gleann a' Mhuilinn,,,,landform,Valley,288152,955496,1000,800000,287836,955246,288336,955746,KW13,http://data.ordnancesurvey.co.uk/id/postcodedistrict/KW13,,,,,,,Highland,http://data.ordnancesurvey.co.uk/id/7000000000186625,http://data.ordnancesurvey.co.uk/ontology/admingeo/UnitaryAuthority,Scotland,http://data.ordnancesurvey.co.uk/id/7000000000041429,Scotland,http://data.ordnancesurvey.co.uk/id/country/scotland,,,
osgb4000000074799757,http://data.ordnancesurvey.co.uk/id/4000000074799757,Lochan a' Ghlinne,,,,hydrography,Inland Water,296153,956656,1000,500000,295904,956415,296404,956915,KW13,http://data.ordnancesurvey.co.uk/id/postcodedistrict/KW13,,,,,,,Highland,http://data.ordnancesurvey.co.uk/id/7000000000186625,http://data.ordnancesurvey.co.uk/ontology/admingeo/UnitaryAuthority,Scotland,http://data.ordnancesurvey.co.uk/id/7000000000041429,Scotland,http://data.ordnancesurvey.co.uk/id/country/scotland,,,
osgb4000000074776648,http://data.ordnancesurvey.co.uk/id/4000000074776648,Cnoc Coillteil,,,,landform,Hill Or Mountain,283520,959089,1000,300000,283270,958839,283770,959339,KW14,http://data.ordnancesurvey.co.uk/id/postcodedistrict/KW14,,,,,,,Highland,http://data.ordnancesurvey.co.uk/id/7000000000186625,http://data.ordnancesurvey.co.uk/ontology/admingeo/UnitaryAuthority,Scotland,http://data.ordnancesurvey.co.uk/id/7000000000041429,Scotland,http://data.ordnancesurvey.co.uk/id/country/scotland,,,
osgb4000000074603757,http://data.ordnancesurvey.co.uk/id/4000000074603757,Meall a' Bhealaich,,,,landform,Hill Or Mountain,289348,940355,1000,300000,289098,940105,289598,940605,KW11,http://data.ordnancesurvey.co.uk/id/postcodedistrict/KW11,,,,,,,Highland,http://data.ordnancesurvey.co.uk/id/7000000000186625,http://data.ordnancesurvey.co.uk/ontology/admingeo/UnitaryAuthority,Scotland,http://data.ordnancesurvey.co.uk/id/7000000000041429,Scotland,http://data.ordnancesurvey.co.uk/id/country/scotland,,,
osgb4000000074732829,http://data.ordnancesurvey.co.uk/id/4000000074732829,Baden Dubh,,,,landcover,Other Landcover,295114,943296,4000,1300000,294856,943020,295366,943571,KW12,http://data.ordnancesurvey.co.uk/id/postcodedistrict/KW12,,,,,,,Highland,http://data.ordnancesurvey.co.uk/id/7000000000186625,http://data.ordnancesurvey.co.uk/ontology/admingeo/UnitaryAuthority,Scotland,http://data.ordnancesurvey.co.uk/id/7000000000041429,Scotland,http://data.ordnancesurvey.co.uk/id/country/scotland,,,
osgb4000000074796957,http://data.ordnancesurvey.co.uk/id/4000000074796957,Loch Coire nam Mang,,,,hydrography,Inland Water,280112,940540,6000,500000,279698,940114,280526,940965,KW11,http://data.ordnancesurvey.co.uk/id/postcodedistrict/KW11,,,,,,,Highland,http://data.ordnancesurvey.co.uk/id/7000000000186625,http://data.ordnancesurvey.co.uk/ontology/admingeo/UnitaryAuthority,Scotland,http://data.ordnancesurvey.co.uk/id/7000000000041429,Scotland,http://data.ordnancesurvey.co.uk/id/country/scotland,,,
osgb4000000074602502,http://data.ordnancesurvey.co.uk/id/4000000074602502,Mid Hill,,,,landform,Hill Or Mountain,297713,957718,1000,300000,297463,957468,297963,957968,KW14,http://data.ordnancesurvey.co.uk/id/postcodedistrict/KW14,,,,,,,Highland,http://data.ordnancesurvey.co.uk/id/7000000000186625,http://data.ordnancesurvey.co.uk/ontology/admingeo/UnitaryAuthority,Scotland,http://data.ordnancesurvey.co.uk/id/7000000000041429,Scotland,http://data.ordnancesurvey.co.uk/id/country/scotland,,,
osgb4000000074797411,http://data.ordnancesurvey.co.uk/id/4000000074797411,Loch na Cloiche,,,,hydrography,Inland Water,297527,947392,3000,500000,297279,947142,297779,947642,KW12,http://data.ordnancesurvey.co.uk/id/postcodedistrict/KW12,,,,,,,Highland,http://data.ordnancesurvey.co.uk/id/7000000000186625,http://data.ordnancesurvey.co.uk/ontology/admingeo/UnitaryAuthority,Scotland,http://data.ordnancesurvey.co.uk/id/7000000000041429,Scotland,http://data.ordnancesurvey.co.uk/id/country/scotland,,,
osgb4000000074768018,http://data.ordnancesurvey.co.uk/id/4000000074768018,Cnoc Loisgte,,,,landform,Hill Or Mountain,299813,949906,1000,300000,299563,949656,300063,950156,KW12,http://data.ordnancesurvey.co.uk/id/postcodedistrict/KW12,,,,,,,Highland,http://data.ordnancesurvey.co.uk/id/7000000000186625,http://data.ordnancesurvey.co.uk/ontology/admingeo/UnitaryAuthority,Scotland,http://data.ordnancesurvey.co.uk/id/7000000000041429,Scotland,http://data.ordnancesurvey.co.uk/id/country/scotland,,,
osgb4000000074783225,http://data.ordnancesurvey.co.uk/id/4000000074783225,Am Bodach,,,,landform,Hill Or Mountain,281967,957206,1000,300000,281717,956956,282217,957456,KW13,http://data.ordnancesurvey.co.uk/id/postcodedistrict/KW13,,,,,,,Highland,http://data.ordnancesurvey.co.uk/id/7000000000186625,http://data.ordnancesurvey.co.uk/ontology/admingeo/UnitaryAuthority,Scotland,http://data.ordnancesurvey.co.uk/id/7000000000041429,Scotland,http://data.ordnancesurvey.co.uk/id/country/scotland,,,
osgb4000000074797364,http://data.ordnancesurvey.co.uk/id/4000000074797364,Loch Bad a' Channain,,,,hydrography,Inland Water,293319,940900,1000,500000,293069,940631,293569,941131,KW12,http://data.ordnancesurvey.co.uk/id/postcodedistrict/KW12,,,,,,,Highland,http://data.ordnancesurvey.co.uk/id/7000000000186625,http://data.ordnancesurvey.co.uk/ontology/admingeo/UnitaryAuthority,Scotland,http://data.ordnancesurvey.co.uk/id/7000000000041429,Scotland,http://data.ordnancesurvey.co.uk/id/country/scotland,,,
osgb4000000074802128,http://data.ordnancesurvey.co.uk/id/4000000074802128,Poll-Ashil,,,,hydrography,Inland Water,289859,959191,1000,35000,289614,958941,290114,959441,KW13,http://data.ordnancesurvey.co.uk/id/postcodedistrict/KW13,,,,,,,Highland,http://data.ordnancesurvey.co.uk/id/7000000000186625,http://data.ordnancesurvey.co.uk/ontology/admingeo/UnitaryAuthority,Scotland,http://data.ordnancesurvey.co.uk/id/7000000000041429,Scotland,http://data.ordnancesurvey.co.uk/id/country/scotland,,,
osgb4000000074797407,http://data.ordnancesurvey.co.uk/id/4000000074797407,Lochan Dubh na Fèithe Caoile,,,,hydrography,Inland Water,298504,944254,1000,500000,298255,944004,298755,944504,KW12,http://data.ordnancesurvey.co.uk/id/postcodedistrict/KW12,,,,,,,Highland,http://data.ordnancesurvey.co.uk/id/7000000000186625,http://data.ordnancesurvey.co.uk/ontology/admingeo/UnitaryAuthority,Scotland,http://data.ordnancesurvey.co.uk/id/7000000000041429,Scotland,http://data.ordnancesurvey.co.uk/id/country/scotland,,,
osgb4000000074721127,http://data.ordnancesurvey.co.uk/id/4000000074721127,Strath Halladale,,,,landform,Valley,289672,952996,107000,800000,288089,944766,291254,961193,KW13,http://data.ordnancesurvey.co.uk/id/postcodedistrict/KW13,,,,,,,Highland,http://data.ordnancesurvey.co.uk/id/7000000000186625,http://data.ordnancesurvey.co.uk/ontology/admingeo/UnitaryAuthority,Scotland,http://data.ordnancesurvey.co.uk/id/7000000000041429,Scotland,http://data.ordnancesurvey.co.uk/id/country/scotland,,,
osgb4000000074783227,http://data.ordnancesurvey.co.uk/id/4000000074783227,Cnoc a' Bhroillich,,,,landform,Hill Or Mountain,282011,953001,1000,300000,281761,952751,282261,953251,KW13,http://data.ordnancesurvey.co.uk/id/postcodedistrict/KW13,,,,,,,Highland,http://data.ordnancesurvey.co.uk/id/7000000000186625,http://data.ordnancesurvey.co.uk/ontology/admingeo/UnitaryAuthority,Scotland,http://data.ordnancesurvey.co.uk/id/7000000000041429,Scotland,http://data.ordnancesurvey.co.uk/id/country/scotland,,,
osgb4000000074783327,http://data.ordnancesurvey.co.uk/id/4000000074783327,Cnoc Bad an Dealaid,,,,landform,Hill Or Mountain,285013,952898,1000,300000,284763,952648,285263,953148,KW13,http://data.ordnancesurvey.co.uk/id/postcodedistrict/KW13,,,,,,,Highland,http://data.ordnancesurvey.co.uk/id/7000000000186625,http://data.ordnancesurvey.co.uk/ontology/admingeo/UnitaryAuthority,Scotland,http://data.ordnancesurvey.co.uk/id/7000000000041429,Scotland,http://data.ordnancesurvey.co.uk/id/country/scotland,,,
osgb4000000074776335,http://data.ordnancesurvey.co.uk/id/4000000074776335,Cnoc an Fhithich,,,,landform,Hill Or Mountain,298069,958479,1000,300000,297819,958229,298319,958729,KW14,http://data.ordnancesurvey.co.uk/id/postcodedistrict/KW14,,,,,,,Highland,http://data.ordnancesurvey.co.uk/id/7000000000186625,http://data.ordnancesurvey.co.uk/ontology/admingeo/UnitaryAuthority,Scotland,http://data.ordnancesurvey.co.uk/id/7000000000041429,Scotland,http://data.ordnancesurvey.co.uk/id/country/scotland,,,
osgb4000000074797073,http://data.ordnancesurvey.co.uk/id/4000000074797073,Loch na Saobhaidhe,,,,hydrography,Inland Water,280017,947110,5000,500000,279746,946784,280562,947435,KW11,http://data.ordnancesurvey.co.uk/id/postcodedistrict/KW11,,,,,,,Highland,http://data.ordnancesurvey.co.uk/id/7000000000186625,http://data.ordnancesurvey.co.uk/ontology/admingeo/UnitaryAuthority,Scotland,http://data.ordnancesurvey.co.uk/id/7000000000041429,Scotland,http://data.ordnancesurvey.co.uk/id/country/scotland,,,
osgb4000000074814424,http://data.ordnancesurvey.co.uk/id/4000000074814424,Lochan Dubh,,,,hydrography,Inland Water,286928,952918,1000,500000,286678,952692,287178,953192,KW13,http://data.ordnancesurvey.co.uk/id/postcodedistrict/KW13,,,,,,,Highland,http://data.ordnancesurvey.co.uk/id/7000000000186625,http://data.ordnancesurvey.co.uk/ontology/admingeo/UnitaryAuthority,Scotland,http://data.ordnancesurvey.co.uk/id/7000000000041429,Scotland,http://data.ordnancesurvey.co.uk/id/country/scotland,,,
osgb4000000074602501,http://data.ordnancesurvey.co.uk/id/4000000074602501,Cnoc Bad Mhairtein,,,,landform,Hill Or Mountain,293206,954912,1000,300000,292956,954662,293456,955162,KW13,http://data.ordnancesurvey.co.uk/id/postcodedistrict/KW13,,,,,,,Highland,http://data.ordnancesurvey.co.uk/id/7000000000186625,http://data.ordnancesurvey.co.uk/ontology/admingeo/UnitaryAuthority,Scotland,http://data.ordnancesurvey.co.uk/id/7000000000041429,Scotland,http://data.ordnancesurvey.co.uk/id/country/scotland,,,
osgb4000000074797360,http://data.ordnancesurvey.co.uk/id/4000000074797360,Loch a' Mhadaidh,,,,hydrography,Inland Water,297981,941809,3000,500000,297777,941559,298277,942059,KW12,http://data.ordnancesurvey.co.uk/id/postcodedistrict/KW12,,,,,,,Highland,http://data.ordnancesurvey.co.uk/id/7000000000186625,http://data.ordnancesurvey.co.uk/ontology/admingeo/UnitaryAuthority,Scotland,http://data.ordnancesurvey.co.uk/id/7000000000041429,Scotland,http://data.ordnancesurvey.co.uk/id/country/scotland,,,
osgb4000000074783178,http://data.ordnancesurvey.co.uk/id/4000000074783178,Cnoc na Main,,,,landform,Hill Or Mountain,281550,954460,1000,300000,281300,954210,281800,954710,KW13,http://data.ordnancesurvey.co.uk/id/postcodedistrict/KW13,,,,,,,Highland,http://data.ordnancesurvey.co.uk/id/7000000000186625,http://data.ordnancesurvey.co.uk/ontology/admingeo/UnitaryAuthority,Scotland,http://data.ordnancesurvey.co.uk/id/7000000000041429,Scotland,http://data.ordnancesurvey.co.uk/id/country/scotland,,,
osgb4000000074800342,http://data.ordnancesurvey.co.uk/id/4000000074800342,Lochan nan Clach Geala,,,,hydrography,Inland Water,291495,959750,1000,500000,291246,959507,291746,960007,KW13,http://data.ordnancesurvey.co.uk/id/postcodedistrict/KW13,,,,,,,Highland,http://data.ordnancesurvey.co.uk/id/7000000000186625,http://data.ordnancesurvey.co.uk/ontology/admingeo/UnitaryAuthority,Scotland,http://data.ordnancesurvey.co.uk/id/7000000000041429,Scotland,http://data.ordnancesurvey.co.uk/id/country/scotland,,,
osgb4000000074776388,http://data.ordnancesurvey.co.uk/id/4000000074776388,Cnoc Fhionnlaidh,,,,landform,Hill Or Mountain,291597,955745,1000,300000,291347,955495,291847,955995,KW13,http://data.ordnancesurvey.co.uk/id/postcodedistrict/KW13,,,,,,,Highland,http://data.ordnancesurvey.co.uk/id/7000000000186625,http://data.ordnancesurvey.co.uk/ontology/admingeo/UnitaryAuthority,Scotland,http://data.ordnancesurvey.co.uk/id/7000000000041429,Scotland,http://data.ordnancesurvey.co.uk/id/country/scotland,,,
osgb4000000074630451,http://data.ordnancesurvey.co.uk/id/4000000074630451,Imriche Forest,,,,landcover,Woodland Or Forest,292152,944934,19000,400000,291160,944077,294139,945790,KW13,http://data.ordnancesurvey.co.uk/id/postcodedistrict/KW13,,,,,,,Highland,http://data.ordnancesurvey.co.uk/id/7000000000186625,http://data.ordnancesurvey.co.uk/ontology/admingeo/UnitaryAuthority,Scotland,http://data.ordnancesurvey.co.uk/id/7000000000041429,Scotland,http://data.ordnancesurvey.co.uk/id/country/scotland,,,
osgb4000000074797454,http://data.ordnancesurvey.co.uk/id/4000000074797454,Loch Sletill,,,,hydrography,Inland Water,295789,947125,5000,500000,295380,946774,296200,947477,KW12,http://data.ordnancesurvey.co.uk/id/postcodedistrict/KW12,,,,,,,Highland,http://data.ordnancesurvey.co.uk/id/7000000000186625,http://data.ordnancesurvey.co.uk/ontology/admingeo/UnitaryAuthority,Scotland,http://data.ordnancesurvey.co.uk/id/7000000000041429,Scotland,http://data.ordnancesurvey.co.uk/id/country/scotland,,,
osgb4000000074732678,http://data.ordnancesurvey.co.uk/id/4000000074732678,Bad a' Channain,,,,landcover,Other Landcover,294064,940967,3000,1300000,293816,940717,294316,941217,KW12,http://data.ordnancesurvey.co.uk/id/postcodedistrict/KW12,,,,,,,Highland,http://data.ordnancesurvey.co.uk/id/7000000000186625,http://data.ordnancesurvey.co.uk/ontology/admingeo/UnitaryAuthority,Scotland,http://data.ordnancesurvey.co.uk/id/7000000000041429,Scotland,http://data.ordnancesurvey.co.uk/id/country/scotland,,,
osgb4000000074801199,http://data.ordnancesurvey.co.uk/id/4000000074801199,Loch nan Caorach,,,,hydrography,Inland Water,281912,953657,2000,500000,281662,953400,282162,953900,KW13,http://data.ordnancesurvey.co.uk/id/postcodedistrict/KW13,,,,,,,Highland,http://data.ordnancesurvey.co.uk/id/7000000000186625,http://data.ordnancesurvey.co.uk/ontology/admingeo/UnitaryAuthority,Scotland,http://data.ordnancesurvey.co.uk/id/7000000000041429,Scotland,http://data.ordnancesurvey.co.uk/id/country/scotland,,,
osgb4000000074797455,http://data.ordnancesurvey.co.uk/id/4000000074797455,Lochan Ealach Mòr,,,,hydrography,Inland Water,296623,948127,4000,500000,296374,947799,296874,948401,KW12,http://data.ordnancesurvey.co.uk/id/postcodedistrict/KW12,,,,,,,Highland,http://data.ordnancesurvey.co.uk/id/7000000000186625,http://data.ordnancesurvey.co.uk/ontology/admingeo/UnitaryAuthority,Scotland,http://data.ordnancesurvey.co.uk/id/7000000000041429,Scotland,http://data.ordnancesurvey.co.uk/id/country/scotland,,,
osgb4000000074602920,http://data.ordnancesurvey.co.uk/id/4000000074602920,Sean Airigh,,,,landform,Hill Or Mountain,294726,958779,1000,300000,294476,958529,294976,959029,KW13,http://data.ordnancesurvey.co.uk/id/postcodedistrict/KW13,,,,,,,Highland,http://data.ordnancesurvey.co.uk/id/7000000000186625,http://data.ordnancesurvey.co.uk/ontology/admingeo/UnitaryAuthority,Scotland,http://data.ordnancesurvey.co.uk/id/7000000000041429,Scotland,http://data.ordnancesurvey.co.uk/id/country/scotland,,,
osgb4000000074799756,http://data.ordnancesurvey.co.uk/id/4000000074799756,Lochan Dubh nan Clachan Geala,,,,hydrography,Inland Water,299888,956345,1000,500000,299638,956065,300138,956565,KW14,http://data.ordnancesurvey.co.uk/id/postcodedistrict/KW14,,,,,,,Highland,http://data.ordnancesurvey.co.uk/id/7000000000186625,http://data.ordnancesurvey.co.uk/ontology/admingeo/UnitaryAuthority,Scotland,http://data.ordnancesurvey.co.uk/id/7000000000041429,Scotland,http://data.ordnancesurvey.co.uk/id/country/scotland,,,
osgb4000000074604179,http://data.ordnancesurvey.co.uk/id/4000000074604179,Cnoc Bad an Amair,,,,landform,Hill Or Mountain,285160,943471,1000,300000,284910,943221,285410,943721,KW11,http://data.ordnancesurvey.co.uk/id/postcodedistrict/KW11,,,,,,,Highland,http://data.ordnancesurvey.co.uk/id/7000000000186625,http://data.ordnancesurvey.co.uk/ontology/admingeo/UnitaryAuthority,Scotland,http://data.ordnancesurvey.co.uk/id/7000000000041429,Scotland,http://data.ordnancesurvey.co.uk/id/country/scotland,,,
osgb4000000074801939,http://data.ordnancesurvey.co.uk/id/4000000074801939,Loch nan Clach,,,,hydrography,Inland Water,286212,959062,2000,500000,285962,958819,286462,959319,KW13,http://data.ordnancesurvey.co.uk/id/postcodedistrict/KW13,,,,,,,Highland,http://data.ordnancesurvey.co.uk/id/7000000000186625,http://data.ordnancesurvey.co.uk/ontology/admingeo/UnitaryAuthority,Scotland,http://data.ordnancesurvey.co.uk/id/7000000000041429,Scotland,http://data.ordnancesurvey.co.uk/id/country/scotland,,,
osgb4000000074801782,http://data.ordnancesurvey.co.uk/id/4000000074801782,Loch a' Chlèirich,,,,hydrography,Inland Water,296047,955114,2000,500000,295801,954864,296301,955364,KW13,http://data.ordnancesurvey.co.uk/id/postcodedistrict/KW13,,,,,,,Highland,http://data.ordnancesurvey.co.uk/id/7000000000186625,http://data.ordnancesurvey.co.uk/ontology/admingeo/UnitaryAuthority,Scotland,http://data.ordnancesurvey.co.uk/id/7000000000041429,Scotland,http://data.ordnancesurvey.co.uk/id/country/scotland,,,
osgb4000000074720987,http://data.ordnancesurvey.co.uk/id/4000000074720987,Coire Rèidh a' Chruidh,,,,landform,Cirque Or Hollow,285317,945919,4000,30000,285008,945669,285627,946169,KW13,http://data.ordnancesurvey.co.uk/id/postcodedistrict/KW13,,,,,,,Highland,http://data.ordnancesurvey.co.uk/id/7000000000186625,http://data.ordnancesurvey.co.uk/ontology/admingeo/UnitaryAuthority,Scotland,http://data.ordnancesurvey.co.uk/id/7000000000041429,Scotland,http://data.ordnancesurvey.co.uk/id/country/scotland,,,
osgb4000000074776204,http://data.ordnancesurvey.co.uk/id/4000000074776204,Jock's Hillock,,,,landform,Hill Or Mountain,296489,959621,1000,300000,296239,959371,296739,959871,KW14,http://data.ordnancesurvey.co.uk/id/postcodedistrict/KW14,,,,,,,Highland,http://data.ordnancesurvey.co.uk/id/7000000000186625,http://data.ordnancesurvey.co.uk/ontology/admingeo/UnitaryAuthority,Scotland,http://data.ordnancesurvey.co.uk/id/7000000000041429,Scotland,http://data.ordnancesurvey.co.uk/id/country/scotland,,,
osgb4000000074814263,http://data.ordnancesurvey.co.uk/id/4000000074814263,Lochàn Dubha na Cloiche,,,,hydrography,Inland Water,297863,948946,2000,500000,297614,948712,298114,949212,KW12,http://data.ordnancesurvey.co.uk/id/postcodedistrict/KW12,,,,,,,Highland,http://data.ordnancesurvey.co.uk/id/7000000000186625,http://data.ordnancesurvey.co.uk/ontology/admingeo/UnitaryAuthority,Scotland,http://data.ordnancesurvey.co.uk/id/7000000000041429,Scotland,http://data.ordnancesurvey.co.uk/id/country/scotland,,,
osgb4000000074801784,http://data.ordnancesurvey.co.uk/id/4000000074801784,Loch Badaidh na Meana,,,,hydrography,Inland Water,285554,957548,3000,500000,285305,957284,285805,957784,KW13,http://data.ordnancesurvey.co.uk/id/postcodedistrict/KW13,,,,,,,Highland,http://data.ordnancesurvey.co.uk/id/7000000000186625,http://data.ordnancesurvey.co.uk/ontology/admingeo/UnitaryAuthority,Scotland,http://data.ordnancesurvey.co.uk/id/7000000000041429,Scotland,http://data.ordnancesurvey.co.uk/id/country/scotland,,,
osgb4000000074801935,http://data.ordnancesurvey.co.uk/id/4000000074801935,Loch Sàinn,,,,hydrography,Inland Water,293030,952593,7000,500000,292711,952068,293349,953129,KW13,http://data.ordnancesurvey.co.uk/id/postcodedistrict/KW13,,,,,,,Highland,http://data.ordnancesurvey.co.uk/id/7000000000186625,http://data.ordnancesurvey.co.uk/ontology/admingeo/UnitaryAuthority,Scotland,http://data.ordnancesurvey.co.uk/id/7000000000041429,Scotland,http://data.ordnancesurvey.co.uk/id/country/scotland,,,
osgb4000000074602923,http://data.ordnancesurvey.co.uk/id/4000000074602923,Bighouse Hill,,,,landform,Hill Or Mountain,288343,957030,1000,300000,288093,956780,288593,957280,KW13,http://data.ordnancesurvey.co.uk/id/postcodedistrict/KW13,,,,,,,Highland,http://data.ordnancesurvey.co.uk/id/7000000000186625,http://data.ordnancesurvey.co.uk/ontology/admingeo/UnitaryAuthority,Scotland,http://data.ordnancesurvey.co.uk/id/7000000000041429,Scotland,http://data.ordnancesurvey.co.uk/id/country/scotland,,,
osgb4000000074603758,http://data.ordnancesurvey.co.uk/id/4000000074603758,Channain Hill,,,,landform,Hill Or Mountain,293205,941330,1000,300000,292955,941080,293455,941580,KW12,http://data.ordnancesurvey.co.uk/id/postcodedistrict/KW12,,,,,,,Highland,http://data.ordnancesurvey.co.uk/id/7000000000186625,http://data.ordnancesurvey.co.uk/ontology/admingeo/UnitaryAuthority,Scotland,http://data.ordnancesurvey.co.uk/id/7000000000041429,Scotland,http://data.ordnancesurvey.co.uk/id/country/scotland,,,
osgb4000000074630796,http://data.ordnancesurvey.co.uk/id/4000000074630796,The Dyke Forest,,,,landcover,Woodland Or Forest,283418,943474,17000,400000,282308,942148,284528,944805,KW11,http://data.ordnancesurvey.co.uk/id/postcodedistrict/KW11,,,,,,,Highland,http://data.ordnancesurvey.co.uk/id/7000000000186625,http://data.ordnancesurvey.co.uk/ontology/admingeo/UnitaryAuthority,Scotland,http://data.ordnancesurvey.co.uk/id/7000000000041429,Scotland,http://data.ordnancesurvey.co.uk/id/country/scotland,,,
osgb4000000074603755,http://data.ordnancesurvey.co.uk/id/4000000074603755,Cnoc nan Gall,,,,landform,Hill Or Mountain,294144,942850,1000,300000,293894,942600,294394,943100,KW12,http://data.ordnancesurvey.co.uk/id/postcodedistrict/KW12,,,,,,,Highland,http://data.ordnancesurvey.co.uk/id/7000000000186625,http://data.ordnancesurvey.co.uk/ontology/admingeo/UnitaryAuthority,Scotland,http://data.ordnancesurvey.co.uk/id/7000000000041429,Scotland,http://data.ordnancesurvey.co.uk/id/country/scotland,,,
osgb4000000074732038,http://data.ordnancesurvey.co.uk/id/4000000074732038,Rèidh a' Chruidh,,,,landcover,Woodland Or Forest,284854,946398,7000,400000,284604,945852,285104,946951,KW13,http://data.ordnancesurvey.co.uk/id/postcodedistrict/KW13,,,,,,,Highland,http://data.ordnancesurvey.co.uk/id/7000000000186625,http://data.ordnancesurvey.co.uk/ontology/admingeo/UnitaryAuthority,Scotland,http://data.ordnancesurvey.co.uk/id/7000000000041429,Scotland,http://data.ordnancesurvey.co.uk/id/country/scotland,,,
osgb4000000074782862,http://data.ordnancesurvey.co.uk/id/4000000074782862,Cnoc Preas,,,,landform,Hill Or Mountain,298390,948850,1000,300000,298140,948600,298640,949100,KW12,http://data.ordnancesurvey.co.uk/id/postcodedistrict/KW12,,,,,,,Highland,http://data.ordnancesurvey.co.uk/id/7000000000186625,http://data.ordnancesurvey.co.uk/ontology/admingeo/UnitaryAuthority,Scotland,http://data.ordnancesurvey.co.uk/id/7000000000041429,Scotland,http://data.ordnancesurvey.co.uk/id/country/scotland,,,
osgb4000000074729488,http://data.ordnancesurvey.co.uk/id/4000000074729488,Dail na Speireig,,,,landcover,Other Landcover,290468,949343,5000,1300000,290120,949086,290823,949599,KW13,http://data.ordnancesurvey.co.uk/id/postcodedistrict/KW13,,,,,,,Highland,http://data.ordnancesurvey.co.uk/id/7000000000186625,http://data.ordnancesurvey.co.uk/ontology/admingeo/UnitaryAuthority,Scotland,http://data.ordnancesurvey.co.uk/id/7000000000041429,Scotland,http://data.ordnancesurvey.co.uk/id/country/scotland,,,
osgb4000000074801503,http://data.ordnancesurvey.co.uk/id/4000000074801503,Loch Tuim Ghlais,,,,hydrography,Inland Water,297811,952599,5000,500000,297459,952137,298162,952949,KW13,http://data.ordnancesurvey.co.uk/id/postcodedistrict/KW13,,,,,,,Highland,http://data.ordnancesurvey.co.uk/id/7000000000186625,http://data.ordnancesurvey.co.uk/ontology/admingeo/UnitaryAuthority,Scotland,http://data.ordnancesurvey.co.uk/id/7000000000041429,Scotland,http://data.ordnancesurvey.co.uk/id/country/scotland,,,
osgb4000000074630448,http://data.ordnancesurvey.co.uk/id/4000000074630448,The Hope Forest,,,,landcover,Woodland Or Forest,292065,940865,4000,400000,291714,940615,292288,941115,KW12,http://data.ordnancesurvey.co.uk/id/postcodedistrict/KW12,,,,,,,Highland,http://data.ordnancesurvey.co.uk/id/7000000000186625,http://data.ordnancesurvey.co.uk/ontology/admingeo/UnitaryAuthority,Scotland,http://data.ordnancesurvey.co.uk/id/7000000000041429,Scotland,http://data.ordnancesurvey.co.uk/id/country/scotland,,,
osgb4000000074801649,http://data.ordnancesurvey.co.uk/id/4000000074801649,Lochan Dubh Cùl na Beinne,,,,hydrography,Inland Water,298450,954349,3000,500000,298200,954085,298700,954585,KW14,http://data.ordnancesurvey.co.uk/id/postcodedistrict/KW14,,,,,,,Highland,http://data.ordnancesurvey.co.uk/id/7000000000186625,http://data.ordnancesurvey.co.uk/ontology/admingeo/UnitaryAuthority,Scotland,http://data.ordnancesurvey.co.uk/id/7000000000041429,Scotland,http://data.ordnancesurvey.co.uk/id/country/scotland,,,
osgb4000000074783226,http://data.ordnancesurvey.co.uk/id/4000000074783226,Cnoc a' Mhuilinn,,,,landform,Hill Or Mountain,288100,955850,1000,300000,287850,955600,288350,956100,KW13,http://data.ordnancesurvey.co.uk/id/postcodedistrict/KW13,,,,,,,Highland,http://data.ordnancesurvey.co.uk/id/7000000000186625,http://data.ordnancesurvey.co.uk/ontology/admingeo/UnitaryAuthority,Scotland,http://data.ordnancesurvey.co.uk/id/7000000000041429,Scotland,http://data.ordnancesurvey.co.uk/id/country/scotland,,,
osgb4000000074602498,http://data.ordnancesurvey.co.uk/id/4000000074602498,Cnoc Maol Donn,,,,landform,Hill Or Mountain,298064,956207,1000,300000,297814,955957,298314,956457,KW14,http://data.ordnancesurvey.co.uk/id/postcodedistrict/KW14,,,,,,,Highland,http://data.ordnancesurvey.co.uk/id/7000000000186625,http://data.ordnancesurvey.co.uk/ontology/admingeo/UnitaryAuthority,Scotland,http://data.ordnancesurvey.co.uk/id/7000000000041429,Scotland,http://data.ordnancesurvey.co.uk/id/country/scotland,,,
osgb4000000074604176,http://data.ordnancesurvey.co.uk/id/4000000074604176,Sletill Hill,,,,landform,Hill Or Mountain,292933,946528,1000,300000,292683,946278,293183,946778,KW13,http://data.ordnancesurvey.co.uk/id/postcodedistrict/KW13,,,,,,,Highland,http://data.ordnancesurvey.co.uk/id/7000000000186625,http://data.ordnancesurvey.co.uk/ontology/admingeo/UnitaryAuthority,Scotland,http://data.ordnancesurvey.co.uk/id/7000000000041429,Scotland,http://data.ordnancesurvey.co.uk/id/country/scotland,,,
osgb4000000074800910,http://data.ordnancesurvey.co.uk/id/4000000074800910,Loch a' Mhuilinn,,,,hydrography,Inland Water,287405,956208,3000,500000,287151,955958,287651,956458,KW13,http://data.ordnancesurvey.co.uk/id/postcodedistrict/KW13,,,,,,,Highland,http://data.ordnancesurvey.co.uk/id/7000000000186625,http://data.ordnancesurvey.co.uk/ontology/admingeo/UnitaryAuthority,Scotland,http://data.ordnancesurvey.co.uk/id/7000000000041429,Scotland,http://data.ordnancesurvey.co.uk/id/country/scotland,,,
osgb4000000074602500,http://data.ordnancesurvey.co.uk/id/4000000074602500,Cnoc Mairi Mùileir,,,,landform,Hill Or Mountain,295289,955162,1000,300000,295039,954912,295539,955412,KW13,http://data.ordnancesurvey.co.uk/id/postcodedistrict/KW13,,,,,,,Highland,http://data.ordnancesurvey.co.uk/id/7000000000186625,http://data.ordnancesurvey.co.uk/ontology/admingeo/UnitaryAuthority,Scotland,http://data.ordnancesurvey.co.uk/id/7000000000041429,Scotland,http://data.ordnancesurvey.co.uk/id/country/scotland,,,
osgb4000000074600466,http://data.ordnancesurvey.co.uk/id/4000000074600466,Cnoc an Fhreiceadain,,,,landform,Hill Or Mountain,288717,953873,1000,300000,288467,953623,288967,954123,KW13,http://data.ordnancesurvey.co.uk/id/postcodedistrict/KW13,,,,,,,Highland,http://data.ordnancesurvey.co.uk/id/7000000000186625,http://data.ordnancesurvey.co.uk/ontology/admingeo/UnitaryAuthority,Scotland,http://data.ordnancesurvey.co.uk/id/7000000000041429,Scotland,http://data.ordnancesurvey.co.uk/id/country/scotland,,,
osgb4000000074797409,http://data.ordnancesurvey.co.uk/id/4000000074797409,Loch Lèir,,,,hydrography,Inland Water,295546,945826,3000,500000,295306,945576,295806,946076,KW12,http://data.ordnancesurvey.co.uk/id/postcodedistrict/KW12,,,,,,,Highland,http://data.ordnancesurvey.co.uk/id/7000000000186625,http://data.ordnancesurvey.co.uk/ontology/admingeo/UnitaryAuthority,Scotland,http://data.ordnancesurvey.co.uk/id/7000000000041429,Scotland,http://data.ordnancesurvey.co.uk/id/country/scotland,,,
osgb4000000074810172,http://data.ordnancesurvey.co.uk/id/4000000074810172,Beinn Ruadh,,,,landform,Hill Or Mountain,284478,959862,1000,300000,284228,959612,284728,960112,KW14,http://data.ordnancesurvey.co.uk/id/postcodedistrict/KW14,,,,,,,Highland,http://data.ordnancesurvey.co.uk/id/7000000000186625,http://data.ordnancesurvey.co.uk/ontology/admingeo/UnitaryAuthority,Scotland,http://data.ordnancesurvey.co.uk/id/7000000000041429,Scotland,http://data.ordnancesurvey.co.uk/id/country/scotland,,,
osgb4000000074797529,http://data.ordnancesurvey.co.uk/id/4000000074797529,Lochan Dubh Pris Chaoil,,,,hydrography,Inland Water,292646,949717,1000,500000,292396,949467,292896,949967,KW13,http://data.ordnancesurvey.co.uk/id/postcodedistrict/KW13,,,,,,,Highland,http://data.ordnancesurvey.co.uk/id/7000000000186625,http://data.ordnancesurvey.co.uk/ontology/admingeo/UnitaryAuthority,Scotland,http://data.ordnancesurvey.co.uk/id/7000000000041429,Scotland,http://data.ordnancesurvey.co.uk/id/country/scotland,,,
osgb4000000074797034,http://data.ordnancesurvey.co.uk/id/4000000074797034,Loch Cròcach,,,,hydrography,Inland Water,280469,943812,7000,500000,279789,943394,280798,944231,KW11,http://data.ordnancesurvey.co.uk/id/postcodedistrict/KW11,,,,,,,Highland,http://data.ordnancesurvey.co.uk/id/7000000000186625,http://data.ordnancesurvey.co.uk/ontology/admingeo/UnitaryAuthority,Scotland,http://data.ordnancesurvey.co.uk/id/7000000000041429,Scotland,http://data.ordnancesurvey.co.uk/id/country/scotland,,,
osgb4000000074776590,http://data.ordnancesurvey.co.uk/id/4000000074776590,Sìdhean Cùl na Beinne,,,,landform,Hill Or Mountain,299580,954669,1000,300000,299330,954419,299830,954919,KW14,http://data.ordnancesurvey.co.uk/id/postcodedistrict/KW14,,,,,,,Highland,http://data.ordnancesurvey.co.uk/id/7000000000186625,http://data.ordnancesurvey.co.uk/ontology/admingeo/UnitaryAuthority,Scotland,http://data.ordnancesurvey.co.uk/id/7000000000041429,Scotland,http://data.ordnancesurvey.co.uk/id/country/scotland,,,
osgb4000000074801200,http://data.ordnancesurvey.co.uk/id/4000000074801200,Loch a' Bhroillich,,,,hydrography,Inland Water,281498,953869,1000,500000,281238,953619,281738,954119,KW13,http://data.ordnancesurvey.co.uk/id/postcodedistrict/KW13,,,,,,,Highland,http://data.ordnancesurvey.co.uk/id/7000000000186625,http://data.ordnancesurvey.co.uk/ontology/admingeo/UnitaryAuthority,Scotland,http://data.ordnancesurvey.co.uk/id/7000000000041429,Scotland,http://data.ordnancesurvey.co.uk/id/country/scotland,,,
osgb4000000074801202,http://data.ordnancesurvey.co.uk/id/4000000074801202,Lochan na Ceàrdaich,,,,hydrography,Inland Water,283838,954980,2000,500000,283588,954724,284088,955224,KW13,http://data.ordnancesurvey.co.uk/id/postcodedistrict/KW13,,,,,,,Highland,http://data.ordnancesurvey.co.uk/id/7000000000186625,http://data.ordnancesurvey.co.uk/ontology/admingeo/UnitaryAuthority,Scotland,http://data.ordnancesurvey.co.uk/id/7000000000041429,Scotland,http://data.ordnancesurvey.co.uk/id/country/scotland,,,
osgb4000000074807453,http://data.ordnancesurvey.co.uk/id/4000000074807453,Poll a' Chull,,,,hydrography,Inland Water,290324,959753,1000,35000,290074,959560,290574,960060,KW13,http://data.ordnancesurvey.co.uk/id/postcodedistrict/KW13,,,,,,,Highland,http://data.ordnancesurvey.co.uk/id/7000000000186625,http://data.ordnancesurvey.co.uk/ontology/admingeo/UnitaryAuthority,Scotland,http://data.ordnancesurvey.co.uk/id/7000000000041429,Scotland,http://data.ordnancesurvey.co.uk/id/country/scotland,,,
osgb4000000074797361,http://data.ordnancesurvey.co.uk/id/4000000074797361,Loch Eun,,,,hydrography,Inland Water,298331,942461,2000,500000,298095,942212,298595,942712,KW12,http://data.ordnancesurvey.co.uk/id/postcodedistrict/KW12,,,,,,,Highland,http://data.ordnancesurvey.co.uk/id/7000000000186625,http://data.ordnancesurvey.co.uk/ontology/admingeo/UnitaryAuthority,Scotland,http://data.ordnancesurvey.co.uk/id/7000000000041429,Scotland,http://data.ordnancesurvey.co.uk/id/country/scotland,,,
osgb4000000074797362,http://data.ordnancesurvey.co.uk/id/4000000074797362,Loch Rumsdale,,,,hydrography,Inland Water,296792,941854,3000,500000,296542,941603,297042,942103,KW12,http://data.ordnancesurvey.co.uk/id/postcodedistrict/KW12,,,,,,,Highland,http://data.ordnancesurvey.co.uk/id/7000000000186625,http://data.ordnancesurvey.co.uk/ontology/admingeo/UnitaryAuthority,Scotland,http://data.ordnancesurvey.co.uk/id/7000000000041429,Scotland,http://data.ordnancesurvey.co.uk/id/country/scotland,,,
osgb4000000074720449,http://data.ordnancesurvey.co.uk/id/4000000074720449,Coire Dorch,,,,landform,Cirque Or Hollow,283654,941407,4000,30000,283404,941119,283904,941680,KW11,http://data.ordnancesurvey.co.uk/id/postcodedistrict/KW11,,,,,,,Highland,http://data.ordnancesurvey.co.uk/id/7000000000186625,http://data.ordnancesurvey.co.uk/ontology/admingeo/UnitaryAuthority,Scotland,http://data.ordnancesurvey.co.uk/id/7000000000041429,Scotland,http://data.ordnancesurvey.co.uk/id/country/scotland,,,
osgb4000000074801648,http://data.ordnancesurvey.co.uk/id/4000000074801648,Loch Saird,,,,hydrography,Inland Water,294514,951984,5000,500000,294262,951642,294766,952428,KW13,http://data.ordnancesurvey.co.uk/id/postcodedistrict/KW13,,,,,,,Highland,http://data.ordnancesurvey.co.uk/id/7000000000186625,http://data.ordnancesurvey.co.uk/ontology/admingeo/UnitaryAuthority,Scotland,http://data.ordnancesurvey.co.uk/id/7000000000041429,Scotland,http://data.ordnancesurvey.co.uk/id/country/scotland,,,
osgb4000000074801938,http://data.ordnancesurvey.co.uk/id/4000000074801938,Loch nan Gall,,,,hydrography,Inland Water,286795,957905,5000,500000,286545,957566,287045,958367,KW13,http://data.ordnancesurvey.co.uk/id/postcodedistrict/KW13,,,,,,,Highland,http://data.ordnancesurvey.co.uk/id/7000000000186625,http://data.ordnancesurvey.co.uk/ontology/admingeo/UnitaryAuthority,Scotland,http://data.ordnancesurvey.co.uk/id/7000000000041429,Scotland,http://data.ordnancesurvey.co.uk/id/country/scotland,,,
osgb4000000074799910,http://data.ordnancesurvey.co.uk/id/4000000074799910,Loch nan Geadh,,,,hydrography,Inland Water,292396,957817,2000,500000,292147,957536,292647,958036,KW13,http://data.ordnancesurvey.co.uk/id/postcodedistrict/KW13,,,,,,,Highland,http://data.ordnancesurvey.co.uk/id/7000000000186625,http://data.ordnancesurvey.co.uk/ontology/admingeo/UnitaryAuthority,Scotland,http://data.ordnancesurvey.co.uk/id/7000000000041429,Scotland,http://data.ordnancesurvey.co.uk/id/country/scotland,,,
osgb4000000074814357,http://data.ordnancesurvey.co.uk/id/4000000074814357,Lochan nan Clach Geala,,,,hydrography,Inland Water,284099,952433,1000,500000,283849,952183,284349,952683,KW13,http://data.ordnancesurvey.co.uk/id/postcodedistrict/KW13,,,,,,,Highland,http://data.ordnancesurvey.co.uk/id/7000000000186625,http://data.ordnancesurvey.co.uk/ontology/admingeo/UnitaryAuthority,Scotland,http://data.ordnancesurvey.co.uk/id/7000000000041429,Scotland,http://data.ordnancesurvey.co.uk/id/country/scotland,,,
osgb4000000074797033,http://data.ordnancesurvey.co.uk/id/4000000074797033,Loch nam Breac,,,,hydrography,Inland Water,282640,947958,7000,500000,282328,947460,282951,948554,KW13,http://data.ordnancesurvey.co.uk/id/postcodedistrict/KW13,,,,,,,Highland,http://data.ordnancesurvey.co.uk/id/7000000000186625,http://data.ordnancesurvey.co.uk/ontology/admingeo/UnitaryAuthority,Scotland,http://data.ordnancesurvey.co.uk/id/7000000000041429,Scotland,http://data.ordnancesurvey.co.uk/id/country/scotland,,,
osgb4000000074800499,http://data.ordnancesurvey.co.uk/id/4000000074800499,Loch an Ruidhean-eòrna,,,,hydrography,Inland Water,286668,950985,2000,500000,286418,950715,286918,951215,KW13,http://data.ordnancesurvey.co.uk/id/postcodedistrict/KW13,,,,,,,Highland,http://data.ordnancesurvey.co.uk/id/7000000000186625,http://data.ordnancesurvey.co.uk/ontology/admingeo/UnitaryAuthority,Scotland,http://data.ordnancesurvey.co.uk/id/7000000000041429,Scotland,http://data.ordnancesurvey.co.uk/id/country/scotland,,,
osgb4000000074800345,http://data.ordnancesurvey.co.uk/id/4000000074800345,Achiemore Pool,,,,hydrography,Inland Water,289335,958580,4000,35000,289085,958295,289585,958853,KW13,http://data.ordnancesurvey.co.uk/id/postcodedistrict/KW13,,,,,,,Highland,http://data.ordnancesurvey.co.uk/id/7000000000186625,http://data.ordnancesurvey.co.uk/ontology/admingeo/UnitaryAuthority,Scotland,http://data.ordnancesurvey.co.uk/id/7000000000041429,Scotland,http://data.ordnancesurvey.co.uk/id/country/scotland,,,
osgb4000000074801941,http://data.ordnancesurvey.co.uk/id/4000000074801941,Loch na h-Eaglaise Mòr,,,,hydrography,Inland Water,286115,959868,5000,500000,285865,959457,286365,960291,KW13,http://data.ordnancesurvey.co.uk/id/postcodedistrict/KW13,,,,,,,Highland,http://data.ordnancesurvey.co.uk/id/7000000000186625,http://data.ordnancesurvey.co.uk/ontology/admingeo/UnitaryAuthority,Scotland,http://data.ordnancesurvey.co.uk/id/7000000000041429,Scotland,http://data.ordnancesurvey.co.uk/id/country/scotland,,,
osgb4000000074645581,http://data.ordnancesurvey.co.uk/id/4000000074645581,Dry Burn Forest,,,,landcover,Woodland Or Forest,281488,946863,20000,400000,280593,945359,283305,948368,KW11,http://data.ordnancesurvey.co.uk/id/postcodedistrict/KW11,,,,,,,Highland,http://data.ordnancesurvey.co.uk/id/7000000000186625,http://data.ordnancesurvey.co.uk/ontology/admingeo/UnitaryAuthority,Scotland,http://data.ordnancesurvey.co.uk/id/7000000000041429,Scotland,http://data.ordnancesurvey.co.uk/id/country/scotland,,,
osgb4000000074783228,http://data.ordnancesurvey.co.uk/id/4000000074783228,Trantlemore Hill,,,,landcover,Other Landcover,288702,952861,1000,1300000,288452,952611,288952,953111,KW13,http://data.ordnancesurvey.co.uk/id/postcodedistrict/KW13,,,,,,,Highland,http://data.ordnancesurvey.co.uk/id/7000000000186625,http://data.ordnancesurvey.co.uk/ontology/admingeo/UnitaryAuthority,Scotland,http://data.ordnancesurvey.co.uk/id/7000000000041429,Scotland,http://data.ordnancesurvey.co.uk/id/country/scotland,,,
osgb4000000074778023,http://data.ordnancesurvey.co.uk/id/4000000074778023,Forsinain Hill,,,,landform,Hill Or Mountain,291613,949594,1000,300000,291363,949344,291863,949844,KW13,http://data.ordnancesurvey.co.uk/id/postcodedistrict/KW13,,,,,,,Highland,http://data.ordnancesurvey.co.uk/id/7000000000186625,http://data.ordnancesurvey.co.uk/ontology/admingeo/UnitaryAuthority,Scotland,http://data.ordnancesurvey.co.uk/id/7000000000041429,Scotland,http://data.ordnancesurvey.co.uk/id/country/scotland,,,
osgb4000000074776544,http://data.ordnancesurvey.co.uk/id/4000000074776544,Cnoc Pris Chaoil,,,,landform,Hill Or Mountain,292759,951327,1000,300000,292509,951077,293009,951577,KW13,http://data.ordnancesurvey.co.uk/id/postcodedistrict/KW13,,,,,,,Highland,http://data.ordnancesurvey.co.uk/id/7000000000186625,http://data.ordnancesurvey.co.uk/ontology/admingeo/UnitaryAuthority,Scotland,http://data.ordnancesurvey.co.uk/id/7000000000041429,Scotland,http://data.ordnancesurvey.co.uk/id/country/scotland,,,
osgb4000000074729487,http://data.ordnancesurvey.co.uk/id/4000000074729487,Dail Mèilich,,,,landcover,Other Landcover,290688,948313,3000,1300000,290413,948063,290913,948563,KW13,http://data.ordnancesurvey.co.uk/id/postcodedistrict/KW13,,,,,,,Highland,http://data.ordnancesurvey.co.uk/id/7000000000186625,http://data.ordnancesurvey.co.uk/ontology/admingeo/UnitaryAuthority,Scotland,http://data.ordnancesurvey.co.uk/id/7000000000041429,Scotland,http://data.ordnancesurvey.co.uk/id/country/scotland,,,
osgb4000000074600468,http://data.ordnancesurvey.co.uk/id/4000000074600468,Cnoc na Ceàrdaich,,,,landform,Hill Or Mountain,283905,955420,1000,300000,283655,955170,284155,955670,KW13,http://data.ordnancesurvey.co.uk/id/postcodedistrict/KW13,,,,,,,Highland,http://data.ordnancesurvey.co.uk/id/7000000000186625,http://data.ordnancesurvey.co.uk/ontology/admingeo/UnitaryAuthority,Scotland,http://data.ordnancesurvey.co.uk/id/7000000000041429,Scotland,http://data.ordnancesurvey.co.uk/id/country/scotland,,,
osgb4000000074721126,http://data.ordnancesurvey.co.uk/id/4000000074721126,Gleann Chorcaill,,,,landform,Valley,296786,957337,7000,800000,296482,956845,297090,957890,KW14,http://data.ordnancesurvey.co.uk/id/postcodedistrict/KW14,,,,,,,Highland,http://data.ordnancesurvey.co.uk/id/7000000000186625,http://data.ordnancesurvey.co.uk/ontology/admingeo/UnitaryAuthority,Scotland,http://data.ordnancesurvey.co.uk/id/7000000000041429,Scotland,http://data.ordnancesurvey.co.uk/id/country/scotland,,,
osgb4000000074630473,http://data.ordnancesurvey.co.uk/id/4000000074630473,Strathy Forest,,,,landcover,Woodland Or Forest,281223,957655,63000,400000,279026,953966,283420,963653,KW14,http://data.ordnancesurvey.co.uk/id/postcodedistrict/KW14,,,,,,,Highland,http://data.ordnancesurvey.co.uk/id/7000000000186625,http://data.ordnancesurvey.co.uk/ontology/admingeo/UnitaryAuthority,Scotland,http://data.ordnancesurvey.co.uk/id/7000000000041429,Scotland,http://data.ordnancesurvey.co.uk/id/country/scotland,,,
osgb4000000074783177,http://data.ordnancesurvey.co.uk/id/4000000074783177,Druim Dubh,,,,landform,Hill Or Mountain,282174,954961,1000,300000,281924,954711,282424,955211,KW13,http://data.ordnancesurvey.co.uk/id/postcodedistrict/KW13,,,,,,,Highland,http://data.ordnancesurvey.co.uk/id/7000000000186625,http://data.ordnancesurvey.co.uk/ontology/admingeo/UnitaryAuthority,Scotland,http://data.ordnancesurvey.co.uk/id/7000000000041429,Scotland,http://data.ordnancesurvey.co.uk/id/country/scotland,,,
osgb4000000074801052,http://data.ordnancesurvey.co.uk/id/4000000074801052,Loch an Fheòir,,,,hydrography,Inland Water,284437,956218,2000,500000,284229,955968,284729,956468,KW13,http://data.ordnancesurvey.co.uk/id/postcodedistrict/KW13,,,,,,,Highland,http://data.ordnancesurvey.co.uk/id/7000000000186625,http://data.ordnancesurvey.co.uk/ontology/admingeo/UnitaryAuthority,Scotland,http://data.ordnancesurvey.co.uk/id/7000000000041429,Scotland,http://data.ordnancesurvey.co.uk/id/country/scotland,,,
osgb4000000074776649,http://data.ordnancesurvey.co.uk/id/4000000074776649,Cnoc a' Mheoir Dhuibh,,,,landform,Hill Or Mountain,293880,950740,1000,300000,293630,950490,294130,950990,KW13,http://data.ordnancesurvey.co.uk/id/postcodedistrict/KW13,,,,,,,Highland,http://data.ordnancesurvey.co.uk/id/7000000000186625,http://data.ordnancesurvey.co.uk/ontology/admingeo/UnitaryAuthority,Scotland,http://data.ordnancesurvey.co.uk/id/7000000000041429,Scotland,http://data.ordnancesurvey.co.uk/id/country/scotland,,,
osgb4000000074777916,http://data.ordnancesurvey.co.uk/id/4000000074777916,Cnoc a' Bhreun-bhaid,,,,landform,Hill Or Mountain,285443,944934,1000,300000,285193,944684,285693,945184,KW13,http://data.ordnancesurvey.co.uk/id/postcodedistrict/KW13,,,,,,,Highland,http://data.ordnancesurvey.co.uk/id/7000000000186625,http://data.ordnancesurvey.co.uk/ontology/admingeo/UnitaryAuthority,Scotland,http://data.ordnancesurvey.co.uk/id/7000000000041429,Scotland,http://data.ordnancesurvey.co.uk/id/country/scotland,,,
osgb4000000074645579,http://data.ordnancesurvey.co.uk/id/4000000074645579,Woodcock Hill Forest,,,,landcover,Woodland Or Forest,288850,947398,22000,400000,287536,946017,290163,949470,KW13,http://data.ordnancesurvey.co.uk/id/postcodedistrict/KW13,,,,,,,Highland,http://data.ordnancesurvey.co.uk/id/7000000000186625,http://data.ordnancesurvey.co.uk/ontology/admingeo/UnitaryAuthority,Scotland,http://data.ordnancesurvey.co.uk/id/7000000000041429,Scotland,http://data.ordnancesurvey.co.uk/id/country/scotland,,,
osgb4000000074604595,http://data.ordnancesurvey.co.uk/id/4000000074604595,Cnoc Ghual,,,,landform,Hill Or Mountain,283971,949524,1000,300000,283721,949274,284221,949774,KW13,http://data.ordnancesurvey.co.uk/id/postcodedistrict/KW13,,,,,,,Highland,http://data.ordnancesurvey.co.uk/id/7000000000186625,http://data.ordnancesurvey.co.uk/ontology/admingeo/UnitaryAuthority,Scotland,http://data.ordnancesurvey.co.uk/id/7000000000041429,Scotland,http://data.ordnancesurvey.co.uk/id/country/scotland,,,
osgb4000000074732677,http://data.ordnancesurvey.co.uk/id/4000000074732677,Dail Chianrain,,,,landcover,Other Landcover,298329,940752,6000,1300000,297813,940502,298737,941002,KW12,http://data.ordnancesurvey.co.uk/id/postcodedistrict/KW12,,,,,,,Highland,http://data.ordnancesurvey.co.uk/id/7000000000186625,http://data.ordnancesurvey.co.uk/ontology/admingeo/UnitaryAuthority,Scotland,http://data.ordnancesurvey.co.uk/id/7000000000041429,Scotland,http://data.ordnancesurvey.co.uk/id/country/scotland,,,
osgb4000000074800768,http://data.ordnancesurvey.co.uk/id/4000000074800768,Loch Badaireach na Gaoithe,,,,hydrography,Inland Water,284389,951047,2000,500000,284139,950766,284639,951266,KW13,http://data.ordnancesurvey.co.uk/id/postcodedistrict/KW13,,,,,,,Highland,http://data.ordnancesurvey.co.uk/id/7000000000186625,http://data.ordnancesurvey.co.uk/ontology/admingeo/UnitaryAuthority,Scotland,http://data.ordnancesurvey.co.uk/id/7000000000041429,Scotland,http://data.ordnancesurvey.co.uk/id/country/scotland,,,
osgb4000000074797032,http://data.ordnancesurvey.co.uk/id/4000000074797032,Loch Dubh,,,,hydrography,Inland Water,281523,947476,2000,500000,281273,947216,281773,947716,KW11,http://data.ordnancesurvey.co.uk/id/postcodedistrict/KW11,,,,,,,Highland,http://data.ordnancesurvey.co.uk/id/7000000000186625,http://data.ordnancesurvey.co.uk/ontology/admingeo/UnitaryAuthority,Scotland,http://data.ordnancesurvey.co.uk/id/7000000000041429,Scotland,http://data.ordnancesurvey.co.uk/id/country/scotland,,,
osgb4000000074797456,http://data.ordnancesurvey.co.uk/id/4000000074797456,Loch Talaheel,,,,hydrography,Inland Water,295543,948897,2000,500000,295293,948631,295793,949131,KW13,http://data.ordnancesurvey.co.uk/id/postcodedistrict/KW13,,,,,,,Highland,http://data.ordnancesurvey.co.uk/id/7000000000186625,http://data.ordnancesurvey.co.uk/ontology/admingeo/UnitaryAuthority,Scotland,http://data.ordnancesurvey.co.uk/id/7000000000041429,Scotland,http://data.ordnancesurvey.co.uk/id/country/scotland,,,
osgb4000000074801937,http://data.ordnancesurvey.co.uk/id/4000000074801937,Loch nan Eun,,,,hydrography,Inland Water,292822,954824,1000,500000,292572,954607,293072,955107,KW13,http://data.ordnancesurvey.co.uk/id/postcodedistrict/KW13,,,,,,,Highland,http://data.ordnancesurvey.co.uk/id/7000000000186625,http://data.ordnancesurvey.co.uk/ontology/admingeo/UnitaryAuthority,Scotland,http://data.ordnancesurvey.co.uk/id/7000000000041429,Scotland,http://data.ordnancesurvey.co.uk/id/country/scotland,,,
osgb4000000074776442,http://data.ordnancesurvey.co.uk/id/4000000074776442,Cnoc na Claise Luachraich,,,,landform,Hill Or Mountain,292875,954501,1000,300000,292625,954251,293125,954751,KW13,http://data.ordnancesurvey.co.uk/id/postcodedistrict/KW13,,,,,,,Highland,http://data.ordnancesurvey.co.uk/id/7000000000186625,http://data.ordnancesurvey.co.uk/ontology/admingeo/UnitaryAuthority,Scotland,http://data.ordnancesurvey.co.uk/id/7000000000041429,Scotland,http://data.ordnancesurvey.co.uk/id/country/scotland,,,
osgb4000000074797410,http://data.ordnancesurvey.co.uk/id/4000000074797410,Loch Alltain Duibh,,,,hydrography,Inland Water,299117,948017,1000,500000,298868,947767,299368,948267,KW12,http://data.ordnancesurvey.co.uk/id/postcodedistrict/KW12,,,,,,,Highland,http://data.ordnancesurvey.co.uk/id/7000000000186625,http://data.ordnancesurvey.co.uk/ontology/admingeo/UnitaryAuthority,Scotland,http://data.ordnancesurvey.co.uk/id/7000000000041429,Scotland,http://data.ordnancesurvey.co.uk/id/country/scotland,,,
osgb4000000074776650,http://data.ordnancesurvey.co.uk/id/4000000074776650,Cnoc Lochan nan Clach Geala,,,,landform,Hill Or Mountain,293780,950100,1000,300000,293530,949850,294030,950350,KW13,http://data.ordnancesurvey.co.uk/id/postcodedistrict/KW13,,,,,,,Highland,http://data.ordnancesurvey.co.uk/id/7000000000186625,http://data.ordnancesurvey.co.uk/ontology/admingeo/UnitaryAuthority,Scotland,http://data.ordnancesurvey.co.uk/id/7000000000041429,Scotland,http://data.ordnancesurvey.co.uk/id/country/scotland,,,
osgb4000000074602496,http://data.ordnancesurvey.co.uk/id/4000000074602496,Cnoc nan Sguabag,,,,landform,Hill Or Mountain,295151,951047,1000,300000,294901,950797,295401,951297,KW13,http://data.ordnancesurvey.co.uk/id/postcodedistrict/KW13,,,,,,,Highland,http://data.ordnancesurvey.co.uk/id/7000000000186625,http://data.ordnancesurvey.co.uk/ontology/admingeo/UnitaryAuthority,Scotland,http://data.ordnancesurvey.co.uk/id/7000000000041429,Scotland,http://data.ordnancesurvey.co.uk/id/country/scotland,,,
osgb4000000074776337,http://data.ordnancesurvey.co.uk/id/4000000074776337,Cnoc an Eich,,,,landform,Hill Or Mountain,298470,957690,1000,300000,298220,957440,298720,957940,KW14,http://data.ordnancesurvey.co.uk/id/postcodedistrict/KW14,,,,,,,Highland,http://data.ordnancesurvey.co.uk/id/7000000000186625,http://data.ordnancesurvey.co.uk/ontology/admingeo/UnitaryAuthority,Scotland,http://data.ordnancesurvey.co.uk/id/7000000000041429,Scotland,http://data.ordnancesurvey.co.uk/id/country/scotland,,,
osgb4000000074732362,http://data.ordnancesurvey.co.uk/id/4000000074732362,Coille Ghasgaig,,,,landcover,Other Landcover,289510,950656,9000,1300000,289260,949940,289760,951331,KW13,http://data.ordnancesurvey.co.uk/id/postcodedistrict/KW13,,,,,,,Highland,http://data.ordnancesurvey.co.uk/id/7000000000186625,http://data.ordnancesurvey.co.uk/ontology/admingeo/UnitaryAuthority,Scotland,http://data.ordnancesurvey.co.uk/id/7000000000041429,Scotland,http://data.ordnancesurvey.co.uk/id/country/scotland,,,
osgb4000000074801201,http://data.ordnancesurvey.co.uk/id/4000000074801201,Loch na Main,,,,hydrography,Inland Water,281980,954370,2000,500000,281730,954121,282230,954621,KW13,http://data.ordnancesurvey.co.uk/id/postcodedistrict/KW13,,,,,,,Highland,http://data.ordnancesurvey.co.uk/id/7000000000186625,http://data.ordnancesurvey.co.uk/ontology/admingeo/UnitaryAuthority,Scotland,http://data.ordnancesurvey.co.uk/id/7000000000041429,Scotland,http://data.ordnancesurvey.co.uk/id/country/scotland,,,
osgb4000000074602499,http://data.ordnancesurvey.co.uk/id/4000000074602499,Cnoc an Fhuarain Bhàin,,,,landform,Hill Or Mountain,295267,953283,1000,300000,295017,953033,295517,953533,KW13,http://data.ordnancesurvey.co.uk/id/postcodedistrict/KW13,,,,,,,Highland,http://data.ordnancesurvey.co.uk/id/7000000000186625,http://data.ordnancesurvey.co.uk/ontology/admingeo/UnitaryAuthority,Scotland,http://data.ordnancesurvey.co.uk/id/7000000000041429,Scotland,http://data.ordnancesurvey.co.uk/id/country/scotland,,,
osgb4000000074604180,http://data.ordnancesurvey.co.uk/id/4000000074604180,Ben Griam Beg,,,,landform,Hill Or Mountain,283179,941177,1000,300000,282929,940927,283429,941427,KW11,http://data.ordnancesurvey.co.uk/id/postcodedistrict/KW11,,,,,,,Highland,http://data.ordnancesurvey.co.uk/id/7000000000186625,http://data.ordnancesurvey.co.uk/ontology/admingeo/UnitaryAuthority,Scotland,http://data.ordnancesurvey.co.uk/id/7000000000041429,Scotland,http://data.ordnancesurvey.co.uk/id/country/scotland,,,
osgb4000000074603754,http://data.ordnancesurvey.co.uk/id/4000000074603754,Cnoc Seasaimh,,,,landform,Hill Or Mountain,299378,942928,1000,300000,299128,942678,299628,943178,KW12,http://data.ordnancesurvey.co.uk/id/postcodedistrict/KW12,,,,,,,Highland,http://data.ordnancesurvey.co.uk/id/7000000000186625,http://data.ordnancesurvey.co.uk/ontology/admingeo/UnitaryAuthority,Scotland,http://data.ordnancesurvey.co.uk/id/7000000000041429,Scotland,http://data.ordnancesurvey.co.uk/id/country/scotland,,,
osgb4000000074800056,http://data.ordnancesurvey.co.uk/id/4000000074800056,Smigel Pool,,,,hydrography,Inland Water,289229,957951,2000,35000,288979,957700,289479,958200,KW13,http://data.ordnancesurvey.co.uk/id/postcodedistrict/KW13,,,,,,,Highland,http://data.ordnancesurvey.co.uk/id/7000000000186625,http://data.ordnancesurvey.co.uk/ontology/admingeo/UnitaryAuthority,Scotland,http://data.ordnancesurvey.co.uk/id/7000000000041429,Scotland,http://data.ordnancesurvey.co.uk/id/country/scotland,,,
osgb4000000074590960,http://data.ordnancesurvey.co.uk/id/4000000074590960,Gleann Creagach,,,,landform,Valley,288836,952359,5000,800000,288350,952110,289180,952610,KW13,http://data.ordnancesurvey.co.uk/id/postcodedistrict/KW13,,,,,,,Highland,http://data.ordnancesurvey.co.uk/id/7000000000186625,http://data.ordnancesurvey.co.uk/ontology/admingeo/UnitaryAuthority,Scotland,http://data.ordnancesurvey.co.uk/id/7000000000041429,Scotland,http://data.ordnancesurvey.co.uk/id/country/scotland,,,
osgb4000000074778024,http://data.ordnancesurvey.co.uk/id/4000000074778024,Wedder Hill,,,,landform,Hill Or Mountain,291640,943597,1000,300000,291390,943347,291890,943847,KW12,http://data.ordnancesurvey.co.uk/id/postcodedistrict/KW12,,,,,,,Highland,http://data.ordnancesurvey.co.uk/id/7000000000186625,http://data.ordnancesurvey.co.uk/ontology/admingeo/UnitaryAuthority,Scotland,http://data.ordnancesurvey.co.uk/id/7000000000041429,Scotland,http://data.ordnancesurvey.co.uk/id/country/scotland,,,
osgb4000000074797453,http://data.ordnancesurvey.co.uk/id/4000000074797453,Lochàn Dubha na Cloiche,,,,hydrography,Inland Water,298564,948454,1000,500000,298314,948192,298814,948692,KW12,http://data.ordnancesurvey.co.uk/id/postcodedistrict/KW12,,,,,,,Highland,http://data.ordnancesurvey.co.uk/id/7000000000186625,http://data.ordnancesurvey.co.uk/ontology/admingeo/UnitaryAuthority,Scotland,http://data.ordnancesurvey.co.uk/id/7000000000041429,Scotland,http://data.ordnancesurvey.co.uk/id/country/scotland,,,
osgb4000000074799911,http://data.ordnancesurvey.co.uk/id/4000000074799911,Loch na Seilge,,,,hydrography,Inland Water,292131,958663,6000,500000,291663,958243,292657,959083,KW13,http://data.ordnancesurvey.co.uk/id/postcodedistrict/KW13,,,,,,,Highland,http://data.ordnancesurvey.co.uk/id/7000000000186625,http://data.ordnancesurvey.co.uk/ontology/admingeo/UnitaryAuthority,Scotland,http://data.ordnancesurvey.co.uk/id/7000000000041429,Scotland,http://data.ordnancesurvey.co.uk/id/country/scotland,,,
osgb4000000074721498,http://data.ordnancesurvey.co.uk/id/4000000074721498,Glen Urlan,,,,landform,Valley,297884,950844,7000,800000,297383,950417,298436,951271,KW12,http://data.ordnancesurvey.co.uk/id/postcodedistrict/KW12,,,,,,,Highland,http://data.ordnancesurvey.co.uk/id/7000000000186625,http://data.ordnancesurvey.co.uk/ontology/admingeo/UnitaryAuthority,Scotland,http://data.ordnancesurvey.co.uk/id/7000000000041429,Scotland,http://data.ordnancesurvey.co.uk/id/country/scotland,,,
osgb4000000074778053,http://data.ordnancesurvey.co.uk/id/4000000074778053,Station Hill,,,,landform,Hill Or Mountain,299740,946650,1000,300000,299490,946400,299990,946900,KW12,http://data.ordnancesurvey.co.uk/id/postcodedistrict/KW12,,,,,,,Highland,http://data.ordnancesurvey.co.uk/id/7000000000186625,http://data.ordnancesurvey.co.uk/ontology/admingeo/UnitaryAuthority,Scotland,http://data.ordnancesurvey.co.uk/id/7000000000041429,Scotland,http://data.ordnancesurvey.co.uk/id/country/scotland,,,
osgb4000000074776488,http://data.ordnancesurvey.co.uk/id/4000000074776488,Cnoc Riabhach,,,,landform,Hill Or Mountain,290740,951960,1000,300000,290490,951710,290990,952210,KW13,http://data.ordnancesurvey.co.uk/id/postcodedistrict/KW13,,,,,,,Highland,http://data.ordnancesurvey.co.uk/id/7000000000186625,http://data.ordnancesurvey.co.uk/ontology/admingeo/UnitaryAuthority,Scotland,http://data.ordnancesurvey.co.uk/id/7000000000041429,Scotland,http://data.ordnancesurvey.co.uk/id/country/scotland,,,
osgb4000000074801781,http://data.ordnancesurvey.co.uk/id/4000000074801781,Lochain a' Chlèirich,,,,hydrography,Inland Water,296496,954972,1000,500000,296246,954732,296746,955232,KW13,http://data.ordnancesurvey.co.uk/id/postcodedistrict/KW13,,,,,,,Highland,http://data.ordnancesurvey.co.uk/id/7000000000186625,http://data.ordnancesurvey.co.uk/ontology/admingeo/UnitaryAuthority,Scotland,http://data.ordnancesurvey.co.uk/id/7000000000041429,Scotland,http://data.ordnancesurvey.co.uk/id/country/scotland,,,
osgb4000000074801053,http://data.ordnancesurvey.co.uk/id/4000000074801053,Loch Crasgach,,,,hydrography,Inland Water,283496,954354,3000,500000,283246,954107,283746,954607,KW13,http://data.ordnancesurvey.co.uk/id/postcodedistrict/KW13,,,,,,,Highland,http://data.ordnancesurvey.co.uk/id/7000000000186625,http://data.ordnancesurvey.co.uk/ontology/admingeo/UnitaryAuthority,Scotland,http://data.ordnancesurvey.co.uk/id/7000000000041429,Scotland,http://data.ordnancesurvey.co.uk/id/country/scotland,,,
osgb4000000074803587,http://data.ordnancesurvey.co.uk/id/4000000074803587,The Cross Lochs,,,,hydrography,Inland Water,287106,946043,15000,40000,286502,944954,287709,947317,KW13,http://data.ordnancesurvey.co.uk/id/postcodedistrict/KW13,,,,,,,Highland,http://data.ordnancesurvey.co.uk/id/7000000000186625,http://data.ordnancesurvey.co.uk/ontology/admingeo/UnitaryAuthority,Scotland,http://data.ordnancesurvey.co.uk/id/7000000000041429,Scotland,http://data.ordnancesurvey.co.uk/id/country/scotland,,,
osgb4000000074777986,http://data.ordnancesurvey.co.uk/id/4000000074777986,Woodcock Hill,,,,landform,Hill Or Mountain,288530,948280,1000,300000,288280,948030,288780,948530,KW13,http://data.ordnancesurvey.co.uk/id/postcodedistrict/KW13,,,,,,,Highland,http://data.ordnancesurvey.co.uk/id/7000000000186625,http://data.ordnancesurvey.co.uk/ontology/admingeo/UnitaryAuthority,Scotland,http://data.ordnancesurvey.co.uk/id/7000000000041429,Scotland,http://data.ordnancesurvey.co.uk/id/country/scotland,,,
osgb4000000074797922,http://data.ordnancesurvey.co.uk/id/4000000074797922,Poll a' Ghàraidh,,,,hydrography,Inland Water,289187,956819,1000,35000,288937,956569,289437,957069,KW13,http://data.ordnancesurvey.co.uk/id/postcodedistrict/KW13,,,,,,,Highland,http://data.ordnancesurvey.co.uk/id/7000000000186625,http://data.ordnancesurvey.co.uk/ontology/admingeo/UnitaryAuthority,Scotland,http://data.ordnancesurvey.co.uk/id/7000000000041429,Scotland,http://data.ordnancesurvey.co.uk/id/country/scotland,,,
osgb4000000074600467,http://data.ordnancesurvey.co.uk/id/4000000074600467,Cnoc Badaireach na Gaoithe,,,,landform,Hill Or Mountain,284358,951998,1000,300000,284108,951748,284608,952248,KW13,http://data.ordnancesurvey.co.uk/id/postcodedistrict/KW13,,,,,,,Highland,http://data.ordnancesurvey.co.uk/id/7000000000186625,http://data.ordnancesurvey.co.uk/ontology/admingeo/UnitaryAuthority,Scotland,http://data.ordnancesurvey.co.uk/id/7000000000041429,Scotland,http://data.ordnancesurvey.co.uk/id/country/scotland,,,
osgb4000000074717619,http://data.ordnancesurvey.co.uk/id/4000000074717619,Rumsdale,,,,landform,Valley,298412,940767,8000,800000,297799,940517,298978,941017,KW12,http://data.ordnancesurvey.co.uk/id/postcodedistrict/KW12,,,,,,,Highland,http://data.ordnancesurvey.co.uk/id/7000000000186625,http://data.ordnancesurvey.co.uk/ontology/admingeo/UnitaryAuthority,Scotland,http://data.ordnancesurvey.co.uk/id/7000000000041429,Scotland,http://data.ordnancesurvey.co.uk/id/country/scotland,,,
osgb4000000074720986,http://data.ordnancesurvey.co.uk/id/4000000074720986,Gleann nam Bèist,,,,landform,Valley,282570,943232,10000,800000,281745,942941,283270,943522,KW11,http://data.ordnancesurvey.co.uk/id/postcodedistrict/KW11,,,,,,,Highland,http://data.ordnancesurvey.co.uk/id/7000000000186625,http://data.ordnancesurvey.co.uk/ontology/admingeo/UnitaryAuthority,Scotland,http://data.ordnancesurvey.co.uk/id/7000000000041429,Scotland,http://data.ordnancesurvey.co.uk/id/country/scotland,,,
osgb4000000074630450,http://data.ordnancesurvey.co.uk/id/4000000074630450,Sletill Forest,,,,landcover,Woodland Or Forest,294492,946477,31000,400000,293241,945181,295744,949984,KW12,http://data.ordnancesurvey.co.uk/id/postcodedistrict/KW12,,,,,,,Highland,http://data.ordnancesurvey.co.uk/id/7000000000186625,http://data.ordnancesurvey.co.uk/ontology/admingeo/UnitaryAuthority,Scotland,http://data.ordnancesurvey.co.uk/id/7000000000041429,Scotland,http://data.ordnancesurvey.co.uk/id/country/scotland,,,
osgb4000000073308353,http://data.ordnancesurvey.co.uk/id/4000000073308353,Forsinard,,Fors an Àird,,transportNetwork,Railway Station,289074,942510,1000,50000,288843,942252,289343,942752,KW13,http://data.ordnancesurvey.co.uk/id/postcodedistrict/KW13,Forsinard,http://data.ordnancesurvey.co.uk/id/4000000074544898,http://www.ordnancesurvey.co.uk/xml/codelists/localtype.xml#hamlet,,,,Highland,http://data.ordnancesurvey.co.uk/id/7000000000186625,http://data.ordnancesurvey.co.uk/ontology/admingeo/UnitaryAuthority,Scotland,http://data.ordnancesurvey.co.uk/id/7000000000041429,Scotland,http://data.ordnancesurvey.co.uk/id/country/scotland,,,
osgb4000000074800771,http://data.ordnancesurvey.co.uk/id/4000000074800771,Loch Preas an Lochan,,,,hydrography,Inland Water,284507,953775,1000,500000,284262,953526,284762,954026,KW13,http://data.ordnancesurvey.co.uk/id/postcodedistrict/KW13,,,,,,,Highland,http://data.ordnancesurvey.co.uk/id/7000000000186625,http://data.ordnancesurvey.co.uk/ontology/admingeo/UnitaryAuthority,Scotland,http://data.ordnancesurvey.co.uk/id/7000000000041429,Scotland,http://data.ordnancesurvey.co.uk/id/country/scotland,,,
osgb4000000074778052,http://data.ordnancesurvey.co.uk/id/4000000074778052,Cnoc a' Gharbh-bhadain,,,,landform,Hill Or Mountain,296439,946004,1000,300000,296189,945754,296689,946254,KW12,http://data.ordnancesurvey.co.uk/id/postcodedistrict/KW12,,,,,,,Highland,http://data.ordnancesurvey.co.uk/id/7000000000186625,http://data.ordnancesurvey.co.uk/ontology/admingeo/UnitaryAuthority,Scotland,http://data.ordnancesurvey.co.uk/id/7000000000041429,Scotland,http://data.ordnancesurvey.co.uk/id/country/scotland,,,
osgb4000000074795422,http://data.ordnancesurvey.co.uk/id/4000000074795422,An t-Eas,,,,hydrography,Waterfall,299538,959573,1000,15000,299288,959323,299788,959823,KW14,http://data.ordnancesurvey.co.uk/id/postcodedistrict/KW14,,,,,,,Highland,http://data.ordnancesurvey.co.uk/id/7000000000186625,http://data.ordnancesurvey.co.uk/ontology/admingeo/UnitaryAuthority,Scotland,http://data.ordnancesurvey.co.uk/id/7000000000041429,Scotland,http://data.ordnancesurvey.co.uk/id/country/scotland,,,
osgb4000000074600469,http://data.ordnancesurvey.co.uk/id/4000000074600469,Cnoc na Dubh-chlaise,,,,landform,Hill Or Mountain,280660,959815,1000,300000,280410,959565,280910,960065,KW14,http://data.ordnancesurvey.co.uk/id/postcodedistrict/KW14,,,,,,,Highland,http://data.ordnancesurvey.co.uk/id/7000000000186625,http://data.ordnancesurvey.co.uk/ontology/admingeo/UnitaryAuthority,Scotland,http://data.ordnancesurvey.co.uk/id/7000000000041429,Scotland,http://data.ordnancesurvey.co.uk/id/country/scotland,,,
osgb4000000074776545,http://data.ordnancesurvey.co.uk/id/4000000074776545,Cnoc na Fèithe Guirme,,,,landform,Hill Or Mountain,294309,953829,1000,300000,294059,953579,294559,954079,KW13,http://data.ordnancesurvey.co.uk/id/postcodedistrict/KW13,,,,,,,Highland,http://data.ordnancesurvey.co.uk/id/7000000000186625,http://data.ordnancesurvey.co.uk/ontology/admingeo/UnitaryAuthority,Scotland,http://data.ordnancesurvey.co.uk/id/7000000000041429,Scotland,http://data.ordnancesurvey.co.uk/id/country/scotland,,,
osgb4000000074776336,http://data.ordnancesurvey.co.uk/id/4000000074776336,Cnoc an Fhraoich,,,,landform,Hill Or Mountain,298660,958989,1000,300000,298410,958739,298910,959239,KW14,http://data.ordnancesurvey.co.uk/id/postcodedistrict/KW14,,,,,,,Highland,http://data.ordnancesurvey.co.uk/id/7000000000186625,http://data.ordnancesurvey.co.uk/ontology/admingeo/UnitaryAuthority,Scotland,http://data.ordnancesurvey.co.uk/id/7000000000041429,Scotland,http://data.ordnancesurvey.co.uk/id/country/scotland,,,
osgb4000000074800769,http://data.ordnancesurvey.co.uk/id/4000000074800769,Lochan Dubh,,,,hydrography,Inland Water,295512,952386,2000,500000,295262,952135,295762,952635,KW13,http://data.ordnancesurvey.co.uk/id/postcodedistrict/KW13,,,,,,,Highland,http://data.ordnancesurvey.co.uk/id/7000000000186625,http://data.ordnancesurvey.co.uk/ontology/admingeo/UnitaryAuthority,Scotland,http://data.ordnancesurvey.co.uk/id/7000000000041429,Scotland,http://data.ordnancesurvey.co.uk/id/country/scotland,,,
osgb4000000074807452,http://data.ordnancesurvey.co.uk/id/4000000074807452,Loch Torr na Ceàrdaich,,,,hydrography,Inland Water,297020,951036,3000,500000,296777,950786,297277,951286,KW13,http://data.ordnancesurvey.co.uk/id/postcodedistrict/KW13,,,,,,,Highland,http://data.ordnancesurvey.co.uk/id/7000000000186625,http://data.ordnancesurvey.co.uk/ontology/admingeo/UnitaryAuthority,Scotland,http://data.ordnancesurvey.co.uk/id/7000000000041429,Scotland,http://data.ordnancesurvey.co.uk/id/country/scotland,,,
osgb4000000003340193,http://data.ordnancesurvey.co.uk/id/4000000003340193,A897,,,,transportNetwork,Numbered Road,288617,940849,311000,1000000,286319,915324,302853,963189,KW11,http://data.ordnancesurvey.co.uk/id/postcodedistrict/KW11,,,,,,,Highland,http://data.ordnancesurvey.co.uk/id/7000000000186625,http://data.ordnancesurvey.co.uk/ontology/admingeo/UnitaryAuthority,Scotland,http://data.ordnancesurvey.co.uk/id/7000000000041429,Scotland,http://data.ordnancesurvey.co.uk/id/country/scotland,,,
