﻿osgb4000000074570665,http://data.ordnancesurvey.co.uk/id/4000000074570665,Navidale,,,,populatedPlace,Other Settlement,303483,916782,15000,25000,303306,915673,304231,916880,KW8,http://data.ordnancesurvey.co.uk/id/postcodedistrict/KW8,,,,,,,Highland,http://data.ordnancesurvey.co.uk/id/7000000000186625,http://data.ordnancesurvey.co.uk/ontology/admingeo/UnitaryAuthority,Scotland,http://data.ordnancesurvey.co.uk/id/7000000000041429,Scotland,http://data.ordnancesurvey.co.uk/id/country/scotland,,,http://sws.geonames.org/2641855
osgb4000000074570662,http://data.ordnancesurvey.co.uk/id/4000000074570662,Gartymore,,,,populatedPlace,Other Settlement,301544,914491,15000,25000,301094,913889,301753,915115,KW8,http://data.ordnancesurvey.co.uk/id/postcodedistrict/KW8,,,,,,,Highland,http://data.ordnancesurvey.co.uk/id/7000000000186625,http://data.ordnancesurvey.co.uk/ontology/admingeo/UnitaryAuthority,Scotland,http://data.ordnancesurvey.co.uk/id/7000000000041429,Scotland,http://data.ordnancesurvey.co.uk/id/country/scotland,,http://dbpedia.org/resource/Gartymore,
osgb4000000074570667,http://data.ordnancesurvey.co.uk/id/4000000074570667,Marrel,,,,populatedPlace,Hamlet,301906,917045,5000,25000,301561,916709,302061,917428,KW8,http://data.ordnancesurvey.co.uk/id/postcodedistrict/KW8,,,,,,,Highland,http://data.ordnancesurvey.co.uk/id/7000000000186625,http://data.ordnancesurvey.co.uk/ontology/admingeo/UnitaryAuthority,Scotland,http://data.ordnancesurvey.co.uk/id/7000000000041429,Scotland,http://data.ordnancesurvey.co.uk/id/country/scotland,,,
osgb4000000074570664,http://data.ordnancesurvey.co.uk/id/4000000074570664,East Helmsdale,,,,populatedPlace,Village,302660,915426,9000,250000,302210,915095,303608,916291,KW8,http://data.ordnancesurvey.co.uk/id/postcodedistrict/KW8,,,,,,,Highland,http://data.ordnancesurvey.co.uk/id/7000000000186625,http://data.ordnancesurvey.co.uk/ontology/admingeo/UnitaryAuthority,Scotland,http://data.ordnancesurvey.co.uk/id/7000000000041429,Scotland,http://data.ordnancesurvey.co.uk/id/country/scotland,,http://dbpedia.org/resource/West_Helmsdale,
osgb4000000074570661,http://data.ordnancesurvey.co.uk/id/4000000074570661,Portgower,,,,populatedPlace,Village,300542,913306,7000,250000,300320,913210,301386,913778,KW8,http://data.ordnancesurvey.co.uk/id/postcodedistrict/KW8,,,,,,,Highland,http://data.ordnancesurvey.co.uk/id/7000000000186625,http://data.ordnancesurvey.co.uk/ontology/admingeo/UnitaryAuthority,Scotland,http://data.ordnancesurvey.co.uk/id/7000000000041429,Scotland,http://data.ordnancesurvey.co.uk/id/country/scotland,,http://dbpedia.org/resource/Portgower,http://sws.geonames.org/2640057
osgb4000000074570663,http://data.ordnancesurvey.co.uk/id/4000000074570663,West Helmsdale,,,,populatedPlace,Village,302054,915496,9000,250000,301346,914819,302708,916216,KW8,http://data.ordnancesurvey.co.uk/id/postcodedistrict/KW8,,,,,,,Highland,http://data.ordnancesurvey.co.uk/id/7000000000186625,http://data.ordnancesurvey.co.uk/ontology/admingeo/UnitaryAuthority,Scotland,http://data.ordnancesurvey.co.uk/id/7000000000041429,Scotland,http://data.ordnancesurvey.co.uk/id/country/scotland,,http://dbpedia.org/resource/West_Helmsdale,
KW86HW,http://data.ordnancesurvey.co.uk/id/postcodeunit/KW86HW,KW8 6HW,,,,other,Postcode,300471,913300,3500,18000,,,,,,,Portgower,http://data.ordnancesurvey.co.uk/id/4000000074570661,http://www.ordnancesurvey.co.uk/xml/codelists/localtype.xml#village,,,,Highland,http://data.ordnancesurvey.co.uk/id/7000000000186625,http://data.ordnancesurvey.co.uk/ontology/admingeo/UnitaryAuthority,Scotland,http://data.ordnancesurvey.co.uk/id/7000000000041429,Scotland,http://data.ordnancesurvey.co.uk/id/country/scotland,,,
KW86JN,http://data.ordnancesurvey.co.uk/id/postcodeunit/KW86JN,KW8 6JN,,,,other,Postcode,302332,915928,3500,18000,,,,,,,East Helmsdale,http://data.ordnancesurvey.co.uk/id/4000000074570664,http://www.ordnancesurvey.co.uk/xml/codelists/localtype.xml#village,,,,Highland,http://data.ordnancesurvey.co.uk/id/7000000000186625,http://data.ordnancesurvey.co.uk/ontology/admingeo/UnitaryAuthority,Scotland,http://data.ordnancesurvey.co.uk/id/7000000000041429,Scotland,http://data.ordnancesurvey.co.uk/id/country/scotland,,,
KW86HT,http://data.ordnancesurvey.co.uk/id/postcodeunit/KW86HT,KW8 6HT,,,,other,Postcode,302465,915338,3500,18000,,,,,,,West Helmsdale,http://data.ordnancesurvey.co.uk/id/4000000074570663,http://www.ordnancesurvey.co.uk/xml/codelists/localtype.xml#village,,,,Highland,http://data.ordnancesurvey.co.uk/id/7000000000186625,http://data.ordnancesurvey.co.uk/ontology/admingeo/UnitaryAuthority,Scotland,http://data.ordnancesurvey.co.uk/id/7000000000041429,Scotland,http://data.ordnancesurvey.co.uk/id/country/scotland,,,
KW86LA,http://data.ordnancesurvey.co.uk/id/postcodeunit/KW86LA,KW8 6LA,,,,other,Postcode,303103,915198,3500,18000,,,,,,,East Helmsdale,http://data.ordnancesurvey.co.uk/id/4000000074570664,http://www.ordnancesurvey.co.uk/xml/codelists/localtype.xml#village,,,,Highland,http://data.ordnancesurvey.co.uk/id/7000000000186625,http://data.ordnancesurvey.co.uk/ontology/admingeo/UnitaryAuthority,Scotland,http://data.ordnancesurvey.co.uk/id/7000000000041429,Scotland,http://data.ordnancesurvey.co.uk/id/country/scotland,,,
KW86JW,http://data.ordnancesurvey.co.uk/id/postcodeunit/KW86JW,KW8 6JW,,,,other,Postcode,302808,915616,3500,18000,,,,,,,East Helmsdale,http://data.ordnancesurvey.co.uk/id/4000000074570664,http://www.ordnancesurvey.co.uk/xml/codelists/localtype.xml#village,,,,Highland,http://data.ordnancesurvey.co.uk/id/7000000000186625,http://data.ordnancesurvey.co.uk/ontology/admingeo/UnitaryAuthority,Scotland,http://data.ordnancesurvey.co.uk/id/7000000000041429,Scotland,http://data.ordnancesurvey.co.uk/id/country/scotland,,,
KW86JS,http://data.ordnancesurvey.co.uk/id/postcodeunit/KW86JS,KW8 6JS,,,,other,Postcode,303714,916009,3500,18000,,,,,,,Navidale,http://data.ordnancesurvey.co.uk/id/4000000074570665,http://www.ordnancesurvey.co.uk/xml/codelists/localtype.xml#otherSettlement,,,,Highland,http://data.ordnancesurvey.co.uk/id/7000000000186625,http://data.ordnancesurvey.co.uk/ontology/admingeo/UnitaryAuthority,Scotland,http://data.ordnancesurvey.co.uk/id/7000000000041429,Scotland,http://data.ordnancesurvey.co.uk/id/country/scotland,,,
KW86HN,http://data.ordnancesurvey.co.uk/id/postcodeunit/KW86HN,KW8 6HN,,,,other,Postcode,300829,913445,3500,18000,,,,,,,Portgower,http://data.ordnancesurvey.co.uk/id/4000000074570661,http://www.ordnancesurvey.co.uk/xml/codelists/localtype.xml#village,,,,Highland,http://data.ordnancesurvey.co.uk/id/7000000000186625,http://data.ordnancesurvey.co.uk/ontology/admingeo/UnitaryAuthority,Scotland,http://data.ordnancesurvey.co.uk/id/7000000000041429,Scotland,http://data.ordnancesurvey.co.uk/id/country/scotland,,,
KW86JE,http://data.ordnancesurvey.co.uk/id/postcodeunit/KW86JE,KW8 6JE,,,,other,Postcode,302736,915478,3500,18000,,,,,,,East Helmsdale,http://data.ordnancesurvey.co.uk/id/4000000074570664,http://www.ordnancesurvey.co.uk/xml/codelists/localtype.xml#village,,,,Highland,http://data.ordnancesurvey.co.uk/id/7000000000186625,http://data.ordnancesurvey.co.uk/ontology/admingeo/UnitaryAuthority,Scotland,http://data.ordnancesurvey.co.uk/id/7000000000041429,Scotland,http://data.ordnancesurvey.co.uk/id/country/scotland,,,
KW86LD,http://data.ordnancesurvey.co.uk/id/postcodeunit/KW86LD,KW8 6LD,,,,other,Postcode,303147,915236,3500,18000,,,,,,,East Helmsdale,http://data.ordnancesurvey.co.uk/id/4000000074570664,http://www.ordnancesurvey.co.uk/xml/codelists/localtype.xml#village,,,,Highland,http://data.ordnancesurvey.co.uk/id/7000000000186625,http://data.ordnancesurvey.co.uk/ontology/admingeo/UnitaryAuthority,Scotland,http://data.ordnancesurvey.co.uk/id/7000000000041429,Scotland,http://data.ordnancesurvey.co.uk/id/country/scotland,,,
KW86LJ,http://data.ordnancesurvey.co.uk/id/postcodeunit/KW86LJ,KW8 6LJ,,,,other,Postcode,303059,915295,3500,18000,,,,,,,East Helmsdale,http://data.ordnancesurvey.co.uk/id/4000000074570664,http://www.ordnancesurvey.co.uk/xml/codelists/localtype.xml#village,,,,Highland,http://data.ordnancesurvey.co.uk/id/7000000000186625,http://data.ordnancesurvey.co.uk/ontology/admingeo/UnitaryAuthority,Scotland,http://data.ordnancesurvey.co.uk/id/7000000000041429,Scotland,http://data.ordnancesurvey.co.uk/id/country/scotland,,,
KW86JY,http://data.ordnancesurvey.co.uk/id/postcodeunit/KW86JY,KW8 6JY,,,,other,Postcode,302869,915361,3500,18000,,,,,,,East Helmsdale,http://data.ordnancesurvey.co.uk/id/4000000074570664,http://www.ordnancesurvey.co.uk/xml/codelists/localtype.xml#village,,,,Highland,http://data.ordnancesurvey.co.uk/id/7000000000186625,http://data.ordnancesurvey.co.uk/ontology/admingeo/UnitaryAuthority,Scotland,http://data.ordnancesurvey.co.uk/id/7000000000041429,Scotland,http://data.ordnancesurvey.co.uk/id/country/scotland,,,
KW86LE,http://data.ordnancesurvey.co.uk/id/postcodeunit/KW86LE,KW8 6LE,,,,other,Postcode,303272,915326,3500,18000,,,,,,,East Helmsdale,http://data.ordnancesurvey.co.uk/id/4000000074570664,http://www.ordnancesurvey.co.uk/xml/codelists/localtype.xml#village,,,,Highland,http://data.ordnancesurvey.co.uk/id/7000000000186625,http://data.ordnancesurvey.co.uk/ontology/admingeo/UnitaryAuthority,Scotland,http://data.ordnancesurvey.co.uk/id/7000000000041429,Scotland,http://data.ordnancesurvey.co.uk/id/country/scotland,,,
KW86HX,http://data.ordnancesurvey.co.uk/id/postcodeunit/KW86HX,KW8 6HX,,,,other,Postcode,302120,917463,3500,18000,,,,,,,,,,,,,Highland,http://data.ordnancesurvey.co.uk/id/7000000000186625,http://data.ordnancesurvey.co.uk/ontology/admingeo/UnitaryAuthority,Scotland,http://data.ordnancesurvey.co.uk/id/7000000000041429,Scotland,http://data.ordnancesurvey.co.uk/id/country/scotland,,,
KW86JZ,http://data.ordnancesurvey.co.uk/id/postcodeunit/KW86JZ,KW8 6JZ,,,,other,Postcode,302848,915232,3500,18000,,,,,,,East Helmsdale,http://data.ordnancesurvey.co.uk/id/4000000074570664,http://www.ordnancesurvey.co.uk/xml/codelists/localtype.xml#village,,,,Highland,http://data.ordnancesurvey.co.uk/id/7000000000186625,http://data.ordnancesurvey.co.uk/ontology/admingeo/UnitaryAuthority,Scotland,http://data.ordnancesurvey.co.uk/id/7000000000041429,Scotland,http://data.ordnancesurvey.co.uk/id/country/scotland,,,
KW86JA,http://data.ordnancesurvey.co.uk/id/postcodeunit/KW86JA,KW8 6JA,,,,other,Postcode,302726,915380,3500,18000,,,,,,,East Helmsdale,http://data.ordnancesurvey.co.uk/id/4000000074570664,http://www.ordnancesurvey.co.uk/xml/codelists/localtype.xml#village,,,,Highland,http://data.ordnancesurvey.co.uk/id/7000000000186625,http://data.ordnancesurvey.co.uk/ontology/admingeo/UnitaryAuthority,Scotland,http://data.ordnancesurvey.co.uk/id/7000000000041429,Scotland,http://data.ordnancesurvey.co.uk/id/country/scotland,,,
KW86JU,http://data.ordnancesurvey.co.uk/id/postcodeunit/KW86JU,KW8 6JU,,,,other,Postcode,302883,915228,3500,18000,,,,,,,East Helmsdale,http://data.ordnancesurvey.co.uk/id/4000000074570664,http://www.ordnancesurvey.co.uk/xml/codelists/localtype.xml#village,,,,Highland,http://data.ordnancesurvey.co.uk/id/7000000000186625,http://data.ordnancesurvey.co.uk/ontology/admingeo/UnitaryAuthority,Scotland,http://data.ordnancesurvey.co.uk/id/7000000000041429,Scotland,http://data.ordnancesurvey.co.uk/id/country/scotland,,,
KW86JL,http://data.ordnancesurvey.co.uk/id/postcodeunit/KW86JL,KW8 6JL,,,,other,Postcode,302522,915766,3500,18000,,,,,,,East Helmsdale,http://data.ordnancesurvey.co.uk/id/4000000074570664,http://www.ordnancesurvey.co.uk/xml/codelists/localtype.xml#village,,,,Highland,http://data.ordnancesurvey.co.uk/id/7000000000186625,http://data.ordnancesurvey.co.uk/ontology/admingeo/UnitaryAuthority,Scotland,http://data.ordnancesurvey.co.uk/id/7000000000041429,Scotland,http://data.ordnancesurvey.co.uk/id/country/scotland,,,
KW86JX,http://data.ordnancesurvey.co.uk/id/postcodeunit/KW86JX,KW8 6JX,,,,other,Postcode,302909,915275,3500,18000,,,,,,,East Helmsdale,http://data.ordnancesurvey.co.uk/id/4000000074570664,http://www.ordnancesurvey.co.uk/xml/codelists/localtype.xml#village,,,,Highland,http://data.ordnancesurvey.co.uk/id/7000000000186625,http://data.ordnancesurvey.co.uk/ontology/admingeo/UnitaryAuthority,Scotland,http://data.ordnancesurvey.co.uk/id/7000000000041429,Scotland,http://data.ordnancesurvey.co.uk/id/country/scotland,,,
KW86HH,http://data.ordnancesurvey.co.uk/id/postcodeunit/KW86HH,KW8 6HH,,,,other,Postcode,302048,915428,3500,18000,,,,,,,West Helmsdale,http://data.ordnancesurvey.co.uk/id/4000000074570663,http://www.ordnancesurvey.co.uk/xml/codelists/localtype.xml#village,,,,Highland,http://data.ordnancesurvey.co.uk/id/7000000000186625,http://data.ordnancesurvey.co.uk/ontology/admingeo/UnitaryAuthority,Scotland,http://data.ordnancesurvey.co.uk/id/7000000000041429,Scotland,http://data.ordnancesurvey.co.uk/id/country/scotland,,,
KW86JP,http://data.ordnancesurvey.co.uk/id/postcodeunit/KW86JP,KW8 6JP,,,,other,Postcode,302887,915480,3500,18000,,,,,,,East Helmsdale,http://data.ordnancesurvey.co.uk/id/4000000074570664,http://www.ordnancesurvey.co.uk/xml/codelists/localtype.xml#village,,,,Highland,http://data.ordnancesurvey.co.uk/id/7000000000186625,http://data.ordnancesurvey.co.uk/ontology/admingeo/UnitaryAuthority,Scotland,http://data.ordnancesurvey.co.uk/id/7000000000041429,Scotland,http://data.ordnancesurvey.co.uk/id/country/scotland,,,
KW86HL,http://data.ordnancesurvey.co.uk/id/postcodeunit/KW86HL,KW8 6HL,,,,other,Postcode,300630,913380,3500,18000,,,,,,,Portgower,http://data.ordnancesurvey.co.uk/id/4000000074570661,http://www.ordnancesurvey.co.uk/xml/codelists/localtype.xml#village,,,,Highland,http://data.ordnancesurvey.co.uk/id/7000000000186625,http://data.ordnancesurvey.co.uk/ontology/admingeo/UnitaryAuthority,Scotland,http://data.ordnancesurvey.co.uk/id/7000000000041429,Scotland,http://data.ordnancesurvey.co.uk/id/country/scotland,,,
KW86JH,http://data.ordnancesurvey.co.uk/id/postcodeunit/KW86JH,KW8 6JH,,,,other,Postcode,302842,915491,3500,18000,,,,,,,East Helmsdale,http://data.ordnancesurvey.co.uk/id/4000000074570664,http://www.ordnancesurvey.co.uk/xml/codelists/localtype.xml#village,,,,Highland,http://data.ordnancesurvey.co.uk/id/7000000000186625,http://data.ordnancesurvey.co.uk/ontology/admingeo/UnitaryAuthority,Scotland,http://data.ordnancesurvey.co.uk/id/7000000000041429,Scotland,http://data.ordnancesurvey.co.uk/id/country/scotland,,,
KW86LG,http://data.ordnancesurvey.co.uk/id/postcodeunit/KW86LG,KW8 6LG,,,,other,Postcode,303006,915393,3500,18000,,,,,,,East Helmsdale,http://data.ordnancesurvey.co.uk/id/4000000074570664,http://www.ordnancesurvey.co.uk/xml/codelists/localtype.xml#village,,,,Highland,http://data.ordnancesurvey.co.uk/id/7000000000186625,http://data.ordnancesurvey.co.uk/ontology/admingeo/UnitaryAuthority,Scotland,http://data.ordnancesurvey.co.uk/id/7000000000041429,Scotland,http://data.ordnancesurvey.co.uk/id/country/scotland,,,
KW86HJ,http://data.ordnancesurvey.co.uk/id/postcodeunit/KW86HJ,KW8 6HJ,,,,other,Postcode,301509,914509,3500,18000,,,,,,,Gartymore,http://data.ordnancesurvey.co.uk/id/4000000074570662,http://www.ordnancesurvey.co.uk/xml/codelists/localtype.xml#otherSettlement,,,,Highland,http://data.ordnancesurvey.co.uk/id/7000000000186625,http://data.ordnancesurvey.co.uk/ontology/admingeo/UnitaryAuthority,Scotland,http://data.ordnancesurvey.co.uk/id/7000000000041429,Scotland,http://data.ordnancesurvey.co.uk/id/country/scotland,,,
KW86JJ,http://data.ordnancesurvey.co.uk/id/postcodeunit/KW86JJ,KW8 6JJ,,,,other,Postcode,302709,915579,3500,18000,,,,,,,East Helmsdale,http://data.ordnancesurvey.co.uk/id/4000000074570664,http://www.ordnancesurvey.co.uk/xml/codelists/localtype.xml#village,,,,Highland,http://data.ordnancesurvey.co.uk/id/7000000000186625,http://data.ordnancesurvey.co.uk/ontology/admingeo/UnitaryAuthority,Scotland,http://data.ordnancesurvey.co.uk/id/7000000000041429,Scotland,http://data.ordnancesurvey.co.uk/id/country/scotland,,,
KW86JF,http://data.ordnancesurvey.co.uk/id/postcodeunit/KW86JF,KW8 6JF,,,,other,Postcode,302701,915464,3500,18000,,,,,,,East Helmsdale,http://data.ordnancesurvey.co.uk/id/4000000074570664,http://www.ordnancesurvey.co.uk/xml/codelists/localtype.xml#village,,,,Highland,http://data.ordnancesurvey.co.uk/id/7000000000186625,http://data.ordnancesurvey.co.uk/ontology/admingeo/UnitaryAuthority,Scotland,http://data.ordnancesurvey.co.uk/id/7000000000041429,Scotland,http://data.ordnancesurvey.co.uk/id/country/scotland,,,
KW86LQ,http://data.ordnancesurvey.co.uk/id/postcodeunit/KW86LQ,KW8 6LQ,,,,other,Postcode,302950,915310,3500,18000,,,,,,,East Helmsdale,http://data.ordnancesurvey.co.uk/id/4000000074570664,http://www.ordnancesurvey.co.uk/xml/codelists/localtype.xml#village,,,,Highland,http://data.ordnancesurvey.co.uk/id/7000000000186625,http://data.ordnancesurvey.co.uk/ontology/admingeo/UnitaryAuthority,Scotland,http://data.ordnancesurvey.co.uk/id/7000000000041429,Scotland,http://data.ordnancesurvey.co.uk/id/country/scotland,,,
KW86LB,http://data.ordnancesurvey.co.uk/id/postcodeunit/KW86LB,KW8 6LB,,,,other,Postcode,302990,915222,3500,18000,,,,,,,East Helmsdale,http://data.ordnancesurvey.co.uk/id/4000000074570664,http://www.ordnancesurvey.co.uk/xml/codelists/localtype.xml#village,,,,Highland,http://data.ordnancesurvey.co.uk/id/7000000000186625,http://data.ordnancesurvey.co.uk/ontology/admingeo/UnitaryAuthority,Scotland,http://data.ordnancesurvey.co.uk/id/7000000000041429,Scotland,http://data.ordnancesurvey.co.uk/id/country/scotland,,,
osgb4000000003379274,http://data.ordnancesurvey.co.uk/id/4000000003379274,Navidale Road,,,,transportNetwork,Named Road,303767,916144,9000,20000,302979,915505,303871,916856,KW8,http://data.ordnancesurvey.co.uk/id/postcodedistrict/KW8,Navidale,http://data.ordnancesurvey.co.uk/id/4000000074570665,http://www.ordnancesurvey.co.uk/xml/codelists/localtype.xml#otherSettlement,,,,Highland,http://data.ordnancesurvey.co.uk/id/7000000000186625,http://data.ordnancesurvey.co.uk/ontology/admingeo/UnitaryAuthority,Scotland,http://data.ordnancesurvey.co.uk/id/7000000000041429,Scotland,http://data.ordnancesurvey.co.uk/id/country/scotland,,,
osgb4000000003379385,http://data.ordnancesurvey.co.uk/id/4000000003379385,Rockview Place,,,,transportNetwork,Named Road,303111,915354,1000,20000,303020,915287,303187,915512,KW8,http://data.ordnancesurvey.co.uk/id/postcodedistrict/KW8,East Helmsdale,http://data.ordnancesurvey.co.uk/id/4000000074570664,http://www.ordnancesurvey.co.uk/xml/codelists/localtype.xml#village,,,,Highland,http://data.ordnancesurvey.co.uk/id/7000000000186625,http://data.ordnancesurvey.co.uk/ontology/admingeo/UnitaryAuthority,Scotland,http://data.ordnancesurvey.co.uk/id/7000000000041429,Scotland,http://data.ordnancesurvey.co.uk/id/country/scotland,,,
osgb4000000003379515,http://data.ordnancesurvey.co.uk/id/4000000003379515,Strathnaver Street,,,,transportNetwork,Named Road,302798,915512,2000,20000,302650,915430,302926,915608,KW8,http://data.ordnancesurvey.co.uk/id/postcodedistrict/KW8,East Helmsdale,http://data.ordnancesurvey.co.uk/id/4000000074570664,http://www.ordnancesurvey.co.uk/xml/codelists/localtype.xml#village,,,,Highland,http://data.ordnancesurvey.co.uk/id/7000000000186625,http://data.ordnancesurvey.co.uk/ontology/admingeo/UnitaryAuthority,Scotland,http://data.ordnancesurvey.co.uk/id/7000000000041429,Scotland,http://data.ordnancesurvey.co.uk/id/country/scotland,,,
osgb4000000003379517,http://data.ordnancesurvey.co.uk/id/4000000003379517,Trentham Street,,,,transportNetwork,Named Road,302761,915366,1000,20000,302717,915302,302840,915483,KW8,http://data.ordnancesurvey.co.uk/id/postcodedistrict/KW8,East Helmsdale,http://data.ordnancesurvey.co.uk/id/4000000074570664,http://www.ordnancesurvey.co.uk/xml/codelists/localtype.xml#village,,,,Highland,http://data.ordnancesurvey.co.uk/id/7000000000186625,http://data.ordnancesurvey.co.uk/ontology/admingeo/UnitaryAuthority,Scotland,http://data.ordnancesurvey.co.uk/id/7000000000041429,Scotland,http://data.ordnancesurvey.co.uk/id/country/scotland,,,
osgb4000000003379310,http://data.ordnancesurvey.co.uk/id/4000000003379310,Stafford Street,,,,transportNetwork,Named Road,302884,915367,2000,20000,302795,915247,302979,915510,KW8,http://data.ordnancesurvey.co.uk/id/postcodedistrict/KW8,East Helmsdale,http://data.ordnancesurvey.co.uk/id/4000000074570664,http://www.ordnancesurvey.co.uk/xml/codelists/localtype.xml#village,,,,Highland,http://data.ordnancesurvey.co.uk/id/7000000000186625,http://data.ordnancesurvey.co.uk/ontology/admingeo/UnitaryAuthority,Scotland,http://data.ordnancesurvey.co.uk/id/7000000000041429,Scotland,http://data.ordnancesurvey.co.uk/id/country/scotland,,,
osgb4000000003379516,http://data.ordnancesurvey.co.uk/id/4000000003379516,Stittenham Street,,,,transportNetwork,Named Road,302662,915529,1000,20000,302662,915529,302694,915579,KW8,http://data.ordnancesurvey.co.uk/id/postcodedistrict/KW8,East Helmsdale,http://data.ordnancesurvey.co.uk/id/4000000074570664,http://www.ordnancesurvey.co.uk/xml/codelists/localtype.xml#village,,,,Highland,http://data.ordnancesurvey.co.uk/id/7000000000186625,http://data.ordnancesurvey.co.uk/ontology/admingeo/UnitaryAuthority,Scotland,http://data.ordnancesurvey.co.uk/id/7000000000041429,Scotland,http://data.ordnancesurvey.co.uk/id/country/scotland,,,
osgb4000000003379383,http://data.ordnancesurvey.co.uk/id/4000000003379383,Farr Crescent,,,,transportNetwork,Named Road,303071,915309,1000,20000,303062,915305,303091,915311,KW8,http://data.ordnancesurvey.co.uk/id/postcodedistrict/KW8,East Helmsdale,http://data.ordnancesurvey.co.uk/id/4000000074570664,http://www.ordnancesurvey.co.uk/xml/codelists/localtype.xml#village,,,,Highland,http://data.ordnancesurvey.co.uk/id/7000000000186625,http://data.ordnancesurvey.co.uk/ontology/admingeo/UnitaryAuthority,Scotland,http://data.ordnancesurvey.co.uk/id/7000000000041429,Scotland,http://data.ordnancesurvey.co.uk/id/country/scotland,,,
osgb4000000003379386,http://data.ordnancesurvey.co.uk/id/4000000003379386,Simpson Crescent,,,,transportNetwork,Named Road,303312,915290,1000,20000,303182,915259,303385,915400,KW8,http://data.ordnancesurvey.co.uk/id/postcodedistrict/KW8,East Helmsdale,http://data.ordnancesurvey.co.uk/id/4000000074570664,http://www.ordnancesurvey.co.uk/xml/codelists/localtype.xml#village,,,,Highland,http://data.ordnancesurvey.co.uk/id/7000000000186625,http://data.ordnancesurvey.co.uk/ontology/admingeo/UnitaryAuthority,Scotland,http://data.ordnancesurvey.co.uk/id/7000000000041429,Scotland,http://data.ordnancesurvey.co.uk/id/country/scotland,,,
osgb4000000003379311,http://data.ordnancesurvey.co.uk/id/4000000003379311,Sutherland Street,,,,transportNetwork,Named Road,302829,915404,2000,20000,302661,915289,302995,915519,KW8,http://data.ordnancesurvey.co.uk/id/postcodedistrict/KW8,East Helmsdale,http://data.ordnancesurvey.co.uk/id/4000000074570664,http://www.ordnancesurvey.co.uk/xml/codelists/localtype.xml#village,,,,Highland,http://data.ordnancesurvey.co.uk/id/7000000000186625,http://data.ordnancesurvey.co.uk/ontology/admingeo/UnitaryAuthority,Scotland,http://data.ordnancesurvey.co.uk/id/7000000000041429,Scotland,http://data.ordnancesurvey.co.uk/id/country/scotland,,,
osgb4000000003379387,http://data.ordnancesurvey.co.uk/id/4000000003379387,Lilleshall Street,,,,transportNetwork,Named Road,302721,915477,1000,20000,302641,915355,302798,915580,KW8,http://data.ordnancesurvey.co.uk/id/postcodedistrict/KW8,East Helmsdale,http://data.ordnancesurvey.co.uk/id/4000000074570664,http://www.ordnancesurvey.co.uk/xml/codelists/localtype.xml#village,,,,Highland,http://data.ordnancesurvey.co.uk/id/7000000000186625,http://data.ordnancesurvey.co.uk/ontology/admingeo/UnitaryAuthority,Scotland,http://data.ordnancesurvey.co.uk/id/7000000000041429,Scotland,http://data.ordnancesurvey.co.uk/id/country/scotland,,,
cc8ea7c5-3b5a-4dbe-8a76-a1d8fe320e0e,http://data.ordnancesurvey.co.uk/id/cc8ea7c5-3b5a-4dbe-8a76-a1d8fe320e0e,Navidale Road,,,,transportNetwork,Section Of Named Road,303293,915566,4000,25000,302979,915505,303586,915688,KW8,http://data.ordnancesurvey.co.uk/id/postcodedistrict/KW8,East Helmsdale,http://data.ordnancesurvey.co.uk/id/4000000074570664,http://www.ordnancesurvey.co.uk/xml/codelists/localtype.xml#village,,,,Highland,http://data.ordnancesurvey.co.uk/id/7000000000186625,http://data.ordnancesurvey.co.uk/ontology/admingeo/UnitaryAuthority,Scotland,http://data.ordnancesurvey.co.uk/id/7000000000041429,Scotland,http://data.ordnancesurvey.co.uk/id/country/scotland,osgb4000000003379274,,
osgb4000000074757420,http://data.ordnancesurvey.co.uk/id/4000000074757420,Ceann Ousdale,,,,landform,Coastal Headland,307573,918399,1000,750000,307323,918143,307823,918643,KW8,http://data.ordnancesurvey.co.uk/id/postcodedistrict/KW8,,,,,,,Highland,http://data.ordnancesurvey.co.uk/id/7000000000186625,http://data.ordnancesurvey.co.uk/ontology/admingeo/UnitaryAuthority,Scotland,http://data.ordnancesurvey.co.uk/id/7000000000041429,Scotland,http://data.ordnancesurvey.co.uk/id/country/scotland,,,
osgb4000000003379384,http://data.ordnancesurvey.co.uk/id/4000000003379384,Stittenham Road,,,,transportNetwork,Named Road,302662,915529,1000,20000,302642,915426,302662,915645,KW8,http://data.ordnancesurvey.co.uk/id/postcodedistrict/KW8,East Helmsdale,http://data.ordnancesurvey.co.uk/id/4000000074570664,http://www.ordnancesurvey.co.uk/xml/codelists/localtype.xml#village,,,,Highland,http://data.ordnancesurvey.co.uk/id/7000000000186625,http://data.ordnancesurvey.co.uk/ontology/admingeo/UnitaryAuthority,Scotland,http://data.ordnancesurvey.co.uk/id/7000000000041429,Scotland,http://data.ordnancesurvey.co.uk/id/country/scotland,,,
osgb4000000074757422,http://data.ordnancesurvey.co.uk/id/4000000074757422,Shore of Gartymore,,,,landcover,Beach,301817,914174,8000,100000,301330,913574,302302,914774,KW8,http://data.ordnancesurvey.co.uk/id/postcodedistrict/KW8,,,,,,,Highland,http://data.ordnancesurvey.co.uk/id/7000000000186625,http://data.ordnancesurvey.co.uk/ontology/admingeo/UnitaryAuthority,Scotland,http://data.ordnancesurvey.co.uk/id/7000000000041429,Scotland,http://data.ordnancesurvey.co.uk/id/country/scotland,,,
osgb4000000074758105,http://data.ordnancesurvey.co.uk/id/4000000074758105,The Needle,,,,landform,Other Coastal Landform,308159,919041,1000,20000,307909,918788,308409,919288,KW7,http://data.ordnancesurvey.co.uk/id/postcodedistrict/KW7,,,,,,,Highland,http://data.ordnancesurvey.co.uk/id/7000000000186625,http://data.ordnancesurvey.co.uk/ontology/admingeo/UnitaryAuthority,Scotland,http://data.ordnancesurvey.co.uk/id/7000000000041429,Scotland,http://data.ordnancesurvey.co.uk/id/country/scotland,,,
osgb4000000074621118,http://data.ordnancesurvey.co.uk/id/4000000074621118,Caen Hill,,,,landform,Hill Or Mountain,302135,918642,1000,300000,301885,918392,302385,918892,KW8,http://data.ordnancesurvey.co.uk/id/postcodedistrict/KW8,,,,,,,Highland,http://data.ordnancesurvey.co.uk/id/7000000000186625,http://data.ordnancesurvey.co.uk/ontology/admingeo/UnitaryAuthority,Scotland,http://data.ordnancesurvey.co.uk/id/7000000000041429,Scotland,http://data.ordnancesurvey.co.uk/id/country/scotland,,,
osgb4000000003379282,http://data.ordnancesurvey.co.uk/id/4000000003379282,Golf Road,,,,transportNetwork,Named Road,302461,915800,2000,20000,302318,915645,302642,915976,KW8,http://data.ordnancesurvey.co.uk/id/postcodedistrict/KW8,East Helmsdale,http://data.ordnancesurvey.co.uk/id/4000000074570664,http://www.ordnancesurvey.co.uk/xml/codelists/localtype.xml#village,,,,Highland,http://data.ordnancesurvey.co.uk/id/7000000000186625,http://data.ordnancesurvey.co.uk/ontology/admingeo/UnitaryAuthority,Scotland,http://data.ordnancesurvey.co.uk/id/7000000000041429,Scotland,http://data.ordnancesurvey.co.uk/id/country/scotland,,,
osgb4000000074596979,http://data.ordnancesurvey.co.uk/id/4000000074596979,Green Table,,,,landform,Other Coastal Landform,305917,917240,1000,50000,305666,916990,306166,917490,KW8,http://data.ordnancesurvey.co.uk/id/postcodedistrict/KW8,,,,,,,Highland,http://data.ordnancesurvey.co.uk/id/7000000000186625,http://data.ordnancesurvey.co.uk/ontology/admingeo/UnitaryAuthority,Scotland,http://data.ordnancesurvey.co.uk/id/7000000000041429,Scotland,http://data.ordnancesurvey.co.uk/id/country/scotland,,,
osgb4000000074621512,http://data.ordnancesurvey.co.uk/id/4000000074621512,Cnoc an Tubhadair,,,,landform,Hill Or Mountain,305051,918730,1000,300000,304801,918480,305301,918980,KW8,http://data.ordnancesurvey.co.uk/id/postcodedistrict/KW8,,,,,,,Highland,http://data.ordnancesurvey.co.uk/id/7000000000186625,http://data.ordnancesurvey.co.uk/ontology/admingeo/UnitaryAuthority,Scotland,http://data.ordnancesurvey.co.uk/id/7000000000041429,Scotland,http://data.ordnancesurvey.co.uk/id/country/scotland,,,
osgb4000000074758104,http://data.ordnancesurvey.co.uk/id/4000000074758104,Sròn Mhòr,,,,landform,Other Coastal Landform,308743,919506,1000,50000,308494,919256,308994,919756,KW7,http://data.ordnancesurvey.co.uk/id/postcodedistrict/KW7,,,,,,,Highland,http://data.ordnancesurvey.co.uk/id/7000000000186625,http://data.ordnancesurvey.co.uk/ontology/admingeo/UnitaryAuthority,Scotland,http://data.ordnancesurvey.co.uk/id/7000000000041429,Scotland,http://data.ordnancesurvey.co.uk/id/country/scotland,,,
osgb4000000074599303,http://data.ordnancesurvey.co.uk/id/4000000074599303,Creag na Cuinge,,,,landform,Hill Or Mountain,307721,919468,1000,300000,307471,919218,307971,919718,KW7,http://data.ordnancesurvey.co.uk/id/postcodedistrict/KW7,,,,,,,Highland,http://data.ordnancesurvey.co.uk/id/7000000000186625,http://data.ordnancesurvey.co.uk/ontology/admingeo/UnitaryAuthority,Scotland,http://data.ordnancesurvey.co.uk/id/7000000000041429,Scotland,http://data.ordnancesurvey.co.uk/id/country/scotland,,,
osgb4000000074757333,http://data.ordnancesurvey.co.uk/id/4000000074757333,Neuk Mhòr,,,,landcover,Beach,307068,918055,1000,100000,306818,917781,307318,918281,KW8,http://data.ordnancesurvey.co.uk/id/postcodedistrict/KW8,,,,,,,Highland,http://data.ordnancesurvey.co.uk/id/7000000000186625,http://data.ordnancesurvey.co.uk/ontology/admingeo/UnitaryAuthority,Scotland,http://data.ordnancesurvey.co.uk/id/7000000000041429,Scotland,http://data.ordnancesurvey.co.uk/id/country/scotland,,,
osgb4000000074758107,http://data.ordnancesurvey.co.uk/id/4000000074758107,Ord Point,,,,landcover,Wetland,306230,917523,1000,200000,305980,917269,306480,917769,KW8,http://data.ordnancesurvey.co.uk/id/postcodedistrict/KW8,,,,,,,Highland,http://data.ordnancesurvey.co.uk/id/7000000000186625,http://data.ordnancesurvey.co.uk/ontology/admingeo/UnitaryAuthority,Scotland,http://data.ordnancesurvey.co.uk/id/7000000000041429,Scotland,http://data.ordnancesurvey.co.uk/id/country/scotland,,,
osgb4000000074795387,http://data.ordnancesurvey.co.uk/id/4000000074795387,Eas Poll an Damarin,,,,hydrography,Waterfall,307482,918579,1000,15000,307232,918329,307732,918829,KW8,http://data.ordnancesurvey.co.uk/id/postcodedistrict/KW8,,,,,,,Highland,http://data.ordnancesurvey.co.uk/id/7000000000186625,http://data.ordnancesurvey.co.uk/ontology/admingeo/UnitaryAuthority,Scotland,http://data.ordnancesurvey.co.uk/id/7000000000041429,Scotland,http://data.ordnancesurvey.co.uk/id/country/scotland,,,
osgb4000000074758106,http://data.ordnancesurvey.co.uk/id/4000000074758106,Tràigh Muidhe Cleite,,,,landform,Other Coastal Landform,308469,919305,1000,20000,308220,919048,308720,919548,KW7,http://data.ordnancesurvey.co.uk/id/postcodedistrict/KW7,,,,,,,Highland,http://data.ordnancesurvey.co.uk/id/7000000000186625,http://data.ordnancesurvey.co.uk/ontology/admingeo/UnitaryAuthority,Scotland,http://data.ordnancesurvey.co.uk/id/7000000000041429,Scotland,http://data.ordnancesurvey.co.uk/id/country/scotland,,,
osgb4000000074621115,http://data.ordnancesurvey.co.uk/id/4000000074621115,Cnoc na Stri,,,,landform,Hill Or Mountain,306751,918340,1000,300000,306501,918090,307001,918590,KW8,http://data.ordnancesurvey.co.uk/id/postcodedistrict/KW8,,,,,,,Highland,http://data.ordnancesurvey.co.uk/id/7000000000186625,http://data.ordnancesurvey.co.uk/ontology/admingeo/UnitaryAuthority,Scotland,http://data.ordnancesurvey.co.uk/id/7000000000041429,Scotland,http://data.ordnancesurvey.co.uk/id/country/scotland,,,
osgb4000000074621117,http://data.ordnancesurvey.co.uk/id/4000000074621117,Creag Marail,,,,landform,Hill Or Mountain,301304,916117,1000,300000,301054,915867,301554,916367,KW8,http://data.ordnancesurvey.co.uk/id/postcodedistrict/KW8,,,,,,,Highland,http://data.ordnancesurvey.co.uk/id/7000000000186625,http://data.ordnancesurvey.co.uk/ontology/admingeo/UnitaryAuthority,Scotland,http://data.ordnancesurvey.co.uk/id/7000000000041429,Scotland,http://data.ordnancesurvey.co.uk/id/country/scotland,,,
osgb4000000074589391,http://data.ordnancesurvey.co.uk/id/4000000074589391,Sròn a' Chròchair,,,,landform,Other Coastal Landform,304197,915605,1000,50000,303947,915364,304447,915864,KW8,http://data.ordnancesurvey.co.uk/id/postcodedistrict/KW8,,,,,,,Highland,http://data.ordnancesurvey.co.uk/id/7000000000186625,http://data.ordnancesurvey.co.uk/ontology/admingeo/UnitaryAuthority,Scotland,http://data.ordnancesurvey.co.uk/id/7000000000041429,Scotland,http://data.ordnancesurvey.co.uk/id/country/scotland,,,
osgb4000000074589198,http://data.ordnancesurvey.co.uk/id/4000000074589198,Sròn a' Ghleannain,,,,landform,Other Coastal Landform,308885,919764,1000,50000,308636,919514,309136,920014,KW7,http://data.ordnancesurvey.co.uk/id/postcodedistrict/KW7,,,,,,,Highland,http://data.ordnancesurvey.co.uk/id/7000000000186625,http://data.ordnancesurvey.co.uk/ontology/admingeo/UnitaryAuthority,Scotland,http://data.ordnancesurvey.co.uk/id/7000000000041429,Scotland,http://data.ordnancesurvey.co.uk/id/country/scotland,,,
osgb4000000074621116,http://data.ordnancesurvey.co.uk/id/4000000074621116,Creag Thoraraidh,,,,landform,Hill Or Mountain,304062,918741,1000,300000,303812,918491,304312,918991,KW8,http://data.ordnancesurvey.co.uk/id/postcodedistrict/KW8,,,,,,,Highland,http://data.ordnancesurvey.co.uk/id/7000000000186625,http://data.ordnancesurvey.co.uk/ontology/admingeo/UnitaryAuthority,Scotland,http://data.ordnancesurvey.co.uk/id/7000000000041429,Scotland,http://data.ordnancesurvey.co.uk/id/country/scotland,,,
osgb4000000074609559,http://data.ordnancesurvey.co.uk/id/4000000074609559,Creag nam Feannag,,,,landform,Other Coastal Landform,308007,918836,1000,50000,307759,918586,308259,919086,KW7,http://data.ordnancesurvey.co.uk/id/postcodedistrict/KW7,,,,,,,Highland,http://data.ordnancesurvey.co.uk/id/7000000000186625,http://data.ordnancesurvey.co.uk/ontology/admingeo/UnitaryAuthority,Scotland,http://data.ordnancesurvey.co.uk/id/7000000000041429,Scotland,http://data.ordnancesurvey.co.uk/id/country/scotland,,,
osgb4000000074757334,http://data.ordnancesurvey.co.uk/id/4000000074757334,Sgreadan Dearg,,,,landform,Other Coastal Landform,308205,919555,1000,20000,307955,919296,308455,919796,KW7,http://data.ordnancesurvey.co.uk/id/postcodedistrict/KW7,,,,,,,Highland,http://data.ordnancesurvey.co.uk/id/7000000000186625,http://data.ordnancesurvey.co.uk/ontology/admingeo/UnitaryAuthority,Scotland,http://data.ordnancesurvey.co.uk/id/7000000000041429,Scotland,http://data.ordnancesurvey.co.uk/id/country/scotland,,,
osgb4000000074614431,http://data.ordnancesurvey.co.uk/id/4000000074614431,Clèit Mulachain,,,,landform,Other Coastal Landform,308805,919614,1000,50000,308557,919364,309057,919864,KW7,http://data.ordnancesurvey.co.uk/id/postcodedistrict/KW7,,,,,,,Highland,http://data.ordnancesurvey.co.uk/id/7000000000186625,http://data.ordnancesurvey.co.uk/ontology/admingeo/UnitaryAuthority,Scotland,http://data.ordnancesurvey.co.uk/id/7000000000041429,Scotland,http://data.ordnancesurvey.co.uk/id/country/scotland,,,
KW86JD,http://data.ordnancesurvey.co.uk/id/postcodeunit/KW86JD,KW8 6JD,,,,other,Postcode,302799,915407,3500,18000,,,,,,,East Helmsdale,http://data.ordnancesurvey.co.uk/id/4000000074570664,http://www.ordnancesurvey.co.uk/xml/codelists/localtype.xml#village,,,,Highland,http://data.ordnancesurvey.co.uk/id/7000000000186625,http://data.ordnancesurvey.co.uk/ontology/admingeo/UnitaryAuthority,Scotland,http://data.ordnancesurvey.co.uk/id/7000000000041429,Scotland,http://data.ordnancesurvey.co.uk/id/country/scotland,,,
osgb4000000073551858,http://data.ordnancesurvey.co.uk/id/4000000073551858,Helmsdale,,,,transportNetwork,Railway Station,302363,915514,1000,50000,302099,915264,302599,915764,KW8,http://data.ordnancesurvey.co.uk/id/postcodedistrict/KW8,West Helmsdale,http://data.ordnancesurvey.co.uk/id/4000000074570663,http://www.ordnancesurvey.co.uk/xml/codelists/localtype.xml#village,,,,Highland,http://data.ordnancesurvey.co.uk/id/7000000000186625,http://data.ordnancesurvey.co.uk/ontology/admingeo/UnitaryAuthority,Scotland,http://data.ordnancesurvey.co.uk/id/7000000000041429,Scotland,http://data.ordnancesurvey.co.uk/id/country/scotland,,,
osgb4000000073303826,http://data.ordnancesurvey.co.uk/id/4000000073303826,Helmsdale Primary School,,,,other,Primary Education,302754,915726,1000,50000,302504,915475,303004,915975,KW8,http://data.ordnancesurvey.co.uk/id/postcodedistrict/KW8,East Helmsdale,http://data.ordnancesurvey.co.uk/id/4000000074570664,http://www.ordnancesurvey.co.uk/xml/codelists/localtype.xml#village,,,,Highland,http://data.ordnancesurvey.co.uk/id/7000000000186625,http://data.ordnancesurvey.co.uk/ontology/admingeo/UnitaryAuthority,Scotland,http://data.ordnancesurvey.co.uk/id/7000000000041429,Scotland,http://data.ordnancesurvey.co.uk/id/country/scotland,,,
osgb4000000074614429,http://data.ordnancesurvey.co.uk/id/4000000074614429,Tràigh Cailliche,,,,landcover,Beach,308620,919416,1000,100000,308370,919186,308870,919686,KW7,http://data.ordnancesurvey.co.uk/id/postcodedistrict/KW7,,,,,,,Highland,http://data.ordnancesurvey.co.uk/id/7000000000186625,http://data.ordnancesurvey.co.uk/ontology/admingeo/UnitaryAuthority,Scotland,http://data.ordnancesurvey.co.uk/id/7000000000041429,Scotland,http://data.ordnancesurvey.co.uk/id/country/scotland,,,
osgb4000000074757421,http://data.ordnancesurvey.co.uk/id/4000000074757421,Leac Ghlas,,,,landform,Other Coastal Landform,307733,918660,1000,20000,307486,918410,307986,918910,KW7,http://data.ordnancesurvey.co.uk/id/postcodedistrict/KW7,,,,,,,Highland,http://data.ordnancesurvey.co.uk/id/7000000000186625,http://data.ordnancesurvey.co.uk/ontology/admingeo/UnitaryAuthority,Scotland,http://data.ordnancesurvey.co.uk/id/7000000000041429,Scotland,http://data.ordnancesurvey.co.uk/id/country/scotland,,,
osgb4000000074614430,http://data.ordnancesurvey.co.uk/id/4000000074614430,Stùc Dhubh,,,,landform,Other Coastal Landform,309283,919861,1000,50000,309034,919622,309534,920122,KW7,http://data.ordnancesurvey.co.uk/id/postcodedistrict/KW7,,,,,,,Highland,http://data.ordnancesurvey.co.uk/id/7000000000186625,http://data.ordnancesurvey.co.uk/ontology/admingeo/UnitaryAuthority,Scotland,http://data.ordnancesurvey.co.uk/id/7000000000041429,Scotland,http://data.ordnancesurvey.co.uk/id/country/scotland,,,
osgb4000000074599351,http://data.ordnancesurvey.co.uk/id/4000000074599351,Helmsdale Rock,eng,Creag Bun-Ullidh,gla,landform,Hill Or Mountain,302951,916585,1000,300000,302701,916335,303201,916835,KW8,http://data.ordnancesurvey.co.uk/id/postcodedistrict/KW8,,,,,,,Highland,http://data.ordnancesurvey.co.uk/id/7000000000186625,http://data.ordnancesurvey.co.uk/ontology/admingeo/UnitaryAuthority,Scotland,http://data.ordnancesurvey.co.uk/id/7000000000041429,Scotland,http://data.ordnancesurvey.co.uk/id/country/scotland,,,
KW86JG,http://data.ordnancesurvey.co.uk/id/postcodeunit/KW86JG,KW8 6JG,,,,other,Postcode,302629,915557,3500,18000,,,,,,,East Helmsdale,http://data.ordnancesurvey.co.uk/id/4000000074570664,http://www.ordnancesurvey.co.uk/xml/codelists/localtype.xml#village,,,,Highland,http://data.ordnancesurvey.co.uk/id/7000000000186625,http://data.ordnancesurvey.co.uk/ontology/admingeo/UnitaryAuthority,Scotland,http://data.ordnancesurvey.co.uk/id/7000000000041429,Scotland,http://data.ordnancesurvey.co.uk/id/country/scotland,,,
KW86LH,http://data.ordnancesurvey.co.uk/id/postcodeunit/KW86LH,KW8 6LH,,,,other,Postcode,302852,915398,3500,18000,,,,,,,East Helmsdale,http://data.ordnancesurvey.co.uk/id/4000000074570664,http://www.ordnancesurvey.co.uk/xml/codelists/localtype.xml#village,,,,Highland,http://data.ordnancesurvey.co.uk/id/7000000000186625,http://data.ordnancesurvey.co.uk/ontology/admingeo/UnitaryAuthority,Scotland,http://data.ordnancesurvey.co.uk/id/7000000000041429,Scotland,http://data.ordnancesurvey.co.uk/id/country/scotland,,,
KW86LF,http://data.ordnancesurvey.co.uk/id/postcodeunit/KW86LF,KW8 6LF,,,,other,Postcode,303123,915313,3500,18000,,,,,,,East Helmsdale,http://data.ordnancesurvey.co.uk/id/4000000074570664,http://www.ordnancesurvey.co.uk/xml/codelists/localtype.xml#village,,,,Highland,http://data.ordnancesurvey.co.uk/id/7000000000186625,http://data.ordnancesurvey.co.uk/ontology/admingeo/UnitaryAuthority,Scotland,http://data.ordnancesurvey.co.uk/id/7000000000041429,Scotland,http://data.ordnancesurvey.co.uk/id/country/scotland,,,
KW86JR,http://data.ordnancesurvey.co.uk/id/postcodeunit/KW86JR,KW8 6JR,,,,other,Postcode,302950,915439,3500,18000,,,,,,,East Helmsdale,http://data.ordnancesurvey.co.uk/id/4000000074570664,http://www.ordnancesurvey.co.uk/xml/codelists/localtype.xml#village,,,,Highland,http://data.ordnancesurvey.co.uk/id/7000000000186625,http://data.ordnancesurvey.co.uk/ontology/admingeo/UnitaryAuthority,Scotland,http://data.ordnancesurvey.co.uk/id/7000000000041429,Scotland,http://data.ordnancesurvey.co.uk/id/country/scotland,,,
KW86HU,http://data.ordnancesurvey.co.uk/id/postcodeunit/KW86HU,KW8 6HU,,,,other,Postcode,301787,916770,3500,18000,,,,,,,Marrel,http://data.ordnancesurvey.co.uk/id/4000000074570667,http://www.ordnancesurvey.co.uk/xml/codelists/localtype.xml#hamlet,,,,Highland,http://data.ordnancesurvey.co.uk/id/7000000000186625,http://data.ordnancesurvey.co.uk/ontology/admingeo/UnitaryAuthority,Scotland,http://data.ordnancesurvey.co.uk/id/7000000000041429,Scotland,http://data.ordnancesurvey.co.uk/id/country/scotland,,,
KW86JQ,http://data.ordnancesurvey.co.uk/id/postcodeunit/KW86JQ,KW8 6JQ,,,,other,Postcode,302748,915531,3500,18000,,,,,,,East Helmsdale,http://data.ordnancesurvey.co.uk/id/4000000074570664,http://www.ordnancesurvey.co.uk/xml/codelists/localtype.xml#village,,,,Highland,http://data.ordnancesurvey.co.uk/id/7000000000186625,http://data.ordnancesurvey.co.uk/ontology/admingeo/UnitaryAuthority,Scotland,http://data.ordnancesurvey.co.uk/id/7000000000041429,Scotland,http://data.ordnancesurvey.co.uk/id/country/scotland,,,
b91ea76a-0117-4f7e-afeb-7742e2e3698f,http://data.ordnancesurvey.co.uk/id/b91ea76a-0117-4f7e-afeb-7742e2e3698f,Navidale Road,,,,transportNetwork,Section Of Named Road,303781,916284,7000,25000,303444,915711,303871,916851,KW8,http://data.ordnancesurvey.co.uk/id/postcodedistrict/KW8,Navidale,http://data.ordnancesurvey.co.uk/id/4000000074570665,http://www.ordnancesurvey.co.uk/xml/codelists/localtype.xml#otherSettlement,,,,Highland,http://data.ordnancesurvey.co.uk/id/7000000000186625,http://data.ordnancesurvey.co.uk/ontology/admingeo/UnitaryAuthority,Scotland,http://data.ordnancesurvey.co.uk/id/7000000000041429,Scotland,http://data.ordnancesurvey.co.uk/id/country/scotland,osgb4000000003379274,,
osgb4000000003379308,http://data.ordnancesurvey.co.uk/id/4000000003379308,Dunrobin Street,,,,transportNetwork,Named Road,302945,915256,4000,20000,302660,915192,303220,915426,KW8,http://data.ordnancesurvey.co.uk/id/postcodedistrict/KW8,East Helmsdale,http://data.ordnancesurvey.co.uk/id/4000000074570664,http://www.ordnancesurvey.co.uk/xml/codelists/localtype.xml#village,,,,Highland,http://data.ordnancesurvey.co.uk/id/7000000000186625,http://data.ordnancesurvey.co.uk/ontology/admingeo/UnitaryAuthority,Scotland,http://data.ordnancesurvey.co.uk/id/7000000000041429,Scotland,http://data.ordnancesurvey.co.uk/id/country/scotland,,,
osgb4000000003379281,http://data.ordnancesurvey.co.uk/id/4000000003379281,Shore Street,,,,transportNetwork,Named Road,302890,915208,3000,20000,302641,915187,303108,915355,KW8,http://data.ordnancesurvey.co.uk/id/postcodedistrict/KW8,East Helmsdale,http://data.ordnancesurvey.co.uk/id/4000000074570664,http://www.ordnancesurvey.co.uk/xml/codelists/localtype.xml#village,,,,Highland,http://data.ordnancesurvey.co.uk/id/7000000000186625,http://data.ordnancesurvey.co.uk/ontology/admingeo/UnitaryAuthority,Scotland,http://data.ordnancesurvey.co.uk/id/7000000000041429,Scotland,http://data.ordnancesurvey.co.uk/id/country/scotland,,,
osgb4000000003379309,http://data.ordnancesurvey.co.uk/id/4000000003379309,Old Caithness Road,,,,transportNetwork,Named Road,302798,915580,2000,20000,302642,915508,302979,915666,KW8,http://data.ordnancesurvey.co.uk/id/postcodedistrict/KW8,East Helmsdale,http://data.ordnancesurvey.co.uk/id/4000000074570664,http://www.ordnancesurvey.co.uk/xml/codelists/localtype.xml#village,,,,Highland,http://data.ordnancesurvey.co.uk/id/7000000000186625,http://data.ordnancesurvey.co.uk/ontology/admingeo/UnitaryAuthority,Scotland,http://data.ordnancesurvey.co.uk/id/7000000000041429,Scotland,http://data.ordnancesurvey.co.uk/id/country/scotland,,,
