﻿osgb4000000074758383,http://data.ordnancesurvey.co.uk/id/4000000074758383,Rora Head,,,,landform,Cliff Or Slope,317412,999233,2000,40000,317214,998984,317714,999484,KW16,http://data.ordnancesurvey.co.uk/id/postcodedistrict/KW16,,,,,,,Orkney Islands,http://data.ordnancesurvey.co.uk/id/7000000000186631,http://data.ordnancesurvey.co.uk/ontology/admingeo/UnitaryAuthority,Scotland,http://data.ordnancesurvey.co.uk/id/7000000000041429,Scotland,http://data.ordnancesurvey.co.uk/id/country/scotland,,,
osgb4000000074588581,http://data.ordnancesurvey.co.uk/id/4000000074588581,Fingi Geo,,,,landform,Other Coastal Landform,317910,999203,1000,15000,317660,998950,318160,999450,KW16,http://data.ordnancesurvey.co.uk/id/postcodedistrict/KW16,,,,,,,Orkney Islands,http://data.ordnancesurvey.co.uk/id/7000000000186631,http://data.ordnancesurvey.co.uk/ontology/admingeo/UnitaryAuthority,Scotland,http://data.ordnancesurvey.co.uk/id/7000000000041429,Scotland,http://data.ordnancesurvey.co.uk/id/country/scotland,,,
osgb4000000074593590,http://data.ordnancesurvey.co.uk/id/4000000074593590,Lang Geo,,,,landform,Other Coastal Landform,318374,999192,1000,15000,318124,998951,318624,999451,KW16,http://data.ordnancesurvey.co.uk/id/postcodedistrict/KW16,,,,,,,Orkney Islands,http://data.ordnancesurvey.co.uk/id/7000000000186631,http://data.ordnancesurvey.co.uk/ontology/admingeo/UnitaryAuthority,Scotland,http://data.ordnancesurvey.co.uk/id/7000000000041429,Scotland,http://data.ordnancesurvey.co.uk/id/country/scotland,,,
osgb4000000074758381,http://data.ordnancesurvey.co.uk/id/4000000074758381,Black Nev,,,,landform,Cliff Or Slope,318632,999010,1000,40000,318394,998760,318894,999260,KW16,http://data.ordnancesurvey.co.uk/id/postcodedistrict/KW16,,,,,,,Orkney Islands,http://data.ordnancesurvey.co.uk/id/7000000000186631,http://data.ordnancesurvey.co.uk/ontology/admingeo/UnitaryAuthority,Scotland,http://data.ordnancesurvey.co.uk/id/7000000000041429,Scotland,http://data.ordnancesurvey.co.uk/id/country/scotland,,,
osgb4000000074588154,http://data.ordnancesurvey.co.uk/id/4000000074588154,Narrow Geo,,,,landform,Other Coastal Landform,318046,999208,1000,15000,317796,998965,318296,999465,KW16,http://data.ordnancesurvey.co.uk/id/postcodedistrict/KW16,,,,,,,Orkney Islands,http://data.ordnancesurvey.co.uk/id/7000000000186631,http://data.ordnancesurvey.co.uk/ontology/admingeo/UnitaryAuthority,Scotland,http://data.ordnancesurvey.co.uk/id/7000000000041429,Scotland,http://data.ordnancesurvey.co.uk/id/country/scotland,,,
osgb4000000074758382,http://data.ordnancesurvey.co.uk/id/4000000074758382,Geo of the Side,,,,landform,Other Coastal Landform,318188,999222,1000,15000,317939,998970,318439,999470,KW16,http://data.ordnancesurvey.co.uk/id/postcodedistrict/KW16,,,,,,,Orkney Islands,http://data.ordnancesurvey.co.uk/id/7000000000186631,http://data.ordnancesurvey.co.uk/ontology/admingeo/UnitaryAuthority,Scotland,http://data.ordnancesurvey.co.uk/id/7000000000041429,Scotland,http://data.ordnancesurvey.co.uk/id/country/scotland,,,
osgb4000000074757851,http://data.ordnancesurvey.co.uk/id/4000000074757851,Nose of the Yard,,,,landform,Other Coastal Landform,319791,999012,1000,20000,319539,998762,320039,999262,KW16,http://data.ordnancesurvey.co.uk/id/postcodedistrict/KW16,,,,,,,Orkney Islands,http://data.ordnancesurvey.co.uk/id/7000000000186631,http://data.ordnancesurvey.co.uk/ontology/admingeo/UnitaryAuthority,Scotland,http://data.ordnancesurvey.co.uk/id/7000000000041429,Scotland,http://data.ordnancesurvey.co.uk/id/country/scotland,,,
osgb4000000074619571,http://data.ordnancesurvey.co.uk/id/4000000074619571,Moor Fea,,,,landform,Hill Or Mountain,319044,999959,1000,300000,318794,999709,319294,1000209,KW16,http://data.ordnancesurvey.co.uk/id/postcodedistrict/KW16,,,,,,,Orkney Islands,http://data.ordnancesurvey.co.uk/id/7000000000186631,http://data.ordnancesurvey.co.uk/ontology/admingeo/UnitaryAuthority,Scotland,http://data.ordnancesurvey.co.uk/id/7000000000041429,Scotland,http://data.ordnancesurvey.co.uk/id/country/scotland,,,
osgb4000000074715499,http://data.ordnancesurvey.co.uk/id/4000000074715499,Too of the Head,,,,landform,Cliff Or Slope,318931,998918,7000,40000,318696,998668,319713,999168,KW16,http://data.ordnancesurvey.co.uk/id/postcodedistrict/KW16,,,,,,,Orkney Islands,http://data.ordnancesurvey.co.uk/id/7000000000186631,http://data.ordnancesurvey.co.uk/ontology/admingeo/UnitaryAuthority,Scotland,http://data.ordnancesurvey.co.uk/id/7000000000041429,Scotland,http://data.ordnancesurvey.co.uk/id/country/scotland,,,
osgb4000000074808474,http://data.ordnancesurvey.co.uk/id/4000000074808474,Loch of Stourdale,,,,hydrography,Inland Water,317724,999950,1000,500000,317456,999701,317956,1000201,KW16,http://data.ordnancesurvey.co.uk/id/postcodedistrict/KW16,,,,,,,Orkney Islands,http://data.ordnancesurvey.co.uk/id/7000000000186631,http://data.ordnancesurvey.co.uk/ontology/admingeo/UnitaryAuthority,Scotland,http://data.ordnancesurvey.co.uk/id/7000000000041429,Scotland,http://data.ordnancesurvey.co.uk/id/country/scotland,,,
osgb4000000074588568,http://data.ordnancesurvey.co.uk/id/4000000074588568,Sandy Geo,,,,landform,Other Coastal Landform,317353,999486,1000,15000,317103,999248,317603,999748,KW16,http://data.ordnancesurvey.co.uk/id/postcodedistrict/KW16,,,,,,,Orkney Islands,http://data.ordnancesurvey.co.uk/id/7000000000186631,http://data.ordnancesurvey.co.uk/ontology/admingeo/UnitaryAuthority,Scotland,http://data.ordnancesurvey.co.uk/id/7000000000041429,Scotland,http://data.ordnancesurvey.co.uk/id/country/scotland,,,
