﻿osgb4000000074336979,http://data.ordnancesurvey.co.uk/id/4000000074336979,Hiort,gla,St Kilda or Hirta,eng,populatedPlace,Other Settlement,10422,899138,15000,25000,10172,898888,10672,899388,HS6,http://data.ordnancesurvey.co.uk/id/postcodedistrict/HS6,,,,,,,Na h-Eileanan an Iar,http://data.ordnancesurvey.co.uk/id/7000000000186634,http://data.ordnancesurvey.co.uk/ontology/admingeo/UnitaryAuthority,Scotland,http://data.ordnancesurvey.co.uk/id/7000000000041429,Scotland,http://data.ordnancesurvey.co.uk/id/country/scotland,,,
osgb4000000074768913,http://data.ordnancesurvey.co.uk/id/4000000074768913,Mullach Sgar,,,,landform,Hill Or Mountain,9192,898970,1000,300000,8942,898720,9442,899220,HS6,http://data.ordnancesurvey.co.uk/id/postcodedistrict/HS6,,,,,,,Na h-Eileanan an Iar,http://data.ordnancesurvey.co.uk/id/7000000000186634,http://data.ordnancesurvey.co.uk/ontology/admingeo/UnitaryAuthority,Scotland,http://data.ordnancesurvey.co.uk/id/7000000000041429,Scotland,http://data.ordnancesurvey.co.uk/id/country/scotland,,,
osgb4000000074616750,http://data.ordnancesurvey.co.uk/id/4000000074616750,Mullach Bi,,,,landform,Hill Or Mountain,8024,899408,1000,300000,7774,899158,8274,899658,HS6,http://data.ordnancesurvey.co.uk/id/postcodedistrict/HS6,,,,,,,Na h-Eileanan an Iar,http://data.ordnancesurvey.co.uk/id/7000000000186634,http://data.ordnancesurvey.co.uk/ontology/admingeo/UnitaryAuthority,Scotland,http://data.ordnancesurvey.co.uk/id/7000000000041429,Scotland,http://data.ordnancesurvey.co.uk/id/country/scotland,,,
osgb4000000074747386,http://data.ordnancesurvey.co.uk/id/4000000074747386,Na h-Eagan,,,,landform,Cliff Or Slope,9361,898375,4000,40000,9111,898093,9611,898653,HS6,http://data.ordnancesurvey.co.uk/id/postcodedistrict/HS6,,,,,,,Na h-Eileanan an Iar,http://data.ordnancesurvey.co.uk/id/7000000000186634,http://data.ordnancesurvey.co.uk/ontology/admingeo/UnitaryAuthority,Scotland,http://data.ordnancesurvey.co.uk/id/7000000000041429,Scotland,http://data.ordnancesurvey.co.uk/id/country/scotland,,,
osgb4000000074586350,http://data.ordnancesurvey.co.uk/id/4000000074586350,Hirta,eng,Hiort,gla,landform,Island,9433,899553,25000,800000,7392,897797,11292,901309,HS6,http://data.ordnancesurvey.co.uk/id/postcodedistrict/HS6,,,,,,,Na h-Eileanan an Iar,http://data.ordnancesurvey.co.uk/id/7000000000186634,http://data.ordnancesurvey.co.uk/ontology/admingeo/UnitaryAuthority,Scotland,http://data.ordnancesurvey.co.uk/id/7000000000041429,Scotland,http://data.ordnancesurvey.co.uk/id/country/scotland,,,
osgb4000000074609152,http://data.ordnancesurvey.co.uk/id/4000000074609152,Hamalan,,,,landform,Other Coastal Landform,10870,897042,1000,50000,10618,896792,11118,897292,HS6,http://data.ordnancesurvey.co.uk/id/postcodedistrict/HS6,,,,,,,Na h-Eileanan an Iar,http://data.ordnancesurvey.co.uk/id/7000000000186634,http://data.ordnancesurvey.co.uk/ontology/admingeo/UnitaryAuthority,Scotland,http://data.ordnancesurvey.co.uk/id/7000000000041429,Scotland,http://data.ordnancesurvey.co.uk/id/country/scotland,,,
osgb4000000074618366,http://data.ordnancesurvey.co.uk/id/4000000074618366,Bioda Mòr,,,,landform,Hill Or Mountain,10424,897366,1000,300000,10174,897116,10674,897616,HS6,http://data.ordnancesurvey.co.uk/id/postcodedistrict/HS6,,,,,,,Na h-Eileanan an Iar,http://data.ordnancesurvey.co.uk/id/7000000000186634,http://data.ordnancesurvey.co.uk/ontology/admingeo/UnitaryAuthority,Scotland,http://data.ordnancesurvey.co.uk/id/7000000000041429,Scotland,http://data.ordnancesurvey.co.uk/id/country/scotland,,,
osgb4000000074614888,http://data.ordnancesurvey.co.uk/id/4000000074614888,An Torc,,,,landform,Other Coastal Landform,9166,898225,1000,50000,8916,897974,9416,898474,HS6,http://data.ordnancesurvey.co.uk/id/postcodedistrict/HS6,,,,,,,Na h-Eileanan an Iar,http://data.ordnancesurvey.co.uk/id/7000000000186634,http://data.ordnancesurvey.co.uk/ontology/admingeo/UnitaryAuthority,Scotland,http://data.ordnancesurvey.co.uk/id/7000000000041429,Scotland,http://data.ordnancesurvey.co.uk/id/country/scotland,,,
osgb4000000074609151,http://data.ordnancesurvey.co.uk/id/4000000074609151,Na Bodhan,,,,landform,Other Coastal Landform,13536,896733,1000,50000,13284,896484,13784,896984,HS6,http://data.ordnancesurvey.co.uk/id/postcodedistrict/HS6,,,,,,,Na h-Eileanan an Iar,http://data.ordnancesurvey.co.uk/id/7000000000186634,http://data.ordnancesurvey.co.uk/ontology/admingeo/UnitaryAuthority,Scotland,http://data.ordnancesurvey.co.uk/id/7000000000041429,Scotland,http://data.ordnancesurvey.co.uk/id/country/scotland,,,
osgb4000000074746608,http://data.ordnancesurvey.co.uk/id/4000000074746608,Gob Chathaill,,,,landform,Coastal Headland,7984,899049,1000,750000,7734,898798,8234,899298,HS6,http://data.ordnancesurvey.co.uk/id/postcodedistrict/HS6,,,,,,,Na h-Eileanan an Iar,http://data.ordnancesurvey.co.uk/id/7000000000186634,http://data.ordnancesurvey.co.uk/ontology/admingeo/UnitaryAuthority,Scotland,http://data.ordnancesurvey.co.uk/id/7000000000041429,Scotland,http://data.ordnancesurvey.co.uk/id/country/scotland,,,
osgb4000000074746850,http://data.ordnancesurvey.co.uk/id/4000000074746850,Gob an Dùin,,,,landform,Coastal Headland,10919,897183,1000,750000,10663,896933,11163,897433,HS6,http://data.ordnancesurvey.co.uk/id/postcodedistrict/HS6,,,,,,,Na h-Eileanan an Iar,http://data.ordnancesurvey.co.uk/id/7000000000186634,http://data.ordnancesurvey.co.uk/ontology/admingeo/UnitaryAuthority,Scotland,http://data.ordnancesurvey.co.uk/id/7000000000041429,Scotland,http://data.ordnancesurvey.co.uk/id/country/scotland,,,
osgb4000000074789529,http://data.ordnancesurvey.co.uk/id/4000000074789529,A' Chlaisir,,,,hydrography,Tidal Water,10012,897472,1000,150000,9763,897229,10263,897729,HS6,http://data.ordnancesurvey.co.uk/id/postcodedistrict/HS6,,,,,,,Na h-Eileanan an Iar,http://data.ordnancesurvey.co.uk/id/7000000000186634,http://data.ordnancesurvey.co.uk/ontology/admingeo/UnitaryAuthority,Scotland,http://data.ordnancesurvey.co.uk/id/7000000000041429,Scotland,http://data.ordnancesurvey.co.uk/id/country/scotland,,,
osgb4000000074768959,http://data.ordnancesurvey.co.uk/id/4000000074768959,Glacan Oisebhal,,,,landform,Valley,10888,899016,2000,800000,10638,898765,11138,899265,HS6,http://data.ordnancesurvey.co.uk/id/postcodedistrict/HS6,,,,,,,Na h-Eileanan an Iar,http://data.ordnancesurvey.co.uk/id/7000000000186634,http://data.ordnancesurvey.co.uk/ontology/admingeo/UnitaryAuthority,Scotland,http://data.ordnancesurvey.co.uk/id/7000000000041429,Scotland,http://data.ordnancesurvey.co.uk/id/country/scotland,,,
osgb4000000074747326,http://data.ordnancesurvey.co.uk/id/4000000074747326,Geo Chille Brianan,,,,landform,Other Coastal Landform,9768,898329,1000,15000,9539,898079,10039,898579,HS6,http://data.ordnancesurvey.co.uk/id/postcodedistrict/HS6,,,,,,,Na h-Eileanan an Iar,http://data.ordnancesurvey.co.uk/id/7000000000186634,http://data.ordnancesurvey.co.uk/ontology/admingeo/UnitaryAuthority,Scotland,http://data.ordnancesurvey.co.uk/id/7000000000041429,Scotland,http://data.ordnancesurvey.co.uk/id/country/scotland,,,
osgb4000000074747267,http://data.ordnancesurvey.co.uk/id/4000000074747267,Geodha Seilg,,,,landform,Other Coastal Landform,10263,897728,1000,15000,10014,897476,10514,897976,HS6,http://data.ordnancesurvey.co.uk/id/postcodedistrict/HS6,,,,,,,Na h-Eileanan an Iar,http://data.ordnancesurvey.co.uk/id/7000000000186634,http://data.ordnancesurvey.co.uk/ontology/admingeo/UnitaryAuthority,Scotland,http://data.ordnancesurvey.co.uk/id/7000000000041429,Scotland,http://data.ordnancesurvey.co.uk/id/country/scotland,,,
osgb4000000074746913,http://data.ordnancesurvey.co.uk/id/4000000074746913,Carn Mòr,,,,landform,Other Coastal Landform,7941,899239,1000,20000,7692,898982,8192,899482,HS6,http://data.ordnancesurvey.co.uk/id/postcodedistrict/HS6,,,,,,,Na h-Eileanan an Iar,http://data.ordnancesurvey.co.uk/id/7000000000186634,http://data.ordnancesurvey.co.uk/ontology/admingeo/UnitaryAuthority,Scotland,http://data.ordnancesurvey.co.uk/id/7000000000041429,Scotland,http://data.ordnancesurvey.co.uk/id/country/scotland,,,
osgb4000000074746852,http://data.ordnancesurvey.co.uk/id/4000000074746852,Geo a' Bhroige,,,,landform,Other Coastal Landform,10748,899877,1000,15000,10499,899629,10999,900129,HS6,http://data.ordnancesurvey.co.uk/id/postcodedistrict/HS6,,,,,,,Na h-Eileanan an Iar,http://data.ordnancesurvey.co.uk/id/7000000000186634,http://data.ordnancesurvey.co.uk/ontology/admingeo/UnitaryAuthority,Scotland,http://data.ordnancesurvey.co.uk/id/7000000000041429,Scotland,http://data.ordnancesurvey.co.uk/id/country/scotland,,,
osgb4000000074747385,http://data.ordnancesurvey.co.uk/id/4000000074747385,Ruabhal,,,,landform,Coastal Headland,9505,898296,7000,750000,9088,897791,9921,898850,HS6,http://data.ordnancesurvey.co.uk/id/postcodedistrict/HS6,,,,,,,Na h-Eileanan an Iar,http://data.ordnancesurvey.co.uk/id/7000000000186634,http://data.ordnancesurvey.co.uk/ontology/admingeo/UnitaryAuthority,Scotland,http://data.ordnancesurvey.co.uk/id/7000000000041429,Scotland,http://data.ordnancesurvey.co.uk/id/country/scotland,,,
osgb4000000074746606,http://data.ordnancesurvey.co.uk/id/4000000074746606,Nèill Geodha Clann,,,,landform,Other Coastal Landform,10840,898826,1000,15000,10594,898576,11094,899076,HS6,http://data.ordnancesurvey.co.uk/id/postcodedistrict/HS6,,,,,,,Na h-Eileanan an Iar,http://data.ordnancesurvey.co.uk/id/7000000000186634,http://data.ordnancesurvey.co.uk/ontology/admingeo/UnitaryAuthority,Scotland,http://data.ordnancesurvey.co.uk/id/7000000000041429,Scotland,http://data.ordnancesurvey.co.uk/id/country/scotland,,,
osgb4000000074768898,http://data.ordnancesurvey.co.uk/id/4000000074768898,Mullach Geal,,,,landform,Hill Or Mountain,9265,899810,1000,300000,9015,899560,9515,900060,HS6,http://data.ordnancesurvey.co.uk/id/postcodedistrict/HS6,,,,,,,Na h-Eileanan an Iar,http://data.ordnancesurvey.co.uk/id/7000000000186634,http://data.ordnancesurvey.co.uk/ontology/admingeo/UnitaryAuthority,Scotland,http://data.ordnancesurvey.co.uk/id/7000000000041429,Scotland,http://data.ordnancesurvey.co.uk/id/country/scotland,,,
osgb4000000074747501,http://data.ordnancesurvey.co.uk/id/4000000074747501,Geo nan Sgarbh,,,,landform,Other Coastal Landform,11184,899316,1000,15000,10934,899072,11434,899572,HS6,http://data.ordnancesurvey.co.uk/id/postcodedistrict/HS6,,,,,,,Na h-Eileanan an Iar,http://data.ordnancesurvey.co.uk/id/7000000000186634,http://data.ordnancesurvey.co.uk/ontology/admingeo/UnitaryAuthority,Scotland,http://data.ordnancesurvey.co.uk/id/7000000000041429,Scotland,http://data.ordnancesurvey.co.uk/id/country/scotland,,,
osgb4000000074609153,http://data.ordnancesurvey.co.uk/id/4000000074609153,Sgeir Cùl an Rubha,,,,landform,Other Coastal Landform,10393,897146,1000,50000,10160,896896,10660,897396,HS6,http://data.ordnancesurvey.co.uk/id/postcodedistrict/HS6,,,,,,,Na h-Eileanan an Iar,http://data.ordnancesurvey.co.uk/id/7000000000186634,http://data.ordnancesurvey.co.uk/ontology/admingeo/UnitaryAuthority,Scotland,http://data.ordnancesurvey.co.uk/id/7000000000041429,Scotland,http://data.ordnancesurvey.co.uk/id/country/scotland,,,
osgb4000000074746607,http://data.ordnancesurvey.co.uk/id/4000000074746607,Geo Creag an Arpaid,,,,landform,Other Coastal Landform,7939,899072,1000,15000,7690,898833,8190,899333,HS6,http://data.ordnancesurvey.co.uk/id/postcodedistrict/HS6,,,,,,,Na h-Eileanan an Iar,http://data.ordnancesurvey.co.uk/id/7000000000186634,http://data.ordnancesurvey.co.uk/ontology/admingeo/UnitaryAuthority,Scotland,http://data.ordnancesurvey.co.uk/id/7000000000041429,Scotland,http://data.ordnancesurvey.co.uk/id/country/scotland,,,
osgb4000000074586387,http://data.ordnancesurvey.co.uk/id/4000000074586387,Sgeir Mhòr,,,,landform,Other Coastal Landform,7697,899200,1000,50000,7447,898952,7947,899452,HS6,http://data.ordnancesurvey.co.uk/id/postcodedistrict/HS6,,,,,,,Na h-Eileanan an Iar,http://data.ordnancesurvey.co.uk/id/7000000000186634,http://data.ordnancesurvey.co.uk/ontology/admingeo/UnitaryAuthority,Scotland,http://data.ordnancesurvey.co.uk/id/7000000000041429,Scotland,http://data.ordnancesurvey.co.uk/id/country/scotland,,,
osgb4000000074613879,http://data.ordnancesurvey.co.uk/id/4000000074613879,Dùn,,,,landform,Island,10380,897491,8000,800000,9749,897087,11011,897949,HS6,http://data.ordnancesurvey.co.uk/id/postcodedistrict/HS6,,,,,,,Na h-Eileanan an Iar,http://data.ordnancesurvey.co.uk/id/7000000000186634,http://data.ordnancesurvey.co.uk/ontology/admingeo/UnitaryAuthority,Scotland,http://data.ordnancesurvey.co.uk/id/7000000000041429,Scotland,http://data.ordnancesurvey.co.uk/id/country/scotland,,,
osgb4000000074746909,http://data.ordnancesurvey.co.uk/id/4000000074746909,Geo Ghiasgeir,,,,landform,Other Coastal Landform,10328,897525,1000,15000,10077,897276,10577,897776,HS6,http://data.ordnancesurvey.co.uk/id/postcodedistrict/HS6,,,,,,,Na h-Eileanan an Iar,http://data.ordnancesurvey.co.uk/id/7000000000186634,http://data.ordnancesurvey.co.uk/ontology/admingeo/UnitaryAuthority,Scotland,http://data.ordnancesurvey.co.uk/id/7000000000041429,Scotland,http://data.ordnancesurvey.co.uk/id/country/scotland,,,
osgb4000000074747500,http://data.ordnancesurvey.co.uk/id/4000000074747500,Geo na Muirbhuaile,gla,Bream,eng,landform,Other Coastal Landform,11047,899588,1000,15000,10798,899348,11298,899848,HS6,http://data.ordnancesurvey.co.uk/id/postcodedistrict/HS6,,,,,,,Na h-Eileanan an Iar,http://data.ordnancesurvey.co.uk/id/7000000000186634,http://data.ordnancesurvey.co.uk/ontology/admingeo/UnitaryAuthority,Scotland,http://data.ordnancesurvey.co.uk/id/7000000000041429,Scotland,http://data.ordnancesurvey.co.uk/id/country/scotland,,,
osgb4000000074715112,http://data.ordnancesurvey.co.uk/id/4000000074715112,Gob na Muce,,,,landform,Other Coastal Landform,10986,897120,1000,20000,10736,896869,11236,897369,HS6,http://data.ordnancesurvey.co.uk/id/postcodedistrict/HS6,,,,,,,Na h-Eileanan an Iar,http://data.ordnancesurvey.co.uk/id/7000000000186634,http://data.ordnancesurvey.co.uk/ontology/admingeo/UnitaryAuthority,Scotland,http://data.ordnancesurvey.co.uk/id/7000000000041429,Scotland,http://data.ordnancesurvey.co.uk/id/country/scotland,,,
osgb4000000074747450,http://data.ordnancesurvey.co.uk/id/4000000074747450,Rubha an Uisge,,,,landform,Coastal Headland,11233,899146,2000,750000,10983,898925,11483,899425,HS6,http://data.ordnancesurvey.co.uk/id/postcodedistrict/HS6,,,,,,,Na h-Eileanan an Iar,http://data.ordnancesurvey.co.uk/id/7000000000186634,http://data.ordnancesurvey.co.uk/ontology/admingeo/UnitaryAuthority,Scotland,http://data.ordnancesurvey.co.uk/id/7000000000041429,Scotland,http://data.ordnancesurvey.co.uk/id/country/scotland,,,
osgb4000000074747387,http://data.ordnancesurvey.co.uk/id/4000000074747387,Geodha na Bà Glaise,,,,landform,Other Coastal Landform,8367,898938,1000,15000,8110,898688,8610,899188,HS6,http://data.ordnancesurvey.co.uk/id/postcodedistrict/HS6,,,,,,,Na h-Eileanan an Iar,http://data.ordnancesurvey.co.uk/id/7000000000186634,http://data.ordnancesurvey.co.uk/ontology/admingeo/UnitaryAuthority,Scotland,http://data.ordnancesurvey.co.uk/id/7000000000041429,Scotland,http://data.ordnancesurvey.co.uk/id/country/scotland,,,
osgb4000000074723435,http://data.ordnancesurvey.co.uk/id/4000000074723435,Gleann Mòr,,,,landform,Valley,8636,899890,6000,800000,8387,899379,8887,900264,HS6,http://data.ordnancesurvey.co.uk/id/postcodedistrict/HS6,,,,,,,Na h-Eileanan an Iar,http://data.ordnancesurvey.co.uk/id/7000000000186634,http://data.ordnancesurvey.co.uk/ontology/admingeo/UnitaryAuthority,Scotland,http://data.ordnancesurvey.co.uk/id/7000000000041429,Scotland,http://data.ordnancesurvey.co.uk/id/country/scotland,,,
osgb4000000074746605,http://data.ordnancesurvey.co.uk/id/4000000074746605,Geo na Eaige,,,,landform,Other Coastal Landform,10845,899772,1000,15000,10599,899522,11099,900022,HS6,http://data.ordnancesurvey.co.uk/id/postcodedistrict/HS6,,,,,,,Na h-Eileanan an Iar,http://data.ordnancesurvey.co.uk/id/7000000000186634,http://data.ordnancesurvey.co.uk/ontology/admingeo/UnitaryAuthority,Scotland,http://data.ordnancesurvey.co.uk/id/7000000000041429,Scotland,http://data.ordnancesurvey.co.uk/id/country/scotland,,,
osgb4000000074758620,http://data.ordnancesurvey.co.uk/id/4000000074758620,Tot a Chombaiste,,,,landform,Other Coastal Landform,11069,899075,1000,20000,10817,898825,11317,899325,HS6,http://data.ordnancesurvey.co.uk/id/postcodedistrict/HS6,,,,,,,Na h-Eileanan an Iar,http://data.ordnancesurvey.co.uk/id/7000000000186634,http://data.ordnancesurvey.co.uk/ontology/admingeo/UnitaryAuthority,Scotland,http://data.ordnancesurvey.co.uk/id/7000000000041429,Scotland,http://data.ordnancesurvey.co.uk/id/country/scotland,,,
osgb4000000074788217,http://data.ordnancesurvey.co.uk/id/4000000074788217,Bàgh a' Bhaile,gla,Loch Hiort,eng,hydrography,Bay,10195,898725,7000,150000,9761,898032,10630,899122,HS6,http://data.ordnancesurvey.co.uk/id/postcodedistrict/HS6,,,,,,,Na h-Eileanan an Iar,http://data.ordnancesurvey.co.uk/id/7000000000186634,http://data.ordnancesurvey.co.uk/ontology/admingeo/UnitaryAuthority,Scotland,http://data.ordnancesurvey.co.uk/id/7000000000041429,Scotland,http://data.ordnancesurvey.co.uk/id/country/scotland,,,
osgb4000000074768899,http://data.ordnancesurvey.co.uk/id/4000000074768899,Cnoc a' Bheannaichta,,,,landform,Hill Or Mountain,9183,899408,1000,300000,8933,899158,9433,899658,HS6,http://data.ordnancesurvey.co.uk/id/postcodedistrict/HS6,,,,,,,Na h-Eileanan an Iar,http://data.ordnancesurvey.co.uk/id/7000000000186634,http://data.ordnancesurvey.co.uk/ontology/admingeo/UnitaryAuthority,Scotland,http://data.ordnancesurvey.co.uk/id/7000000000041429,Scotland,http://data.ordnancesurvey.co.uk/id/country/scotland,,,
osgb4000000074746911,http://data.ordnancesurvey.co.uk/id/4000000074746911,Geo Rubha Mhuirich,,,,landform,Other Coastal Landform,8823,898680,1000,15000,8574,898430,9074,898930,HS6,http://data.ordnancesurvey.co.uk/id/postcodedistrict/HS6,,,,,,,Na h-Eileanan an Iar,http://data.ordnancesurvey.co.uk/id/7000000000186634,http://data.ordnancesurvey.co.uk/ontology/admingeo/UnitaryAuthority,Scotland,http://data.ordnancesurvey.co.uk/id/7000000000041429,Scotland,http://data.ordnancesurvey.co.uk/id/country/scotland,,,
osgb4000000074614887,http://data.ordnancesurvey.co.uk/id/4000000074614887,Giasgeir,,,,landform,Other Coastal Landform,9893,897976,1000,50000,9643,897725,10143,898225,HS6,http://data.ordnancesurvey.co.uk/id/postcodedistrict/HS6,,,,,,,Na h-Eileanan an Iar,http://data.ordnancesurvey.co.uk/id/7000000000186634,http://data.ordnancesurvey.co.uk/ontology/admingeo/UnitaryAuthority,Scotland,http://data.ordnancesurvey.co.uk/id/7000000000041429,Scotland,http://data.ordnancesurvey.co.uk/id/country/scotland,,,
osgb4000000074746908,http://data.ordnancesurvey.co.uk/id/4000000074746908,Geo na Ruideig,,,,landform,Other Coastal Landform,10426,897596,1000,15000,10179,897346,10679,897846,HS6,http://data.ordnancesurvey.co.uk/id/postcodedistrict/HS6,,,,,,,Na h-Eileanan an Iar,http://data.ordnancesurvey.co.uk/id/7000000000186634,http://data.ordnancesurvey.co.uk/ontology/admingeo/UnitaryAuthority,Scotland,http://data.ordnancesurvey.co.uk/id/7000000000041429,Scotland,http://data.ordnancesurvey.co.uk/id/country/scotland,,,
osgb4000000074609150,http://data.ordnancesurvey.co.uk/id/4000000074609150,Leibhinis,gla,Levenish,eng,landform,Other Coastal Landform,13369,896644,1000,50000,13138,896394,13638,896894,HS6,http://data.ordnancesurvey.co.uk/id/postcodedistrict/HS6,,,,,,,Na h-Eileanan an Iar,http://data.ordnancesurvey.co.uk/id/7000000000186634,http://data.ordnancesurvey.co.uk/ontology/admingeo/UnitaryAuthority,Scotland,http://data.ordnancesurvey.co.uk/id/7000000000041429,Scotland,http://data.ordnancesurvey.co.uk/id/country/scotland,,,
osgb4000000074747213,http://data.ordnancesurvey.co.uk/id/4000000074747213,Claigeann Mòr,,,,landform,Other Coastal Landform,8658,898993,2000,20000,8402,898743,8902,899243,HS6,http://data.ordnancesurvey.co.uk/id/postcodedistrict/HS6,,,,,,,Na h-Eileanan an Iar,http://data.ordnancesurvey.co.uk/id/7000000000186634,http://data.ordnancesurvey.co.uk/ontology/admingeo/UnitaryAuthority,Scotland,http://data.ordnancesurvey.co.uk/id/7000000000041429,Scotland,http://data.ordnancesurvey.co.uk/id/country/scotland,,,
osgb4000000074790188,http://data.ordnancesurvey.co.uk/id/4000000074790188,Caolas an Duin,,,,hydrography,Tidal Water,9793,897874,2000,150000,9543,897646,10043,898146,HS6,http://data.ordnancesurvey.co.uk/id/postcodedistrict/HS6,,,,,,,Na h-Eileanan an Iar,http://data.ordnancesurvey.co.uk/id/7000000000186634,http://data.ordnancesurvey.co.uk/ontology/admingeo/UnitaryAuthority,Scotland,http://data.ordnancesurvey.co.uk/id/7000000000041429,Scotland,http://data.ordnancesurvey.co.uk/id/country/scotland,,,
osgb4000000074746910,http://data.ordnancesurvey.co.uk/id/4000000074746910,Giumachsgor,,,,landform,Coastal Headland,10609,897173,1000,750000,10359,896920,10859,897420,HS6,http://data.ordnancesurvey.co.uk/id/postcodedistrict/HS6,,,,,,,Na h-Eileanan an Iar,http://data.ordnancesurvey.co.uk/id/7000000000186634,http://data.ordnancesurvey.co.uk/ontology/admingeo/UnitaryAuthority,Scotland,http://data.ordnancesurvey.co.uk/id/7000000000041429,Scotland,http://data.ordnancesurvey.co.uk/id/country/scotland,,,
osgb4000000074788218,http://data.ordnancesurvey.co.uk/id/4000000074788218,Laimhrig nam Gall,,,,hydrography,Bay,8662,898621,1000,150000,8395,898371,8895,898871,HS6,http://data.ordnancesurvey.co.uk/id/postcodedistrict/HS6,,,,,,,Na h-Eileanan an Iar,http://data.ordnancesurvey.co.uk/id/7000000000186634,http://data.ordnancesurvey.co.uk/ontology/admingeo/UnitaryAuthority,Scotland,http://data.ordnancesurvey.co.uk/id/7000000000041429,Scotland,http://data.ordnancesurvey.co.uk/id/country/scotland,,,
osgb4000000074616749,http://data.ordnancesurvey.co.uk/id/4000000074616749,Oisebhal,,,,landform,Hill Or Mountain,10897,899254,1000,300000,10647,899004,11147,899504,HS6,http://data.ordnancesurvey.co.uk/id/postcodedistrict/HS6,,,,,,,Na h-Eileanan an Iar,http://data.ordnancesurvey.co.uk/id/7000000000186634,http://data.ordnancesurvey.co.uk/ontology/admingeo/UnitaryAuthority,Scotland,http://data.ordnancesurvey.co.uk/id/7000000000041429,Scotland,http://data.ordnancesurvey.co.uk/id/country/scotland,,,
osgb4000000074747325,http://data.ordnancesurvey.co.uk/id/4000000074747325,Geodha Gharran Buidhe,,,,landform,Other Coastal Landform,9489,897915,1000,15000,9240,897660,9740,898160,HS6,http://data.ordnancesurvey.co.uk/id/postcodedistrict/HS6,,,,,,,Na h-Eileanan an Iar,http://data.ordnancesurvey.co.uk/id/7000000000186634,http://data.ordnancesurvey.co.uk/ontology/admingeo/UnitaryAuthority,Scotland,http://data.ordnancesurvey.co.uk/id/7000000000041429,Scotland,http://data.ordnancesurvey.co.uk/id/country/scotland,,,
osgb4000000074747168,http://data.ordnancesurvey.co.uk/id/4000000074747168,Cùl Cleite,,,,landform,Coastal Headland,9867,897567,2000,750000,9629,897317,10129,897817,HS6,http://data.ordnancesurvey.co.uk/id/postcodedistrict/HS6,,,,,,,Na h-Eileanan an Iar,http://data.ordnancesurvey.co.uk/id/7000000000186634,http://data.ordnancesurvey.co.uk/ontology/admingeo/UnitaryAuthority,Scotland,http://data.ordnancesurvey.co.uk/id/7000000000041429,Scotland,http://data.ordnancesurvey.co.uk/id/country/scotland,,,
osgb4000000074609549,http://data.ordnancesurvey.co.uk/id/4000000074609549,Sgeir nan Sgarbh,,,,landform,Other Coastal Landform,11235,899353,1000,50000,10975,899104,11475,899604,HS6,http://data.ordnancesurvey.co.uk/id/postcodedistrict/HS6,,,,,,,Na h-Eileanan an Iar,http://data.ordnancesurvey.co.uk/id/7000000000186634,http://data.ordnancesurvey.co.uk/ontology/admingeo/UnitaryAuthority,Scotland,http://data.ordnancesurvey.co.uk/id/7000000000041429,Scotland,http://data.ordnancesurvey.co.uk/id/country/scotland,,,
osgb4000000074747451,http://data.ordnancesurvey.co.uk/id/4000000074747451,Geo Brababy,,,,landform,Other Coastal Landform,11135,899017,1000,15000,10893,898767,11393,899267,HS6,http://data.ordnancesurvey.co.uk/id/postcodedistrict/HS6,,,,,,,Na h-Eileanan an Iar,http://data.ordnancesurvey.co.uk/id/7000000000186634,http://data.ordnancesurvey.co.uk/ontology/admingeo/UnitaryAuthority,Scotland,http://data.ordnancesurvey.co.uk/id/7000000000041429,Scotland,http://data.ordnancesurvey.co.uk/id/country/scotland,,,
osgb4000000074715142,http://data.ordnancesurvey.co.uk/id/4000000074715142,Clash na Bearnaich Rock,,,,landform,Other Coastal Landform,9667,898828,2000,20000,9417,898533,9917,899033,HS6,http://data.ordnancesurvey.co.uk/id/postcodedistrict/HS6,,,,,,,Na h-Eileanan an Iar,http://data.ordnancesurvey.co.uk/id/7000000000186634,http://data.ordnancesurvey.co.uk/ontology/admingeo/UnitaryAuthority,Scotland,http://data.ordnancesurvey.co.uk/id/7000000000041429,Scotland,http://data.ordnancesurvey.co.uk/id/country/scotland,,,
osgb4000000074746907,http://data.ordnancesurvey.co.uk/id/4000000074746907,Na Sgarain,,,,landform,Other Coastal Landform,10883,897267,1000,20000,10634,897017,11134,897517,HS6,http://data.ordnancesurvey.co.uk/id/postcodedistrict/HS6,,,,,,,Na h-Eileanan an Iar,http://data.ordnancesurvey.co.uk/id/7000000000186634,http://data.ordnancesurvey.co.uk/ontology/admingeo/UnitaryAuthority,Scotland,http://data.ordnancesurvey.co.uk/id/7000000000041429,Scotland,http://data.ordnancesurvey.co.uk/id/country/scotland,,,
osgb4000000074746851,http://data.ordnancesurvey.co.uk/id/4000000074746851,The Gap,,,,landform,Other Coastal Landform,10598,899824,1000,20000,10356,899574,10856,900074,HS6,http://data.ordnancesurvey.co.uk/id/postcodedistrict/HS6,,,,,,,Na h-Eileanan an Iar,http://data.ordnancesurvey.co.uk/id/7000000000186634,http://data.ordnancesurvey.co.uk/ontology/admingeo/UnitaryAuthority,Scotland,http://data.ordnancesurvey.co.uk/id/7000000000041429,Scotland,http://data.ordnancesurvey.co.uk/id/country/scotland,,,
osgb4000000074746734,http://data.ordnancesurvey.co.uk/id/4000000074746734,Geo an Eireanach,,,,landform,Other Coastal Landform,7796,899188,1000,15000,7539,898939,8039,899439,HS6,http://data.ordnancesurvey.co.uk/id/postcodedistrict/HS6,,,,,,,Na h-Eileanan an Iar,http://data.ordnancesurvey.co.uk/id/7000000000186634,http://data.ordnancesurvey.co.uk/ontology/admingeo/UnitaryAuthority,Scotland,http://data.ordnancesurvey.co.uk/id/7000000000041429,Scotland,http://data.ordnancesurvey.co.uk/id/country/scotland,,,
osgb4000000074746912,http://data.ordnancesurvey.co.uk/id/4000000074746912,Rubha Mhuirich,,,,landform,Coastal Headland,8764,898619,1000,750000,8515,898373,9015,898873,HS6,http://data.ordnancesurvey.co.uk/id/postcodedistrict/HS6,,,,,,,Na h-Eileanan an Iar,http://data.ordnancesurvey.co.uk/id/7000000000186634,http://data.ordnancesurvey.co.uk/ontology/admingeo/UnitaryAuthority,Scotland,http://data.ordnancesurvey.co.uk/id/7000000000041429,Scotland,http://data.ordnancesurvey.co.uk/id/country/scotland,,,
osgb4000000074747324,http://data.ordnancesurvey.co.uk/id/4000000074747324,Geo na Seanaig,,,,landform,Other Coastal Landform,9564,897821,1000,15000,9314,897557,9814,898057,HS6,http://data.ordnancesurvey.co.uk/id/postcodedistrict/HS6,,,,,,,Na h-Eileanan an Iar,http://data.ordnancesurvey.co.uk/id/7000000000186634,http://data.ordnancesurvey.co.uk/ontology/admingeo/UnitaryAuthority,Scotland,http://data.ordnancesurvey.co.uk/id/7000000000041429,Scotland,http://data.ordnancesurvey.co.uk/id/country/scotland,,,
osgb4000000074614889,http://data.ordnancesurvey.co.uk/id/4000000074614889,Sgeir Mhòr,,,,landform,Other Coastal Landform,9741,897798,1000,50000,9491,897551,9991,898051,HS6,http://data.ordnancesurvey.co.uk/id/postcodedistrict/HS6,,,,,,,Na h-Eileanan an Iar,http://data.ordnancesurvey.co.uk/id/7000000000186634,http://data.ordnancesurvey.co.uk/ontology/admingeo/UnitaryAuthority,Scotland,http://data.ordnancesurvey.co.uk/id/7000000000041429,Scotland,http://data.ordnancesurvey.co.uk/id/country/scotland,,,
osgb4000000074747323,http://data.ordnancesurvey.co.uk/id/4000000074747323,Geo Leibli,,,,landform,Other Coastal Landform,9819,898045,1000,15000,9572,897795,10072,898295,HS6,http://data.ordnancesurvey.co.uk/id/postcodedistrict/HS6,,,,,,,Na h-Eileanan an Iar,http://data.ordnancesurvey.co.uk/id/7000000000186634,http://data.ordnancesurvey.co.uk/ontology/admingeo/UnitaryAuthority,Scotland,http://data.ordnancesurvey.co.uk/id/7000000000041429,Scotland,http://data.ordnancesurvey.co.uk/id/country/scotland,,,
osgb4000000074747169,http://data.ordnancesurvey.co.uk/id/4000000074747169,A' Bhi,,,,landform,Other Coastal Landform,9916,897584,1000,20000,9661,897334,10161,897834,HS6,http://data.ordnancesurvey.co.uk/id/postcodedistrict/HS6,,,,,,,Na h-Eileanan an Iar,http://data.ordnancesurvey.co.uk/id/7000000000186634,http://data.ordnancesurvey.co.uk/ontology/admingeo/UnitaryAuthority,Scotland,http://data.ordnancesurvey.co.uk/id/7000000000041429,Scotland,http://data.ordnancesurvey.co.uk/id/country/scotland,,,
osgb4000000074768912,http://data.ordnancesurvey.co.uk/id/4000000074768912,Cnoc Sgar,,,,landform,Hill Or Mountain,8940,899040,1000,300000,8690,898790,9190,899290,HS6,http://data.ordnancesurvey.co.uk/id/postcodedistrict/HS6,,,,,,,Na h-Eileanan an Iar,http://data.ordnancesurvey.co.uk/id/7000000000186634,http://data.ordnancesurvey.co.uk/ontology/admingeo/UnitaryAuthority,Scotland,http://data.ordnancesurvey.co.uk/id/7000000000041429,Scotland,http://data.ordnancesurvey.co.uk/id/country/scotland,,,
osgb4000000074747452,http://data.ordnancesurvey.co.uk/id/4000000074747452,Geo na Capuill,,,,landform,Other Coastal Landform,8192,899026,1000,15000,7935,898777,8435,899277,HS6,http://data.ordnancesurvey.co.uk/id/postcodedistrict/HS6,,,,,,,Na h-Eileanan an Iar,http://data.ordnancesurvey.co.uk/id/7000000000186634,http://data.ordnancesurvey.co.uk/ontology/admingeo/UnitaryAuthority,Scotland,http://data.ordnancesurvey.co.uk/id/7000000000041429,Scotland,http://data.ordnancesurvey.co.uk/id/country/scotland,,,
osgb4000000074747038,http://data.ordnancesurvey.co.uk/id/4000000074747038,An Fhaing,,,,landform,Coastal Headland,10047,897483,1000,750000,9797,897272,10297,897772,HS6,http://data.ordnancesurvey.co.uk/id/postcodedistrict/HS6,,,,,,,Na h-Eileanan an Iar,http://data.ordnancesurvey.co.uk/id/7000000000186634,http://data.ordnancesurvey.co.uk/ontology/admingeo/UnitaryAuthority,Scotland,http://data.ordnancesurvey.co.uk/id/7000000000041429,Scotland,http://data.ordnancesurvey.co.uk/id/country/scotland,,,
osgb4000000074746604,http://data.ordnancesurvey.co.uk/id/4000000074746604,Rubha Challa,gla,Point of Coll,eng,landform,Other Coastal Landform,10637,898833,1000,50000,10387,898583,10887,899083,HS6,http://data.ordnancesurvey.co.uk/id/postcodedistrict/HS6,,,,,,,Na h-Eileanan an Iar,http://data.ordnancesurvey.co.uk/id/7000000000186634,http://data.ordnancesurvey.co.uk/ontology/admingeo/UnitaryAuthority,Scotland,http://data.ordnancesurvey.co.uk/id/7000000000041429,Scotland,http://data.ordnancesurvey.co.uk/id/country/scotland,,,
osgb4000000074740961,http://data.ordnancesurvey.co.uk/id/4000000074740961,Gearraidh Ard,,,,landcover,Other Landcover,9638,899229,2000,1300000,9406,898979,9906,899479,HS6,http://data.ordnancesurvey.co.uk/id/postcodedistrict/HS6,,,,,,,Na h-Eileanan an Iar,http://data.ordnancesurvey.co.uk/id/7000000000186634,http://data.ordnancesurvey.co.uk/ontology/admingeo/UnitaryAuthority,Scotland,http://data.ordnancesurvey.co.uk/id/7000000000041429,Scotland,http://data.ordnancesurvey.co.uk/id/country/scotland,,,
osgb4000000074746733,http://data.ordnancesurvey.co.uk/id/4000000074746733,Am Broig,,,,landform,Other Coastal Landform,10773,899786,1000,20000,10523,899542,11023,900042,HS6,http://data.ordnancesurvey.co.uk/id/postcodedistrict/HS6,,,,,,,Na h-Eileanan an Iar,http://data.ordnancesurvey.co.uk/id/7000000000186634,http://data.ordnancesurvey.co.uk/ontology/admingeo/UnitaryAuthority,Scotland,http://data.ordnancesurvey.co.uk/id/7000000000041429,Scotland,http://data.ordnancesurvey.co.uk/id/country/scotland,,,
osgb4000000074747039,http://data.ordnancesurvey.co.uk/id/4000000074747039,Geodha na Laisiulaich,,,,landform,Other Coastal Landform,7818,899754,1000,15000,7568,899500,8068,900000,HS6,http://data.ordnancesurvey.co.uk/id/postcodedistrict/HS6,,,,,,,Na h-Eileanan an Iar,http://data.ordnancesurvey.co.uk/id/7000000000186634,http://data.ordnancesurvey.co.uk/ontology/admingeo/UnitaryAuthority,Scotland,http://data.ordnancesurvey.co.uk/id/7000000000041429,Scotland,http://data.ordnancesurvey.co.uk/id/country/scotland,,,
