﻿osgb4000000074612800,http://data.ordnancesurvey.co.uk/id/4000000074612800,Siolaigh,,,,landform,Island,59282,862861,6000,800000,59055,862436,59729,863285,HS6,http://data.ordnancesurvey.co.uk/id/postcodedistrict/HS6,,,,,,,Na h-Eileanan an Iar,http://data.ordnancesurvey.co.uk/id/7000000000186634,http://data.ordnancesurvey.co.uk/ontology/admingeo/UnitaryAuthority,Scotland,http://data.ordnancesurvey.co.uk/id/7000000000041429,Scotland,http://data.ordnancesurvey.co.uk/id/country/scotland,,,
osgb4000000074612801,http://data.ordnancesurvey.co.uk/id/4000000074612801,Thuisgeirean,,,,landform,Other Coastal Landform,57505,864220,8000,50000,57146,863793,57863,864980,HS6,http://data.ordnancesurvey.co.uk/id/postcodedistrict/HS6,,,,,,,Na h-Eileanan an Iar,http://data.ordnancesurvey.co.uk/id/7000000000186634,http://data.ordnancesurvey.co.uk/ontology/admingeo/UnitaryAuthority,Scotland,http://data.ordnancesurvey.co.uk/id/7000000000041429,Scotland,http://data.ordnancesurvey.co.uk/id/country/scotland,,,
osgb4000000074612391,http://data.ordnancesurvey.co.uk/id/4000000074612391,Eilean Siorruidh,,,,landform,Island,59469,862519,1000,800000,59221,862269,59721,862769,HS6,http://data.ordnancesurvey.co.uk/id/postcodedistrict/HS6,,,,,,,Na h-Eileanan an Iar,http://data.ordnancesurvey.co.uk/id/7000000000186634,http://data.ordnancesurvey.co.uk/ontology/admingeo/UnitaryAuthority,Scotland,http://data.ordnancesurvey.co.uk/id/7000000000041429,Scotland,http://data.ordnancesurvey.co.uk/id/country/scotland,,,
osgb4000000074746977,http://data.ordnancesurvey.co.uk/id/4000000074746977,Raisgeir,,,,landform,Other Coastal Landform,59452,861718,2000,50000,59233,861468,59733,861968,HS6,http://data.ordnancesurvey.co.uk/id/postcodedistrict/HS6,,,,,,,Na h-Eileanan an Iar,http://data.ordnancesurvey.co.uk/id/7000000000186634,http://data.ordnancesurvey.co.uk/ontology/admingeo/UnitaryAuthority,Scotland,http://data.ordnancesurvey.co.uk/id/7000000000041429,Scotland,http://data.ordnancesurvey.co.uk/id/country/scotland,,,
osgb4000000074746592,http://data.ordnancesurvey.co.uk/id/4000000074746592,Odarum,,,,landform,Other Coastal Landform,59291,863008,1000,50000,59035,862758,59535,863258,HS6,http://data.ordnancesurvey.co.uk/id/postcodedistrict/HS6,,,,,,,Na h-Eileanan an Iar,http://data.ordnancesurvey.co.uk/id/7000000000186634,http://data.ordnancesurvey.co.uk/ontology/admingeo/UnitaryAuthority,Scotland,http://data.ordnancesurvey.co.uk/id/7000000000041429,Scotland,http://data.ordnancesurvey.co.uk/id/country/scotland,,,
