﻿osgb4000000074571694,http://data.ordnancesurvey.co.uk/id/4000000074571694,Breckrey,,,,populatedPlace,Other Settlement,151191,862147,15000,25000,150882,861876,151382,862376,IV51,http://data.ordnancesurvey.co.uk/id/postcodedistrict/IV51,,,,,,,Highland,http://data.ordnancesurvey.co.uk/id/7000000000186625,http://data.ordnancesurvey.co.uk/ontology/admingeo/UnitaryAuthority,Scotland,http://data.ordnancesurvey.co.uk/id/7000000000041429,Scotland,http://data.ordnancesurvey.co.uk/id/country/scotland,,,
osgb4000000074571693,http://data.ordnancesurvey.co.uk/id/4000000074571693,Lower Tote,,,,populatedPlace,Other Settlement,151673,860038,15000,25000,151407,859789,151907,860289,IV51,http://data.ordnancesurvey.co.uk/id/postcodedistrict/IV51,,,,,,,Highland,http://data.ordnancesurvey.co.uk/id/7000000000186625,http://data.ordnancesurvey.co.uk/ontology/admingeo/UnitaryAuthority,Scotland,http://data.ordnancesurvey.co.uk/id/7000000000041429,Scotland,http://data.ordnancesurvey.co.uk/id/country/scotland,,,
osgb4000000074337018,http://data.ordnancesurvey.co.uk/id/4000000074337018,An Lethallt,gla,Lealt,eng,populatedPlace,Other Settlement,150724,860900,15000,25000,150475,860658,150975,861158,IV51,http://data.ordnancesurvey.co.uk/id/postcodedistrict/IV51,,,,,,,Highland,http://data.ordnancesurvey.co.uk/id/7000000000186625,http://data.ordnancesurvey.co.uk/ontology/admingeo/UnitaryAuthority,Scotland,http://data.ordnancesurvey.co.uk/id/7000000000041429,Scotland,http://data.ordnancesurvey.co.uk/id/country/scotland,,"http://dbpedia.org/resource/Lealt,_Skye",
osgb4000000074337439,http://data.ordnancesurvey.co.uk/id/4000000074337439,Cul nan Cnoc,gla,Culnacnoc,eng,populatedPlace,Hamlet,151667,862505,5000,25000,151263,862212,151916,862725,IV51,http://data.ordnancesurvey.co.uk/id/postcodedistrict/IV51,,,,,,,Highland,http://data.ordnancesurvey.co.uk/id/7000000000186625,http://data.ordnancesurvey.co.uk/ontology/admingeo/UnitaryAuthority,Scotland,http://data.ordnancesurvey.co.uk/id/7000000000041429,Scotland,http://data.ordnancesurvey.co.uk/id/country/scotland,,,
osgb4000000074543056,http://data.ordnancesurvey.co.uk/id/4000000074543056,Steinnseall,gla,Stenscholl,eng,populatedPlace,Suburban Area,148315,868013,9000,25000,147175,867671,148502,868365,IV51,http://data.ordnancesurvey.co.uk/id/postcodedistrict/IV51,,,,,,,Highland,http://data.ordnancesurvey.co.uk/id/7000000000186625,http://data.ordnancesurvey.co.uk/ontology/admingeo/UnitaryAuthority,Scotland,http://data.ordnancesurvey.co.uk/id/7000000000041429,Scotland,http://data.ordnancesurvey.co.uk/id/country/scotland,,,http://sws.geonames.org/2636952
osgb4000000074550155,http://data.ordnancesurvey.co.uk/id/4000000074550155,Glasphein,eng,Glas-Pheighinn,gla,populatedPlace,Suburban Area,146982,868673,3000,25000,146702,868425,147202,868958,IV51,http://data.ordnancesurvey.co.uk/id/postcodedistrict/IV51,,,,,,,Highland,http://data.ordnancesurvey.co.uk/id/7000000000186625,http://data.ordnancesurvey.co.uk/ontology/admingeo/UnitaryAuthority,Scotland,http://data.ordnancesurvey.co.uk/id/7000000000041429,Scotland,http://data.ordnancesurvey.co.uk/id/country/scotland,,,
osgb4000000074569589,http://data.ordnancesurvey.co.uk/id/4000000074569589,Marishader,eng,Maraiseader,gla,populatedPlace,Hamlet,149091,863645,5000,25000,148872,863228,149453,864125,IV51,http://data.ordnancesurvey.co.uk/id/postcodedistrict/IV51,,,,,,,Highland,http://data.ordnancesurvey.co.uk/id/7000000000186625,http://data.ordnancesurvey.co.uk/ontology/admingeo/UnitaryAuthority,Scotland,http://data.ordnancesurvey.co.uk/id/7000000000041429,Scotland,http://data.ordnancesurvey.co.uk/id/country/scotland,,,
osgb4000000074570271,http://data.ordnancesurvey.co.uk/id/4000000074570271,Flodigarry,,,,populatedPlace,Other Settlement,146474,871501,15000,25000,146175,870839,147115,872146,IV51,http://data.ordnancesurvey.co.uk/id/postcodedistrict/IV51,,,,,,,Highland,http://data.ordnancesurvey.co.uk/id/7000000000186625,http://data.ordnancesurvey.co.uk/ontology/admingeo/UnitaryAuthority,Scotland,http://data.ordnancesurvey.co.uk/id/7000000000041429,Scotland,http://data.ordnancesurvey.co.uk/id/country/scotland,,http://dbpedia.org/resource/Flodigarry,http://sws.geonames.org/2649283
osgb4000000074570270,http://data.ordnancesurvey.co.uk/id/4000000074570270,Staffin,eng,Stafainn,gla,populatedPlace,Village,148298,867972,25000,250000,145777,866430,149678,868958,IV51,http://data.ordnancesurvey.co.uk/id/postcodedistrict/IV51,,,,,,,Highland,http://data.ordnancesurvey.co.uk/id/7000000000186625,http://data.ordnancesurvey.co.uk/ontology/admingeo/UnitaryAuthority,Scotland,http://data.ordnancesurvey.co.uk/id/7000000000041429,Scotland,http://data.ordnancesurvey.co.uk/id/country/scotland,,http://dbpedia.org/resource/Staffin,http://sws.geonames.org/2637144
osgb4000000074569590,http://data.ordnancesurvey.co.uk/id/4000000074569590,Clachan,eng,An Clachan,gla,populatedPlace,Suburban Area,149027,866803,7000,25000,148527,866430,149678,867113,IV51,http://data.ordnancesurvey.co.uk/id/postcodedistrict/IV51,,,,,,,Highland,http://data.ordnancesurvey.co.uk/id/7000000000186625,http://data.ordnancesurvey.co.uk/ontology/admingeo/UnitaryAuthority,Scotland,http://data.ordnancesurvey.co.uk/id/7000000000041429,Scotland,http://data.ordnancesurvey.co.uk/id/country/scotland,,,
osgb4000000074337434,http://data.ordnancesurvey.co.uk/id/4000000074337434,Ealaiseadar,gla,Ellishadder,eng,populatedPlace,Hamlet,150021,865528,5000,25000,149589,865124,150684,865867,IV51,http://data.ordnancesurvey.co.uk/id/postcodedistrict/IV51,,,,,,,Highland,http://data.ordnancesurvey.co.uk/id/7000000000186625,http://data.ordnancesurvey.co.uk/ontology/admingeo/UnitaryAuthority,Scotland,http://data.ordnancesurvey.co.uk/id/7000000000041429,Scotland,http://data.ordnancesurvey.co.uk/id/country/scotland,,http://dbpedia.org/resource/Ellishadder,
osgb4000000074310945,http://data.ordnancesurvey.co.uk/id/4000000074310945,Balmacqueen,,,,populatedPlace,Suburban Area,144269,874394,5000,25000,144098,874247,144598,875031,IV51,http://data.ordnancesurvey.co.uk/id/postcodedistrict/IV51,,,,,,,Highland,http://data.ordnancesurvey.co.uk/id/7000000000186625,http://data.ordnancesurvey.co.uk/ontology/admingeo/UnitaryAuthority,Scotland,http://data.ordnancesurvey.co.uk/id/7000000000041429,Scotland,http://data.ordnancesurvey.co.uk/id/country/scotland,,,
osgb4000000074542613,http://data.ordnancesurvey.co.uk/id/4000000074542613,Baile nan cnoc,gla,Balnaknock,eng,populatedPlace,Other Settlement,141950,862790,15000,25000,141648,862625,142148,863125,IV51,http://data.ordnancesurvey.co.uk/id/postcodedistrict/IV51,,,,,,,Highland,http://data.ordnancesurvey.co.uk/id/7000000000186625,http://data.ordnancesurvey.co.uk/ontology/admingeo/UnitaryAuthority,Scotland,http://data.ordnancesurvey.co.uk/id/7000000000041429,Scotland,http://data.ordnancesurvey.co.uk/id/country/scotland,,,
osgb4000000074569916,http://data.ordnancesurvey.co.uk/id/4000000074569916,Sheader,eng,Siadair,gla,populatedPlace,Hamlet,140649,863298,5000,25000,140354,863075,141158,863575,IV51,http://data.ordnancesurvey.co.uk/id/postcodedistrict/IV51,,,,,,,Highland,http://data.ordnancesurvey.co.uk/id/7000000000186625,http://data.ordnancesurvey.co.uk/ontology/admingeo/UnitaryAuthority,Scotland,http://data.ordnancesurvey.co.uk/id/7000000000041429,Scotland,http://data.ordnancesurvey.co.uk/id/country/scotland,,,
osgb4000000074572043,http://data.ordnancesurvey.co.uk/id/4000000074572043,Valtos,eng,Bhaltos,gla,populatedPlace,Hamlet,151500,863521,5000,25000,151211,863158,151711,864083,IV51,http://data.ordnancesurvey.co.uk/id/postcodedistrict/IV51,,,,,,,Highland,http://data.ordnancesurvey.co.uk/id/7000000000186625,http://data.ordnancesurvey.co.uk/ontology/admingeo/UnitaryAuthority,Scotland,http://data.ordnancesurvey.co.uk/id/7000000000041429,Scotland,http://data.ordnancesurvey.co.uk/id/country/scotland,,,
osgb4000000074550158,http://data.ordnancesurvey.co.uk/id/4000000074550158,Digg,eng,An Dig,gla,populatedPlace,Other Settlement,146642,869305,15000,25000,146502,868822,147090,869582,IV51,http://data.ordnancesurvey.co.uk/id/postcodedistrict/IV51,,,,,,,Highland,http://data.ordnancesurvey.co.uk/id/7000000000186625,http://data.ordnancesurvey.co.uk/ontology/admingeo/UnitaryAuthority,Scotland,http://data.ordnancesurvey.co.uk/id/7000000000041429,Scotland,http://data.ordnancesurvey.co.uk/id/country/scotland,,,http://sws.geonames.org/8643135
osgb4000000074550159,http://data.ordnancesurvey.co.uk/id/4000000074550159,Dunans,,,,populatedPlace,Hamlet,147054,870202,5000,25000,146864,869967,147364,870467,IV51,http://data.ordnancesurvey.co.uk/id/postcodedistrict/IV51,,,,,,,Highland,http://data.ordnancesurvey.co.uk/id/7000000000186625,http://data.ordnancesurvey.co.uk/ontology/admingeo/UnitaryAuthority,Scotland,http://data.ordnancesurvey.co.uk/id/7000000000041429,Scotland,http://data.ordnancesurvey.co.uk/id/country/scotland,,,
osgb4000000074549793,http://data.ordnancesurvey.co.uk/id/4000000074549793,An Garadh Fada,gla,Garafad,eng,populatedPlace,Suburban Area,148976,867400,8000,25000,148418,867028,149296,868249,IV51,http://data.ordnancesurvey.co.uk/id/postcodedistrict/IV51,,,,,,,Highland,http://data.ordnancesurvey.co.uk/id/7000000000186625,http://data.ordnancesurvey.co.uk/ontology/admingeo/UnitaryAuthority,Scotland,http://data.ordnancesurvey.co.uk/id/7000000000041429,Scotland,http://data.ordnancesurvey.co.uk/id/country/scotland,,http://dbpedia.org/resource/Garafad,http://sws.geonames.org/2648856
osgb4000000074543205,http://data.ordnancesurvey.co.uk/id/4000000074543205,Malagar,gla,Maligar,eng,populatedPlace,Hamlet,148244,864990,5000,25000,147946,864510,148446,865159,IV51,http://data.ordnancesurvey.co.uk/id/postcodedistrict/IV51,,,,,,,Highland,http://data.ordnancesurvey.co.uk/id/7000000000186625,http://data.ordnancesurvey.co.uk/ontology/admingeo/UnitaryAuthority,Scotland,http://data.ordnancesurvey.co.uk/id/7000000000041429,Scotland,http://data.ordnancesurvey.co.uk/id/country/scotland,,,
osgb4000000074569591,http://data.ordnancesurvey.co.uk/id/4000000074569591,Brogaig,,,,populatedPlace,Suburban Area,147015,868310,5000,25000,146732,867742,147232,868476,IV51,http://data.ordnancesurvey.co.uk/id/postcodedistrict/IV51,,,,,,,Highland,http://data.ordnancesurvey.co.uk/id/7000000000186625,http://data.ordnancesurvey.co.uk/ontology/admingeo/UnitaryAuthority,Scotland,http://data.ordnancesurvey.co.uk/id/7000000000041429,Scotland,http://data.ordnancesurvey.co.uk/id/country/scotland,,,
osgb4000000074569915,http://data.ordnancesurvey.co.uk/id/4000000074569915,Sartail,gla,Sartle,eng,populatedPlace,Suburban Area,146385,868038,7000,25000,145777,867651,146783,868254,IV51,http://data.ordnancesurvey.co.uk/id/postcodedistrict/IV51,,,,,,,Highland,http://data.ordnancesurvey.co.uk/id/7000000000186625,http://data.ordnancesurvey.co.uk/ontology/admingeo/UnitaryAuthority,Scotland,http://data.ordnancesurvey.co.uk/id/7000000000041429,Scotland,http://data.ordnancesurvey.co.uk/id/country/scotland,,,
osgb4000000074343882,http://data.ordnancesurvey.co.uk/id/4000000074343882,Kilmaluag,,,,populatedPlace,Village,143425,874236,17000,250000,141927,873171,144536,875031,IV51,http://data.ordnancesurvey.co.uk/id/postcodedistrict/IV51,,,,,,,Highland,http://data.ordnancesurvey.co.uk/id/7000000000186625,http://data.ordnancesurvey.co.uk/ontology/admingeo/UnitaryAuthority,Scotland,http://data.ordnancesurvey.co.uk/id/7000000000041429,Scotland,http://data.ordnancesurvey.co.uk/id/country/scotland,,"http://dbpedia.org/resource/Kilmaluag,_Skye",http://sws.geonames.org/2645610
osgb4000000074569588,http://data.ordnancesurvey.co.uk/id/4000000074569588,Gearros,gla,Garros,eng,populatedPlace,Other Settlement,149894,863160,15000,25000,149635,862875,150135,863375,IV51,http://data.ordnancesurvey.co.uk/id/postcodedistrict/IV51,,,,,,,Highland,http://data.ordnancesurvey.co.uk/id/7000000000186625,http://data.ordnancesurvey.co.uk/ontology/admingeo/UnitaryAuthority,Scotland,http://data.ordnancesurvey.co.uk/id/7000000000041429,Scotland,http://data.ordnancesurvey.co.uk/id/country/scotland,,,
osgb4000000074570632,http://data.ordnancesurvey.co.uk/id/4000000074570632,Kendram,,,,populatedPlace,Suburban Area,143796,873944,8000,25000,143364,873679,144536,874543,IV51,http://data.ordnancesurvey.co.uk/id/postcodedistrict/IV51,,,,,,,Highland,http://data.ordnancesurvey.co.uk/id/7000000000186625,http://data.ordnancesurvey.co.uk/ontology/admingeo/UnitaryAuthority,Scotland,http://data.ordnancesurvey.co.uk/id/7000000000041429,Scotland,http://data.ordnancesurvey.co.uk/id/country/scotland,,,
osgb4000000074542612,http://data.ordnancesurvey.co.uk/id/4000000074542612,Grealin,,,,populatedPlace,Hamlet,150810,861719,5000,25000,150613,861483,151113,861983,IV51,http://data.ordnancesurvey.co.uk/id/postcodedistrict/IV51,,,,,,,Highland,http://data.ordnancesurvey.co.uk/id/7000000000186625,http://data.ordnancesurvey.co.uk/ontology/admingeo/UnitaryAuthority,Scotland,http://data.ordnancesurvey.co.uk/id/7000000000041429,Scotland,http://data.ordnancesurvey.co.uk/id/country/scotland,,,
osgb4000000074310947,http://data.ordnancesurvey.co.uk/id/4000000074310947,Solitote,,,,populatedPlace,Suburban Area,142981,874259,3000,25000,142721,873990,143221,874490,IV51,http://data.ordnancesurvey.co.uk/id/postcodedistrict/IV51,,,,,,,Highland,http://data.ordnancesurvey.co.uk/id/7000000000186625,http://data.ordnancesurvey.co.uk/ontology/admingeo/UnitaryAuthority,Scotland,http://data.ordnancesurvey.co.uk/id/7000000000041429,Scotland,http://data.ordnancesurvey.co.uk/id/country/scotland,,,
osgb4000000074570267,http://data.ordnancesurvey.co.uk/id/4000000074570267,Glen Conon,eng,Gleann Conain,gla,populatedPlace,Hamlet,141340,863916,5000,25000,140320,863661,141688,864161,IV51,http://data.ordnancesurvey.co.uk/id/postcodedistrict/IV51,,,,,,,Highland,http://data.ordnancesurvey.co.uk/id/7000000000186625,http://data.ordnancesurvey.co.uk/ontology/admingeo/UnitaryAuthority,Scotland,http://data.ordnancesurvey.co.uk/id/7000000000041429,Scotland,http://data.ordnancesurvey.co.uk/id/country/scotland,,,
osgb4000000074570633,http://data.ordnancesurvey.co.uk/id/4000000074570633,Duntulm,,,,populatedPlace,Hamlet,141311,874021,5000,25000,141092,873539,141592,874353,IV51,http://data.ordnancesurvey.co.uk/id/postcodedistrict/IV51,,,,,,,Highland,http://data.ordnancesurvey.co.uk/id/7000000000186625,http://data.ordnancesurvey.co.uk/ontology/admingeo/UnitaryAuthority,Scotland,http://data.ordnancesurvey.co.uk/id/7000000000041429,Scotland,http://data.ordnancesurvey.co.uk/id/country/scotland,,http://dbpedia.org/resource/Duntulm,
IV519UQ,http://data.ordnancesurvey.co.uk/id/postcodeunit/IV519UQ,IV51 9UQ,,,,other,Postcode,143026,874262,3500,18000,,,,,,,Kilmaluag,http://data.ordnancesurvey.co.uk/id/4000000074343882,http://www.ordnancesurvey.co.uk/xml/codelists/localtype.xml#village,,,,Highland,http://data.ordnancesurvey.co.uk/id/7000000000186625,http://data.ordnancesurvey.co.uk/ontology/admingeo/UnitaryAuthority,Scotland,http://data.ordnancesurvey.co.uk/id/7000000000041429,Scotland,http://data.ordnancesurvey.co.uk/id/country/scotland,,,
IV519JQ,http://data.ordnancesurvey.co.uk/id/postcodeunit/IV519JQ,IV51 9JQ,,,,other,Postcode,149891,863201,3500,18000,,,,,,,Gearros / Garros,http://data.ordnancesurvey.co.uk/id/4000000074569588,http://www.ordnancesurvey.co.uk/xml/codelists/localtype.xml#otherSettlement,,,,Highland,http://data.ordnancesurvey.co.uk/id/7000000000186625,http://data.ordnancesurvey.co.uk/ontology/admingeo/UnitaryAuthority,Scotland,http://data.ordnancesurvey.co.uk/id/7000000000041429,Scotland,http://data.ordnancesurvey.co.uk/id/country/scotland,,,
IV519QE,http://data.ordnancesurvey.co.uk/id/postcodeunit/IV519QE,IV51 9QE,,,,other,Postcode,149104,867277,3500,18000,,,,,,,Staffin / Stafainn,http://data.ordnancesurvey.co.uk/id/4000000074570270,http://www.ordnancesurvey.co.uk/xml/codelists/localtype.xml#village,,,,Highland,http://data.ordnancesurvey.co.uk/id/7000000000186625,http://data.ordnancesurvey.co.uk/ontology/admingeo/UnitaryAuthority,Scotland,http://data.ordnancesurvey.co.uk/id/7000000000041429,Scotland,http://data.ordnancesurvey.co.uk/id/country/scotland,,,
IV519YF,http://data.ordnancesurvey.co.uk/id/postcodeunit/IV519YF,IV51 9YF,,,,other,Postcode,140642,863322,3500,18000,,,,,,,Sheader / Siadair,http://data.ordnancesurvey.co.uk/id/4000000074569916,http://www.ordnancesurvey.co.uk/xml/codelists/localtype.xml#hamlet,,,,Highland,http://data.ordnancesurvey.co.uk/id/7000000000186625,http://data.ordnancesurvey.co.uk/ontology/admingeo/UnitaryAuthority,Scotland,http://data.ordnancesurvey.co.uk/id/7000000000041429,Scotland,http://data.ordnancesurvey.co.uk/id/country/scotland,,,
IV519JG,http://data.ordnancesurvey.co.uk/id/postcodeunit/IV519JG,IV51 9JG,,,,other,Postcode,149105,863743,3500,18000,,,,,,,Marishader / Maraiseader,http://data.ordnancesurvey.co.uk/id/4000000074569589,http://www.ordnancesurvey.co.uk/xml/codelists/localtype.xml#hamlet,,,,Highland,http://data.ordnancesurvey.co.uk/id/7000000000186625,http://data.ordnancesurvey.co.uk/ontology/admingeo/UnitaryAuthority,Scotland,http://data.ordnancesurvey.co.uk/id/7000000000041429,Scotland,http://data.ordnancesurvey.co.uk/id/country/scotland,,,
IV519JN,http://data.ordnancesurvey.co.uk/id/postcodeunit/IV519JN,IV51 9JN,,,,other,Postcode,150877,861798,3500,18000,,,,,,,Grealin,http://data.ordnancesurvey.co.uk/id/4000000074542612,http://www.ordnancesurvey.co.uk/xml/codelists/localtype.xml#hamlet,,,,Highland,http://data.ordnancesurvey.co.uk/id/7000000000186625,http://data.ordnancesurvey.co.uk/ontology/admingeo/UnitaryAuthority,Scotland,http://data.ordnancesurvey.co.uk/id/7000000000041429,Scotland,http://data.ordnancesurvey.co.uk/id/country/scotland,,,
IV519JL,http://data.ordnancesurvey.co.uk/id/postcodeunit/IV519JL,IV51 9JL,,,,other,Postcode,151277,861845,3500,18000,,,,,,,,,,,,,Highland,http://data.ordnancesurvey.co.uk/id/7000000000186625,http://data.ordnancesurvey.co.uk/ontology/admingeo/UnitaryAuthority,Scotland,http://data.ordnancesurvey.co.uk/id/7000000000041429,Scotland,http://data.ordnancesurvey.co.uk/id/country/scotland,,,
IV519JJ,http://data.ordnancesurvey.co.uk/id/postcodeunit/IV519JJ,IV51 9JJ,,,,other,Postcode,151158,862161,3500,18000,,,,,,,Breckrey,http://data.ordnancesurvey.co.uk/id/4000000074571694,http://www.ordnancesurvey.co.uk/xml/codelists/localtype.xml#otherSettlement,,,,Highland,http://data.ordnancesurvey.co.uk/id/7000000000186625,http://data.ordnancesurvey.co.uk/ontology/admingeo/UnitaryAuthority,Scotland,http://data.ordnancesurvey.co.uk/id/7000000000041429,Scotland,http://data.ordnancesurvey.co.uk/id/country/scotland,,,
IV519UJ,http://data.ordnancesurvey.co.uk/id/postcodeunit/IV519UJ,IV51 9UJ,,,,other,Postcode,143127,873425,3500,18000,,,,,,,Kilmaluag,http://data.ordnancesurvey.co.uk/id/4000000074343882,http://www.ordnancesurvey.co.uk/xml/codelists/localtype.xml#village,,,,Highland,http://data.ordnancesurvey.co.uk/id/7000000000186625,http://data.ordnancesurvey.co.uk/ontology/admingeo/UnitaryAuthority,Scotland,http://data.ordnancesurvey.co.uk/id/7000000000041429,Scotland,http://data.ordnancesurvey.co.uk/id/country/scotland,,,
IV519JU,http://data.ordnancesurvey.co.uk/id/postcodeunit/IV519JU,IV51 9JU,,,,other,Postcode,149082,867337,3500,18000,,,,,,,Staffin / Stafainn,http://data.ordnancesurvey.co.uk/id/4000000074570270,http://www.ordnancesurvey.co.uk/xml/codelists/localtype.xml#village,,,,Highland,http://data.ordnancesurvey.co.uk/id/7000000000186625,http://data.ordnancesurvey.co.uk/ontology/admingeo/UnitaryAuthority,Scotland,http://data.ordnancesurvey.co.uk/id/7000000000041429,Scotland,http://data.ordnancesurvey.co.uk/id/country/scotland,,,
IV519JE,http://data.ordnancesurvey.co.uk/id/postcodeunit/IV519JE,IV51 9JE,,,,other,Postcode,150301,865469,3500,18000,,,,,,,,,,,,,Highland,http://data.ordnancesurvey.co.uk/id/7000000000186625,http://data.ordnancesurvey.co.uk/ontology/admingeo/UnitaryAuthority,Scotland,http://data.ordnancesurvey.co.uk/id/7000000000041429,Scotland,http://data.ordnancesurvey.co.uk/id/country/scotland,,,
IV519JT,http://data.ordnancesurvey.co.uk/id/postcodeunit/IV519JT,IV51 9JT,,,,other,Postcode,149060,867805,3500,18000,,,,,,,Staffin / Stafainn,http://data.ordnancesurvey.co.uk/id/4000000074570270,http://www.ordnancesurvey.co.uk/xml/codelists/localtype.xml#village,,,,Highland,http://data.ordnancesurvey.co.uk/id/7000000000186625,http://data.ordnancesurvey.co.uk/ontology/admingeo/UnitaryAuthority,Scotland,http://data.ordnancesurvey.co.uk/id/7000000000041429,Scotland,http://data.ordnancesurvey.co.uk/id/country/scotland,,,
IV519HY,http://data.ordnancesurvey.co.uk/id/postcodeunit/IV519HY,IV51 9HY,,,,other,Postcode,149029,866822,3500,18000,,,,,,,Staffin / Stafainn,http://data.ordnancesurvey.co.uk/id/4000000074570270,http://www.ordnancesurvey.co.uk/xml/codelists/localtype.xml#village,,,,Highland,http://data.ordnancesurvey.co.uk/id/7000000000186625,http://data.ordnancesurvey.co.uk/ontology/admingeo/UnitaryAuthority,Scotland,http://data.ordnancesurvey.co.uk/id/7000000000041429,Scotland,http://data.ordnancesurvey.co.uk/id/country/scotland,,,
IV519AJ,http://data.ordnancesurvey.co.uk/id/postcodeunit/IV519AJ,IV51 9AJ,,,,other,Postcode,148547,867168,3500,18000,,,,,,,Staffin / Stafainn,http://data.ordnancesurvey.co.uk/id/4000000074570270,http://www.ordnancesurvey.co.uk/xml/codelists/localtype.xml#village,,,,Highland,http://data.ordnancesurvey.co.uk/id/7000000000186625,http://data.ordnancesurvey.co.uk/ontology/admingeo/UnitaryAuthority,Scotland,http://data.ordnancesurvey.co.uk/id/7000000000041429,Scotland,http://data.ordnancesurvey.co.uk/id/country/scotland,,,
IV519YX,http://data.ordnancesurvey.co.uk/id/postcodeunit/IV519YX,IV51 9YX,,,,other,Postcode,140076,870958,3500,18000,,,,,,,,,,,,,Highland,http://data.ordnancesurvey.co.uk/id/7000000000186625,http://data.ordnancesurvey.co.uk/ontology/admingeo/UnitaryAuthority,Scotland,http://data.ordnancesurvey.co.uk/id/7000000000041429,Scotland,http://data.ordnancesurvey.co.uk/id/country/scotland,,,
IV519YU,http://data.ordnancesurvey.co.uk/id/postcodeunit/IV519YU,IV51 9YU,,,,other,Postcode,140136,871671,3500,18000,,,,,,,,,,,,,Highland,http://data.ordnancesurvey.co.uk/id/7000000000186625,http://data.ordnancesurvey.co.uk/ontology/admingeo/UnitaryAuthority,Scotland,http://data.ordnancesurvey.co.uk/id/7000000000041429,Scotland,http://data.ordnancesurvey.co.uk/id/country/scotland,,,
IV519UG,http://data.ordnancesurvey.co.uk/id/postcodeunit/IV519UG,IV51 9UG,,,,other,Postcode,142737,874750,3500,18000,,,,,,,Kilmaluag,http://data.ordnancesurvey.co.uk/id/4000000074343882,http://www.ordnancesurvey.co.uk/xml/codelists/localtype.xml#village,,,,Highland,http://data.ordnancesurvey.co.uk/id/7000000000186625,http://data.ordnancesurvey.co.uk/ontology/admingeo/UnitaryAuthority,Scotland,http://data.ordnancesurvey.co.uk/id/7000000000041429,Scotland,http://data.ordnancesurvey.co.uk/id/country/scotland,,,
IV519JZ,http://data.ordnancesurvey.co.uk/id/postcodeunit/IV519JZ,IV51 9JZ,,,,other,Postcode,146990,868712,3500,18000,,,,,,,Staffin / Stafainn,http://data.ordnancesurvey.co.uk/id/4000000074570270,http://www.ordnancesurvey.co.uk/xml/codelists/localtype.xml#village,,,,Highland,http://data.ordnancesurvey.co.uk/id/7000000000186625,http://data.ordnancesurvey.co.uk/ontology/admingeo/UnitaryAuthority,Scotland,http://data.ordnancesurvey.co.uk/id/7000000000041429,Scotland,http://data.ordnancesurvey.co.uk/id/country/scotland,,,
IV519JY,http://data.ordnancesurvey.co.uk/id/postcodeunit/IV519JY,IV51 9JY,,,,other,Postcode,146939,868222,3500,18000,,,,,,,Staffin / Stafainn,http://data.ordnancesurvey.co.uk/id/4000000074570270,http://www.ordnancesurvey.co.uk/xml/codelists/localtype.xml#village,,,,Highland,http://data.ordnancesurvey.co.uk/id/7000000000186625,http://data.ordnancesurvey.co.uk/ontology/admingeo/UnitaryAuthority,Scotland,http://data.ordnancesurvey.co.uk/id/7000000000041429,Scotland,http://data.ordnancesurvey.co.uk/id/country/scotland,,,
IV519UP,http://data.ordnancesurvey.co.uk/id/postcodeunit/IV519UP,IV51 9UP,,,,other,Postcode,144355,873865,3500,18000,,,,,,,Kilmaluag,http://data.ordnancesurvey.co.uk/id/4000000074343882,http://www.ordnancesurvey.co.uk/xml/codelists/localtype.xml#village,,,,Highland,http://data.ordnancesurvey.co.uk/id/7000000000186625,http://data.ordnancesurvey.co.uk/ontology/admingeo/UnitaryAuthority,Scotland,http://data.ordnancesurvey.co.uk/id/7000000000041429,Scotland,http://data.ordnancesurvey.co.uk/id/country/scotland,,,
IV519JH,http://data.ordnancesurvey.co.uk/id/postcodeunit/IV519JH,IV51 9JH,,,,other,Postcode,151613,862399,3500,18000,,,,,,,Cul nan Cnoc / Culnacnoc,http://data.ordnancesurvey.co.uk/id/4000000074337439,http://www.ordnancesurvey.co.uk/xml/codelists/localtype.xml#hamlet,,,,Highland,http://data.ordnancesurvey.co.uk/id/7000000000186625,http://data.ordnancesurvey.co.uk/ontology/admingeo/UnitaryAuthority,Scotland,http://data.ordnancesurvey.co.uk/id/7000000000041429,Scotland,http://data.ordnancesurvey.co.uk/id/country/scotland,,,
IV519YG,http://data.ordnancesurvey.co.uk/id/postcodeunit/IV519YG,IV51 9YG,,,,other,Postcode,141906,862902,3500,18000,,,,,,,Baile nan cnoc / Balnaknock,http://data.ordnancesurvey.co.uk/id/4000000074542613,http://www.ordnancesurvey.co.uk/xml/codelists/localtype.xml#otherSettlement,,,,Highland,http://data.ordnancesurvey.co.uk/id/7000000000186625,http://data.ordnancesurvey.co.uk/ontology/admingeo/UnitaryAuthority,Scotland,http://data.ordnancesurvey.co.uk/id/7000000000041429,Scotland,http://data.ordnancesurvey.co.uk/id/country/scotland,,,
IV519HZ,http://data.ordnancesurvey.co.uk/id/postcodeunit/IV519HZ,IV51 9HZ,,,,other,Postcode,146472,871241,3500,18000,,,,,,,Flodigarry,http://data.ordnancesurvey.co.uk/id/4000000074570271,http://www.ordnancesurvey.co.uk/xml/codelists/localtype.xml#otherSettlement,,,,Highland,http://data.ordnancesurvey.co.uk/id/7000000000186625,http://data.ordnancesurvey.co.uk/ontology/admingeo/UnitaryAuthority,Scotland,http://data.ordnancesurvey.co.uk/id/7000000000041429,Scotland,http://data.ordnancesurvey.co.uk/id/country/scotland,,,
IV519JS,http://data.ordnancesurvey.co.uk/id/postcodeunit/IV519JS,IV51 9JS,,,,other,Postcode,148168,867930,3500,18000,,,,,,,Staffin / Stafainn,http://data.ordnancesurvey.co.uk/id/4000000074570270,http://www.ordnancesurvey.co.uk/xml/codelists/localtype.xml#village,,,,Highland,http://data.ordnancesurvey.co.uk/id/7000000000186625,http://data.ordnancesurvey.co.uk/ontology/admingeo/UnitaryAuthority,Scotland,http://data.ordnancesurvey.co.uk/id/7000000000041429,Scotland,http://data.ordnancesurvey.co.uk/id/country/scotland,,,
IV519UF,http://data.ordnancesurvey.co.uk/id/postcodeunit/IV519UF,IV51 9UF,,,,other,Postcode,141276,874072,3500,18000,,,,,,,Duntulm,http://data.ordnancesurvey.co.uk/id/4000000074570633,http://www.ordnancesurvey.co.uk/xml/codelists/localtype.xml#hamlet,,,,Highland,http://data.ordnancesurvey.co.uk/id/7000000000186625,http://data.ordnancesurvey.co.uk/ontology/admingeo/UnitaryAuthority,Scotland,http://data.ordnancesurvey.co.uk/id/7000000000041429,Scotland,http://data.ordnancesurvey.co.uk/id/country/scotland,,,
IV519LA,http://data.ordnancesurvey.co.uk/id/postcodeunit/IV519LA,IV51 9LA,,,,other,Postcode,146757,869242,3500,18000,,,,,,,Digg / An Dig,http://data.ordnancesurvey.co.uk/id/4000000074550158,http://www.ordnancesurvey.co.uk/xml/codelists/localtype.xml#otherSettlement,,,,Highland,http://data.ordnancesurvey.co.uk/id/7000000000186625,http://data.ordnancesurvey.co.uk/ontology/admingeo/UnitaryAuthority,Scotland,http://data.ordnancesurvey.co.uk/id/7000000000041429,Scotland,http://data.ordnancesurvey.co.uk/id/country/scotland,,,
osgb4000000003445909,http://data.ordnancesurvey.co.uk/id/4000000003445909,Trotternish Avenue,,,,transportNetwork,Named Road,149063,867344,1000,20000,149029,867311,149122,867354,IV51,http://data.ordnancesurvey.co.uk/id/postcodedistrict/IV51,Staffin / Stafainn,http://data.ordnancesurvey.co.uk/id/4000000074570270,http://www.ordnancesurvey.co.uk/xml/codelists/localtype.xml#village,,,,Highland,http://data.ordnancesurvey.co.uk/id/7000000000186625,http://data.ordnancesurvey.co.uk/ontology/admingeo/UnitaryAuthority,Scotland,http://data.ordnancesurvey.co.uk/id/7000000000041429,Scotland,http://data.ordnancesurvey.co.uk/id/country/scotland,,,
osgb4000000003447475,http://data.ordnancesurvey.co.uk/id/4000000003447475,Quiraing View,,,,transportNetwork,Named Road,144377,873832,1000,20000,144340,873823,144407,873842,IV51,http://data.ordnancesurvey.co.uk/id/postcodedistrict/IV51,Kilmaluag,http://data.ordnancesurvey.co.uk/id/4000000074343882,http://www.ordnancesurvey.co.uk/xml/codelists/localtype.xml#village,,,,Highland,http://data.ordnancesurvey.co.uk/id/7000000000186625,http://data.ordnancesurvey.co.uk/ontology/admingeo/UnitaryAuthority,Scotland,http://data.ordnancesurvey.co.uk/id/7000000000041429,Scotland,http://data.ordnancesurvey.co.uk/id/country/scotland,,,
osgb4000000074747240,http://data.ordnancesurvey.co.uk/id/4000000074747240,Rubha nam Brathairean,,,,landform,Coastal Headland,152705,862707,2000,750000,152445,862457,152945,862957,IV51,http://data.ordnancesurvey.co.uk/id/postcodedistrict/IV51,,,,,,,Highland,http://data.ordnancesurvey.co.uk/id/7000000000186625,http://data.ordnancesurvey.co.uk/ontology/admingeo/UnitaryAuthority,Scotland,http://data.ordnancesurvey.co.uk/id/7000000000041429,Scotland,http://data.ordnancesurvey.co.uk/id/country/scotland,,,
osgb4000000074757964,http://data.ordnancesurvey.co.uk/id/4000000074757964,Cairidh Ghlumaig,,,,landform,Other Coastal Landform,141006,873890,2000,50000,140756,873661,141256,874161,IV51,http://data.ordnancesurvey.co.uk/id/postcodedistrict/IV51,,,,,,,Highland,http://data.ordnancesurvey.co.uk/id/7000000000186625,http://data.ordnancesurvey.co.uk/ontology/admingeo/UnitaryAuthority,Scotland,http://data.ordnancesurvey.co.uk/id/7000000000041429,Scotland,http://data.ordnancesurvey.co.uk/id/country/scotland,,,
osgb4000000074595714,http://data.ordnancesurvey.co.uk/id/4000000074595714,Tobar Heibert,,,,landcover,Wetland,143713,875123,2000,200000,143463,874859,143963,875359,IV51,http://data.ordnancesurvey.co.uk/id/postcodedistrict/IV51,,,,,,,Highland,http://data.ordnancesurvey.co.uk/id/7000000000186625,http://data.ordnancesurvey.co.uk/ontology/admingeo/UnitaryAuthority,Scotland,http://data.ordnancesurvey.co.uk/id/7000000000041429,Scotland,http://data.ordnancesurvey.co.uk/id/country/scotland,,,
osgb4000000074726045,http://data.ordnancesurvey.co.uk/id/4000000074726045,Glen Scamadal,,,,landform,Valley,142941,870658,6000,800000,142545,870179,143337,871177,IV51,http://data.ordnancesurvey.co.uk/id/postcodedistrict/IV51,,,,,,,Highland,http://data.ordnancesurvey.co.uk/id/7000000000186625,http://data.ordnancesurvey.co.uk/ontology/admingeo/UnitaryAuthority,Scotland,http://data.ordnancesurvey.co.uk/id/7000000000041429,Scotland,http://data.ordnancesurvey.co.uk/id/country/scotland,,,
osgb4000000074790143,http://data.ordnancesurvey.co.uk/id/4000000074790143,Staffin Bay,,,,hydrography,Bay,148187,868999,12000,150000,147256,868185,149125,869582,IV51,http://data.ordnancesurvey.co.uk/id/postcodedistrict/IV51,,,,,,,Highland,http://data.ordnancesurvey.co.uk/id/7000000000186625,http://data.ordnancesurvey.co.uk/ontology/admingeo/UnitaryAuthority,Scotland,http://data.ordnancesurvey.co.uk/id/7000000000041429,Scotland,http://data.ordnancesurvey.co.uk/id/country/scotland,,,
osgb4000000074788860,http://data.ordnancesurvey.co.uk/id/4000000074788860,Port Erisco,,,,hydrography,Tidal Water,141047,874782,2000,150000,140800,874532,141300,875032,IV51,http://data.ordnancesurvey.co.uk/id/postcodedistrict/IV51,,,,,,,Highland,http://data.ordnancesurvey.co.uk/id/7000000000186625,http://data.ordnancesurvey.co.uk/ontology/admingeo/UnitaryAuthority,Scotland,http://data.ordnancesurvey.co.uk/id/7000000000041429,Scotland,http://data.ordnancesurvey.co.uk/id/country/scotland,,,
osgb4000000074610754,http://data.ordnancesurvey.co.uk/id/4000000074610754,Bodh' an Eilean,,,,landform,Other Coastal Landform,140581,875270,1000,50000,140331,875018,140831,875518,IV51,http://data.ordnancesurvey.co.uk/id/postcodedistrict/IV51,,,,,,,Highland,http://data.ordnancesurvey.co.uk/id/7000000000186625,http://data.ordnancesurvey.co.uk/ontology/admingeo/UnitaryAuthority,Scotland,http://data.ordnancesurvey.co.uk/id/7000000000041429,Scotland,http://data.ordnancesurvey.co.uk/id/country/scotland,,,
osgb4000000074789923,http://data.ordnancesurvey.co.uk/id/4000000074789923,Kilmaluag Bay,,,,hydrography,Bay,144155,875392,6000,150000,143650,874885,144588,875817,IV51,http://data.ordnancesurvey.co.uk/id/postcodedistrict/IV51,,,,,,,Highland,http://data.ordnancesurvey.co.uk/id/7000000000186625,http://data.ordnancesurvey.co.uk/ontology/admingeo/UnitaryAuthority,Scotland,http://data.ordnancesurvey.co.uk/id/7000000000041429,Scotland,http://data.ordnancesurvey.co.uk/id/country/scotland,,,
osgb4000000074621878,http://data.ordnancesurvey.co.uk/id/4000000074621878,Beinn Mheadhonach,,,,landform,Hill Or Mountain,145608,861857,1000,300000,145358,861607,145858,862107,IV51,http://data.ordnancesurvey.co.uk/id/postcodedistrict/IV51,,,,,,,Highland,http://data.ordnancesurvey.co.uk/id/7000000000186625,http://data.ordnancesurvey.co.uk/ontology/admingeo/UnitaryAuthority,Scotland,http://data.ordnancesurvey.co.uk/id/7000000000041429,Scotland,http://data.ordnancesurvey.co.uk/id/country/scotland,,,
osgb4000000074757876,http://data.ordnancesurvey.co.uk/id/4000000074757876,Creag na h-Eiginn,,,,landform,Cliff Or Slope,146618,872758,2000,40000,146324,872508,146824,873008,IV51,http://data.ordnancesurvey.co.uk/id/postcodedistrict/IV51,,,,,,,Highland,http://data.ordnancesurvey.co.uk/id/7000000000186625,http://data.ordnancesurvey.co.uk/ontology/admingeo/UnitaryAuthority,Scotland,http://data.ordnancesurvey.co.uk/id/7000000000041429,Scotland,http://data.ordnancesurvey.co.uk/id/country/scotland,,,
osgb4000000074807874,http://data.ordnancesurvey.co.uk/id/4000000074807874,Loch Fada,,,,hydrography,Inland Water,145802,869692,2000,500000,145552,869432,146053,869932,IV51,http://data.ordnancesurvey.co.uk/id/postcodedistrict/IV51,,,,,,,Highland,http://data.ordnancesurvey.co.uk/id/7000000000186625,http://data.ordnancesurvey.co.uk/ontology/admingeo/UnitaryAuthority,Scotland,http://data.ordnancesurvey.co.uk/id/7000000000041429,Scotland,http://data.ordnancesurvey.co.uk/id/country/scotland,,,
osgb4000000074757880,http://data.ordnancesurvey.co.uk/id/4000000074757880,Geodha na Mòine,,,,landform,Other Coastal Landform,140656,876659,1000,15000,140425,876409,140925,876909,IV51,http://data.ordnancesurvey.co.uk/id/postcodedistrict/IV51,,,,,,,Highland,http://data.ordnancesurvey.co.uk/id/7000000000186625,http://data.ordnancesurvey.co.uk/ontology/admingeo/UnitaryAuthority,Scotland,http://data.ordnancesurvey.co.uk/id/7000000000041429,Scotland,http://data.ordnancesurvey.co.uk/id/country/scotland,,,
osgb4000000074762366,http://data.ordnancesurvey.co.uk/id/4000000074762366,Creag Loisgte,,,,landform,Cliff Or Slope,144799,868919,2000,15000,144589,868669,145089,869169,IV51,http://data.ordnancesurvey.co.uk/id/postcodedistrict/IV51,,,,,,,Highland,http://data.ordnancesurvey.co.uk/id/7000000000186625,http://data.ordnancesurvey.co.uk/ontology/admingeo/UnitaryAuthority,Scotland,http://data.ordnancesurvey.co.uk/id/7000000000041429,Scotland,http://data.ordnancesurvey.co.uk/id/country/scotland,,,
osgb4000000074768622,http://data.ordnancesurvey.co.uk/id/4000000074768622,Cnoc Ghrianal Beag,,,,landform,Hill Or Mountain,144731,873353,1000,300000,144481,873103,144981,873603,IV51,http://data.ordnancesurvey.co.uk/id/postcodedistrict/IV51,,,,,,,Highland,http://data.ordnancesurvey.co.uk/id/7000000000186625,http://data.ordnancesurvey.co.uk/ontology/admingeo/UnitaryAuthority,Scotland,http://data.ordnancesurvey.co.uk/id/7000000000041429,Scotland,http://data.ordnancesurvey.co.uk/id/country/scotland,,,
osgb4000000074615577,http://data.ordnancesurvey.co.uk/id/4000000074615577,Staffin Island,,,,landform,Island,149227,869121,6000,800000,148884,868714,149569,869654,IV51,http://data.ordnancesurvey.co.uk/id/postcodedistrict/IV51,,,,,,,Highland,http://data.ordnancesurvey.co.uk/id/7000000000186625,http://data.ordnancesurvey.co.uk/ontology/admingeo/UnitaryAuthority,Scotland,http://data.ordnancesurvey.co.uk/id/7000000000041429,Scotland,http://data.ordnancesurvey.co.uk/id/country/scotland,,,
osgb4000000074757962,http://data.ordnancesurvey.co.uk/id/4000000074757962,Creag Orril,,,,landform,Cliff Or Slope,141305,873327,2000,40000,140945,873077,141445,873577,IV51,http://data.ordnancesurvey.co.uk/id/postcodedistrict/IV51,,,,,,,Highland,http://data.ordnancesurvey.co.uk/id/7000000000186625,http://data.ordnancesurvey.co.uk/ontology/admingeo/UnitaryAuthority,Scotland,http://data.ordnancesurvey.co.uk/id/7000000000041429,Scotland,http://data.ordnancesurvey.co.uk/id/country/scotland,,,
osgb4000000074757747,http://data.ordnancesurvey.co.uk/id/4000000074757747,Clifeag,,,,landform,Other Coastal Landform,143599,875174,1000,20000,143350,874937,143850,875437,IV51,http://data.ordnancesurvey.co.uk/id/postcodedistrict/IV51,,,,,,,Highland,http://data.ordnancesurvey.co.uk/id/7000000000186625,http://data.ordnancesurvey.co.uk/ontology/admingeo/UnitaryAuthority,Scotland,http://data.ordnancesurvey.co.uk/id/7000000000041429,Scotland,http://data.ordnancesurvey.co.uk/id/country/scotland,,,
osgb4000000074757741,http://data.ordnancesurvey.co.uk/id/4000000074757741,Gobhlaig,,,,landform,Other Coastal Landform,144017,875006,3000,50000,143846,874756,144346,875256,IV51,http://data.ordnancesurvey.co.uk/id/postcodedistrict/IV51,,,,,,,Highland,http://data.ordnancesurvey.co.uk/id/7000000000186625,http://data.ordnancesurvey.co.uk/ontology/admingeo/UnitaryAuthority,Scotland,http://data.ordnancesurvey.co.uk/id/7000000000041429,Scotland,http://data.ordnancesurvey.co.uk/id/country/scotland,,,
osgb4000000074788859,http://data.ordnancesurvey.co.uk/id/4000000074788859,Ob nan Long,,,,hydrography,Bay,149339,868737,2000,150000,149177,868591,149677,869091,IV51,http://data.ordnancesurvey.co.uk/id/postcodedistrict/IV51,,,,,,,Highland,http://data.ordnancesurvey.co.uk/id/7000000000186625,http://data.ordnancesurvey.co.uk/ontology/admingeo/UnitaryAuthority,Scotland,http://data.ordnancesurvey.co.uk/id/7000000000041429,Scotland,http://data.ordnancesurvey.co.uk/id/country/scotland,,,
osgb4000000074757881,http://data.ordnancesurvey.co.uk/id/4000000074757881,Rubha Hunish,,,,landform,Coastal Headland,140838,876790,4000,750000,140570,876539,141145,877041,IV51,http://data.ordnancesurvey.co.uk/id/postcodedistrict/IV51,,,,,,,Highland,http://data.ordnancesurvey.co.uk/id/7000000000186625,http://data.ordnancesurvey.co.uk/ontology/admingeo/UnitaryAuthority,Scotland,http://data.ordnancesurvey.co.uk/id/7000000000041429,Scotland,http://data.ordnancesurvey.co.uk/id/country/scotland,,,
osgb4000000074591468,http://data.ordnancesurvey.co.uk/id/4000000074591468,Bàgh nan Gunnaichean,,,,landcover,Beach,145248,873944,2000,100000,144998,873765,145498,874265,IV51,http://data.ordnancesurvey.co.uk/id/postcodedistrict/IV51,,,,,,,Highland,http://data.ordnancesurvey.co.uk/id/7000000000186625,http://data.ordnancesurvey.co.uk/ontology/admingeo/UnitaryAuthority,Scotland,http://data.ordnancesurvey.co.uk/id/7000000000041429,Scotland,http://data.ordnancesurvey.co.uk/id/country/scotland,,,
osgb4000000074798825,http://data.ordnancesurvey.co.uk/id/4000000074798825,Loch Hunish,,,,hydrography,Bay,140827,876342,5000,150000,140575,875907,141107,876685,IV51,http://data.ordnancesurvey.co.uk/id/postcodedistrict/IV51,,,,,,,Highland,http://data.ordnancesurvey.co.uk/id/7000000000186625,http://data.ordnancesurvey.co.uk/ontology/admingeo/UnitaryAuthority,Scotland,http://data.ordnancesurvey.co.uk/id/7000000000041429,Scotland,http://data.ordnancesurvey.co.uk/id/country/scotland,,,
osgb4000000074808327,http://data.ordnancesurvey.co.uk/id/4000000074808327,Loch Cleat,,,,hydrography,Inland Water,144672,867265,2000,500000,144422,867002,144922,867502,IV51,http://data.ordnancesurvey.co.uk/id/postcodedistrict/IV51,,,,,,,Highland,http://data.ordnancesurvey.co.uk/id/7000000000186625,http://data.ordnancesurvey.co.uk/ontology/admingeo/UnitaryAuthority,Scotland,http://data.ordnancesurvey.co.uk/id/7000000000041429,Scotland,http://data.ordnancesurvey.co.uk/id/country/scotland,,,
osgb4000000074807876,http://data.ordnancesurvey.co.uk/id/4000000074807876,Lochan nan Dunan,,,,hydrography,Inland Water,146731,870607,1000,500000,146477,870357,146977,870857,IV51,http://data.ordnancesurvey.co.uk/id/postcodedistrict/IV51,,,,,,,Highland,http://data.ordnancesurvey.co.uk/id/7000000000186625,http://data.ordnancesurvey.co.uk/ontology/admingeo/UnitaryAuthority,Scotland,http://data.ordnancesurvey.co.uk/id/7000000000041429,Scotland,http://data.ordnancesurvey.co.uk/id/country/scotland,,,
osgb4000000074615580,http://data.ordnancesurvey.co.uk/id/4000000074615580,Galta Mor,,,,landform,Other Coastal Landform,146140,873726,1000,50000,145891,873476,146391,873976,IV51,http://data.ordnancesurvey.co.uk/id/postcodedistrict/IV51,,,,,,,Highland,http://data.ordnancesurvey.co.uk/id/7000000000186625,http://data.ordnancesurvey.co.uk/ontology/admingeo/UnitaryAuthority,Scotland,http://data.ordnancesurvey.co.uk/id/7000000000041429,Scotland,http://data.ordnancesurvey.co.uk/id/country/scotland,,,
osgb4000000074604991,http://data.ordnancesurvey.co.uk/id/4000000074604991,Dùn Mòr,,,,landform,Hill Or Mountain,145961,868748,1000,300000,145711,868498,146211,868998,IV51,http://data.ordnancesurvey.co.uk/id/postcodedistrict/IV51,,,,,,,Highland,http://data.ordnancesurvey.co.uk/id/7000000000186625,http://data.ordnancesurvey.co.uk/ontology/admingeo/UnitaryAuthority,Scotland,http://data.ordnancesurvey.co.uk/id/7000000000041429,Scotland,http://data.ordnancesurvey.co.uk/id/country/scotland,,,
osgb4000000074768623,http://data.ordnancesurvey.co.uk/id/4000000074768623,Cnoc Ghrianal Mor,,,,landform,Hill Or Mountain,144882,873323,1000,300000,144632,873073,145132,873573,IV51,http://data.ordnancesurvey.co.uk/id/postcodedistrict/IV51,,,,,,,Highland,http://data.ordnancesurvey.co.uk/id/7000000000186625,http://data.ordnancesurvey.co.uk/ontology/admingeo/UnitaryAuthority,Scotland,http://data.ordnancesurvey.co.uk/id/7000000000041429,Scotland,http://data.ordnancesurvey.co.uk/id/country/scotland,,,
osgb4000000074618745,http://data.ordnancesurvey.co.uk/id/4000000074618745,Druim na Coille,,,,landform,Hill Or Mountain,143944,864574,1000,300000,143694,864324,144194,864824,IV51,http://data.ordnancesurvey.co.uk/id/postcodedistrict/IV51,,,,,,,Highland,http://data.ordnancesurvey.co.uk/id/7000000000186625,http://data.ordnancesurvey.co.uk/ontology/admingeo/UnitaryAuthority,Scotland,http://data.ordnancesurvey.co.uk/id/7000000000041429,Scotland,http://data.ordnancesurvey.co.uk/id/country/scotland,,,
osgb4000000074726042,http://data.ordnancesurvey.co.uk/id/4000000074726042,Coire Mhic Eachainn,,,,landform,Cirque Or Hollow,144594,871048,6000,30000,144159,870634,145030,871462,IV51,http://data.ordnancesurvey.co.uk/id/postcodedistrict/IV51,,,,,,,Highland,http://data.ordnancesurvey.co.uk/id/7000000000186625,http://data.ordnancesurvey.co.uk/ontology/admingeo/UnitaryAuthority,Scotland,http://data.ordnancesurvey.co.uk/id/7000000000041429,Scotland,http://data.ordnancesurvey.co.uk/id/country/scotland,,,
osgb4000000074789013,http://data.ordnancesurvey.co.uk/id/4000000074789013,Bùn-idein,,,,hydrography,Tidal Water,142282,876115,5000,150000,141914,875849,142608,876349,IV51,http://data.ordnancesurvey.co.uk/id/postcodedistrict/IV51,,,,,,,Highland,http://data.ordnancesurvey.co.uk/id/7000000000186625,http://data.ordnancesurvey.co.uk/ontology/admingeo/UnitaryAuthority,Scotland,http://data.ordnancesurvey.co.uk/id/7000000000041429,Scotland,http://data.ordnancesurvey.co.uk/id/country/scotland,,,
osgb4000000074757960,http://data.ordnancesurvey.co.uk/id/4000000074757960,Sgeir nan Eathar Bàna,,,,landform,Other Coastal Landform,144662,874719,1000,20000,144412,874421,144912,874921,IV51,http://data.ordnancesurvey.co.uk/id/postcodedistrict/IV51,,,,,,,Highland,http://data.ordnancesurvey.co.uk/id/7000000000186625,http://data.ordnancesurvey.co.uk/ontology/admingeo/UnitaryAuthority,Scotland,http://data.ordnancesurvey.co.uk/id/7000000000041429,Scotland,http://data.ordnancesurvey.co.uk/id/country/scotland,,,
osgb4000000074757877,http://data.ordnancesurvey.co.uk/id/4000000074757877,Steall a' Ghreip,,,,landform,Cliff Or Slope,146252,873304,2000,40000,146003,872987,146503,873487,IV51,http://data.ordnancesurvey.co.uk/id/postcodedistrict/IV51,,,,,,,Highland,http://data.ordnancesurvey.co.uk/id/7000000000186625,http://data.ordnancesurvey.co.uk/ontology/admingeo/UnitaryAuthority,Scotland,http://data.ordnancesurvey.co.uk/id/7000000000041429,Scotland,http://data.ordnancesurvey.co.uk/id/country/scotland,,,
osgb4000000074757879,http://data.ordnancesurvey.co.uk/id/4000000074757879,Creag an Leima,,,,landcover,Wetland,145169,874032,1000,200000,144919,873826,145419,874326,IV51,http://data.ordnancesurvey.co.uk/id/postcodedistrict/IV51,,,,,,,Highland,http://data.ordnancesurvey.co.uk/id/7000000000186625,http://data.ordnancesurvey.co.uk/ontology/admingeo/UnitaryAuthority,Scotland,http://data.ordnancesurvey.co.uk/id/7000000000041429,Scotland,http://data.ordnancesurvey.co.uk/id/country/scotland,,,
osgb4000000074593252,http://data.ordnancesurvey.co.uk/id/4000000074593252,Bohenuil Trodday,,,,landform,Other Coastal Landform,143731,878683,1000,50000,143481,878430,143981,878930,IV51,http://data.ordnancesurvey.co.uk/id/postcodedistrict/IV51,,,,,,,Highland,http://data.ordnancesurvey.co.uk/id/7000000000186625,http://data.ordnancesurvey.co.uk/ontology/admingeo/UnitaryAuthority,Scotland,http://data.ordnancesurvey.co.uk/id/7000000000041429,Scotland,http://data.ordnancesurvey.co.uk/id/country/scotland,,,
osgb4000000074594515,http://data.ordnancesurvey.co.uk/id/4000000074594515,Rubha Voreven,,,,landform,Other Coastal Landform,140583,875933,1000,20000,140336,875683,140836,876183,IV51,http://data.ordnancesurvey.co.uk/id/postcodedistrict/IV51,,,,,,,Highland,http://data.ordnancesurvey.co.uk/id/7000000000186625,http://data.ordnancesurvey.co.uk/ontology/admingeo/UnitaryAuthority,Scotland,http://data.ordnancesurvey.co.uk/id/7000000000041429,Scotland,http://data.ordnancesurvey.co.uk/id/country/scotland,,,
osgb4000000074807872,http://data.ordnancesurvey.co.uk/id/4000000074807872,Loch Leum nam Bràdh,,,,hydrography,Inland Water,146979,870032,1000,500000,146729,869783,147229,870283,IV51,http://data.ordnancesurvey.co.uk/id/postcodedistrict/IV51,,,,,,,Highland,http://data.ordnancesurvey.co.uk/id/7000000000186625,http://data.ordnancesurvey.co.uk/ontology/admingeo/UnitaryAuthority,Scotland,http://data.ordnancesurvey.co.uk/id/7000000000041429,Scotland,http://data.ordnancesurvey.co.uk/id/country/scotland,,,
osgb4000000074757961,http://data.ordnancesurvey.co.uk/id/4000000074757961,Meall Brataig,,,,landform,Other Coastal Landform,144521,874905,1000,50000,144271,874678,144771,875178,IV51,http://data.ordnancesurvey.co.uk/id/postcodedistrict/IV51,,,,,,,Highland,http://data.ordnancesurvey.co.uk/id/7000000000186625,http://data.ordnancesurvey.co.uk/ontology/admingeo/UnitaryAuthority,Scotland,http://data.ordnancesurvey.co.uk/id/7000000000041429,Scotland,http://data.ordnancesurvey.co.uk/id/country/scotland,,,
osgb4000000074808326,http://data.ordnancesurvey.co.uk/id/4000000074808326,Loch Sneosdal,,,,hydrography,Inland Water,141335,869214,3000,500000,141078,868964,141578,869464,IV51,http://data.ordnancesurvey.co.uk/id/postcodedistrict/IV51,,,,,,,Highland,http://data.ordnancesurvey.co.uk/id/7000000000186625,http://data.ordnancesurvey.co.uk/ontology/admingeo/UnitaryAuthority,Scotland,http://data.ordnancesurvey.co.uk/id/7000000000041429,Scotland,http://data.ordnancesurvey.co.uk/id/country/scotland,,,
osgb4000000074757804,http://data.ordnancesurvey.co.uk/id/4000000074757804,Rubha na Tragha,,,,landform,Coastal Headland,142656,876266,1000,750000,142429,876016,142929,876516,IV51,http://data.ordnancesurvey.co.uk/id/postcodedistrict/IV51,,,,,,,Highland,http://data.ordnancesurvey.co.uk/id/7000000000186625,http://data.ordnancesurvey.co.uk/ontology/admingeo/UnitaryAuthority,Scotland,http://data.ordnancesurvey.co.uk/id/7000000000041429,Scotland,http://data.ordnancesurvey.co.uk/id/country/scotland,,,
osgb4000000074586769,http://data.ordnancesurvey.co.uk/id/4000000074586769,Trotternish,,,,landform,Coastal Headland,144352,860504,220000,750000,135857,843145,152848,877036,IV51,http://data.ordnancesurvey.co.uk/id/postcodedistrict/IV51,,,,,,,Highland,http://data.ordnancesurvey.co.uk/id/7000000000186625,http://data.ordnancesurvey.co.uk/ontology/admingeo/UnitaryAuthority,Scotland,http://data.ordnancesurvey.co.uk/id/7000000000041429,Scotland,http://data.ordnancesurvey.co.uk/id/country/scotland,,,
osgb4000000074806948,http://data.ordnancesurvey.co.uk/id/4000000074806948,Loch Beag Bealach Chaiplin,,,,hydrography,Inland Water,145829,860057,1000,500000,145580,859809,146080,860309,IV51,http://data.ordnancesurvey.co.uk/id/postcodedistrict/IV51,,,,,,,Highland,http://data.ordnancesurvey.co.uk/id/7000000000186625,http://data.ordnancesurvey.co.uk/ontology/admingeo/UnitaryAuthority,Scotland,http://data.ordnancesurvey.co.uk/id/7000000000041429,Scotland,http://data.ordnancesurvey.co.uk/id/country/scotland,,,
osgb4000000074789014,http://data.ordnancesurvey.co.uk/id/4000000074789014,Duntulm Bay,,,,hydrography,Bay,140911,875187,9000,150000,140596,874305,141272,875694,IV51,http://data.ordnancesurvey.co.uk/id/postcodedistrict/IV51,,,,,,,Highland,http://data.ordnancesurvey.co.uk/id/7000000000186625,http://data.ordnancesurvey.co.uk/ontology/admingeo/UnitaryAuthority,Scotland,http://data.ordnancesurvey.co.uk/id/7000000000041429,Scotland,http://data.ordnancesurvey.co.uk/id/country/scotland,,,
osgb4000000074746771,http://data.ordnancesurvey.co.uk/id/4000000074746771,Aite-faire Creag an Fhèilidh,gla,Kilt Rock Viewpoint,eng,landcover,Wetland,150950,865491,2000,200000,150700,865263,151200,865763,IV51,http://data.ordnancesurvey.co.uk/id/postcodedistrict/IV51,,,,,,,Highland,http://data.ordnancesurvey.co.uk/id/7000000000186625,http://data.ordnancesurvey.co.uk/ontology/admingeo/UnitaryAuthority,Scotland,http://data.ordnancesurvey.co.uk/id/7000000000041429,Scotland,http://data.ordnancesurvey.co.uk/id/country/scotland,,,
osgb4000000074788612,http://data.ordnancesurvey.co.uk/id/4000000074788612,Inver Tote,,,,hydrography,Bay,152125,860507,3000,150000,151829,860270,152329,860770,IV51,http://data.ordnancesurvey.co.uk/id/postcodedistrict/IV51,,,,,,,Highland,http://data.ordnancesurvey.co.uk/id/7000000000186625,http://data.ordnancesurvey.co.uk/ontology/admingeo/UnitaryAuthority,Scotland,http://data.ordnancesurvey.co.uk/id/7000000000041429,Scotland,http://data.ordnancesurvey.co.uk/id/country/scotland,,,
osgb4000000074621877,http://data.ordnancesurvey.co.uk/id/4000000074621877,Groba nan Each,,,,landform,Hill Or Mountain,145386,860624,1000,300000,145136,860374,145636,860874,IV51,http://data.ordnancesurvey.co.uk/id/postcodedistrict/IV51,,,,,,,Highland,http://data.ordnancesurvey.co.uk/id/7000000000186625,http://data.ordnancesurvey.co.uk/ontology/admingeo/UnitaryAuthority,Scotland,http://data.ordnancesurvey.co.uk/id/7000000000041429,Scotland,http://data.ordnancesurvey.co.uk/id/country/scotland,,,
osgb4000000074807873,http://data.ordnancesurvey.co.uk/id/4000000074807873,Loch Vallerain,eng,Loch Bhalarain,gla,hydrography,Inland Water,146524,869573,1000,500000,146275,869323,146775,869823,IV51,http://data.ordnancesurvey.co.uk/id/postcodedistrict/IV51,,,,,,,Highland,http://data.ordnancesurvey.co.uk/id/7000000000186625,http://data.ordnancesurvey.co.uk/ontology/admingeo/UnitaryAuthority,Scotland,http://data.ordnancesurvey.co.uk/id/7000000000041429,Scotland,http://data.ordnancesurvey.co.uk/id/country/scotland,,,
osgb4000000074757959,http://data.ordnancesurvey.co.uk/id/4000000074757959,Maol Buidhe,,,,landform,Other Coastal Landform,144901,874442,1000,20000,144639,874192,145139,874692,IV51,http://data.ordnancesurvey.co.uk/id/postcodedistrict/IV51,,,,,,,Highland,http://data.ordnancesurvey.co.uk/id/7000000000186625,http://data.ordnancesurvey.co.uk/ontology/admingeo/UnitaryAuthority,Scotland,http://data.ordnancesurvey.co.uk/id/7000000000041429,Scotland,http://data.ordnancesurvey.co.uk/id/country/scotland,,,
osgb4000000074757882,http://data.ordnancesurvey.co.uk/id/4000000074757882,Rubha Smellavaig,,,,landform,Other Coastal Landform,140645,875726,1000,20000,140395,875475,140895,875975,IV51,http://data.ordnancesurvey.co.uk/id/postcodedistrict/IV51,,,,,,,Highland,http://data.ordnancesurvey.co.uk/id/7000000000186625,http://data.ordnancesurvey.co.uk/ontology/admingeo/UnitaryAuthority,Scotland,http://data.ordnancesurvey.co.uk/id/7000000000041429,Scotland,http://data.ordnancesurvey.co.uk/id/country/scotland,,,
osgb4000000074618747,http://data.ordnancesurvey.co.uk/id/4000000074618747,Sgùrr Mòr,,,,landform,Hill Or Mountain,144024,870813,1000,300000,143774,870563,144274,871063,IV51,http://data.ordnancesurvey.co.uk/id/postcodedistrict/IV51,,,,,,,Highland,http://data.ordnancesurvey.co.uk/id/7000000000186625,http://data.ordnancesurvey.co.uk/ontology/admingeo/UnitaryAuthority,Scotland,http://data.ordnancesurvey.co.uk/id/7000000000041429,Scotland,http://data.ordnancesurvey.co.uk/id/country/scotland,,,
osgb4000000074757742,http://data.ordnancesurvey.co.uk/id/4000000074757742,An Laman,,,,landform,Other Coastal Landform,144011,875297,1000,50000,143761,875056,144261,875556,IV51,http://data.ordnancesurvey.co.uk/id/postcodedistrict/IV51,,,,,,,Highland,http://data.ordnancesurvey.co.uk/id/7000000000186625,http://data.ordnancesurvey.co.uk/ontology/admingeo/UnitaryAuthority,Scotland,http://data.ordnancesurvey.co.uk/id/7000000000041429,Scotland,http://data.ordnancesurvey.co.uk/id/country/scotland,,,
osgb4000000074609933,http://data.ordnancesurvey.co.uk/id/4000000074609933,Stac Buidhe,,,,landform,Other Coastal Landform,144840,874556,1000,50000,144590,874306,145090,874806,IV51,http://data.ordnancesurvey.co.uk/id/postcodedistrict/IV51,,,,,,,Highland,http://data.ordnancesurvey.co.uk/id/7000000000186625,http://data.ordnancesurvey.co.uk/ontology/admingeo/UnitaryAuthority,Scotland,http://data.ordnancesurvey.co.uk/id/7000000000041429,Scotland,http://data.ordnancesurvey.co.uk/id/country/scotland,,,
osgb4000000074757807,http://data.ordnancesurvey.co.uk/id/4000000074757807,Rubh' an t-Sailleir,,,,landform,Other Coastal Landform,143077,876640,2000,50000,142827,876427,143327,876927,IV51,http://data.ordnancesurvey.co.uk/id/postcodedistrict/IV51,,,,,,,Highland,http://data.ordnancesurvey.co.uk/id/7000000000186625,http://data.ordnancesurvey.co.uk/ontology/admingeo/UnitaryAuthority,Scotland,http://data.ordnancesurvey.co.uk/id/7000000000041429,Scotland,http://data.ordnancesurvey.co.uk/id/country/scotland,,,
osgb4000000074623117,http://data.ordnancesurvey.co.uk/id/4000000074623117,Druim an Ruma,,,,landform,Hill Or Mountain,144097,866516,1000,300000,143847,866266,144347,866766,IV51,http://data.ordnancesurvey.co.uk/id/postcodedistrict/IV51,,,,,,,Highland,http://data.ordnancesurvey.co.uk/id/7000000000186625,http://data.ordnancesurvey.co.uk/ontology/admingeo/UnitaryAuthority,Scotland,http://data.ordnancesurvey.co.uk/id/7000000000041429,Scotland,http://data.ordnancesurvey.co.uk/id/country/scotland,,,
osgb4000000074757805,http://data.ordnancesurvey.co.uk/id/4000000074757805,Lùb Voreven,,,,landform,Other Coastal Landform,140951,875520,2000,50000,140608,875270,141108,875770,IV51,http://data.ordnancesurvey.co.uk/id/postcodedistrict/IV51,,,,,,,Highland,http://data.ordnancesurvey.co.uk/id/7000000000186625,http://data.ordnancesurvey.co.uk/ontology/admingeo/UnitaryAuthority,Scotland,http://data.ordnancesurvey.co.uk/id/7000000000041429,Scotland,http://data.ordnancesurvey.co.uk/id/country/scotland,,,
osgb4000000074757874,http://data.ordnancesurvey.co.uk/id/4000000074757874,Rubh' an Aiseig,,,,landcover,Wetland,149086,868897,1000,200000,148845,868647,149345,869147,IV51,http://data.ordnancesurvey.co.uk/id/postcodedistrict/IV51,,,,,,,Highland,http://data.ordnancesurvey.co.uk/id/7000000000186625,http://data.ordnancesurvey.co.uk/ontology/admingeo/UnitaryAuthority,Scotland,http://data.ordnancesurvey.co.uk/id/7000000000041429,Scotland,http://data.ordnancesurvey.co.uk/id/country/scotland,,,
osgb4000000074757744,http://data.ordnancesurvey.co.uk/id/4000000074757744,Rubha Bheanachain,,,,landform,Coastal Headland,144281,875872,2000,750000,144031,875638,144531,876138,IV51,http://data.ordnancesurvey.co.uk/id/postcodedistrict/IV51,,,,,,,Highland,http://data.ordnancesurvey.co.uk/id/7000000000186625,http://data.ordnancesurvey.co.uk/ontology/admingeo/UnitaryAuthority,Scotland,http://data.ordnancesurvey.co.uk/id/7000000000041429,Scotland,http://data.ordnancesurvey.co.uk/id/country/scotland,,,
osgb4000000074618750,http://data.ordnancesurvey.co.uk/id/4000000074618750,Cnoc Roll,,,,landform,Hill Or Mountain,141743,873901,1000,300000,141493,873651,141993,874151,IV51,http://data.ordnancesurvey.co.uk/id/postcodedistrict/IV51,,,,,,,Highland,http://data.ordnancesurvey.co.uk/id/7000000000186625,http://data.ordnancesurvey.co.uk/ontology/admingeo/UnitaryAuthority,Scotland,http://data.ordnancesurvey.co.uk/id/7000000000041429,Scotland,http://data.ordnancesurvey.co.uk/id/country/scotland,,,
osgb4000000074725629,http://data.ordnancesurvey.co.uk/id/4000000074725629,Corrie Amadal,,,,landform,Cirque Or Hollow,144367,861375,8000,30000,143734,860894,144999,861857,IV51,http://data.ordnancesurvey.co.uk/id/postcodedistrict/IV51,,,,,,,Highland,http://data.ordnancesurvey.co.uk/id/7000000000186625,http://data.ordnancesurvey.co.uk/ontology/admingeo/UnitaryAuthority,Scotland,http://data.ordnancesurvey.co.uk/id/7000000000041429,Scotland,http://data.ordnancesurvey.co.uk/id/country/scotland,,,
osgb4000000074803068,http://data.ordnancesurvey.co.uk/id/4000000074803068,Loch Mealt,,,,hydrography,Inland Water,150512,865019,6000,500000,150198,864624,150826,865500,IV51,http://data.ordnancesurvey.co.uk/id/postcodedistrict/IV51,,,,,,,Highland,http://data.ordnancesurvey.co.uk/id/7000000000186625,http://data.ordnancesurvey.co.uk/ontology/admingeo/UnitaryAuthority,Scotland,http://data.ordnancesurvey.co.uk/id/7000000000041429,Scotland,http://data.ordnancesurvey.co.uk/id/country/scotland,,,
osgb4000000074610753,http://data.ordnancesurvey.co.uk/id/4000000074610753,Eilean Trodday,,,,landform,Island,144140,878799,6000,800000,143685,878360,144610,879238,IV51,http://data.ordnancesurvey.co.uk/id/postcodedistrict/IV51,,,,,,,Highland,http://data.ordnancesurvey.co.uk/id/7000000000186625,http://data.ordnancesurvey.co.uk/ontology/admingeo/UnitaryAuthority,Scotland,http://data.ordnancesurvey.co.uk/id/7000000000041429,Scotland,http://data.ordnancesurvey.co.uk/id/country/scotland,,,
osgb4000000074618746,http://data.ordnancesurvey.co.uk/id/4000000074618746,Ben Gorm,,,,landform,Hill Or Mountain,141671,865214,1000,300000,141421,864964,141921,865464,IV51,http://data.ordnancesurvey.co.uk/id/postcodedistrict/IV51,,,,,,,Highland,http://data.ordnancesurvey.co.uk/id/7000000000186625,http://data.ordnancesurvey.co.uk/ontology/admingeo/UnitaryAuthority,Scotland,http://data.ordnancesurvey.co.uk/id/7000000000041429,Scotland,http://data.ordnancesurvey.co.uk/id/country/scotland,,,
osgb4000000074615153,http://data.ordnancesurvey.co.uk/id/4000000074615153,Sgeir nam Faoileann,,,,landform,Other Coastal Landform,149632,868387,1000,50000,149383,868143,149883,868643,IV51,http://data.ordnancesurvey.co.uk/id/postcodedistrict/IV51,,,,,,,Highland,http://data.ordnancesurvey.co.uk/id/7000000000186625,http://data.ordnancesurvey.co.uk/ontology/admingeo/UnitaryAuthority,Scotland,http://data.ordnancesurvey.co.uk/id/7000000000041429,Scotland,http://data.ordnancesurvey.co.uk/id/country/scotland,,,
osgb4000000074757802,http://data.ordnancesurvey.co.uk/id/4000000074757802,An Corran,,,,landcover,Wetland,149108,868585,2000,200000,148737,868335,149237,868835,IV51,http://data.ordnancesurvey.co.uk/id/postcodedistrict/IV51,,,,,,,Highland,http://data.ordnancesurvey.co.uk/id/7000000000186625,http://data.ordnancesurvey.co.uk/ontology/admingeo/UnitaryAuthority,Scotland,http://data.ordnancesurvey.co.uk/id/7000000000041429,Scotland,http://data.ordnancesurvey.co.uk/id/country/scotland,,,
osgb4000000074757963,http://data.ordnancesurvey.co.uk/id/4000000074757963,Creagan Iar,,,,landform,Cliff Or Slope,140694,873128,2000,40000,140507,872878,141007,873378,IV51,http://data.ordnancesurvey.co.uk/id/postcodedistrict/IV51,,,,,,,Highland,http://data.ordnancesurvey.co.uk/id/7000000000186625,http://data.ordnancesurvey.co.uk/ontology/admingeo/UnitaryAuthority,Scotland,http://data.ordnancesurvey.co.uk/id/7000000000041429,Scotland,http://data.ordnancesurvey.co.uk/id/country/scotland,,,
osgb4000000074615578,http://data.ordnancesurvey.co.uk/id/4000000074615578,Clach nan Ràmh,,,,landform,Other Coastal Landform,146854,873005,1000,50000,146604,872755,147104,873255,IV51,http://data.ordnancesurvey.co.uk/id/postcodedistrict/IV51,,,,,,,Highland,http://data.ordnancesurvey.co.uk/id/7000000000186625,http://data.ordnancesurvey.co.uk/ontology/admingeo/UnitaryAuthority,Scotland,http://data.ordnancesurvey.co.uk/id/7000000000041429,Scotland,http://data.ordnancesurvey.co.uk/id/country/scotland,,,
osgb4000000074726041,http://data.ordnancesurvey.co.uk/id/4000000074726041,Glen Uig,,,,landform,Valley,141485,863364,12000,800000,140257,862980,142178,863748,IV51,http://data.ordnancesurvey.co.uk/id/postcodedistrict/IV51,,,,,,,Highland,http://data.ordnancesurvey.co.uk/id/7000000000186625,http://data.ordnancesurvey.co.uk/ontology/admingeo/UnitaryAuthority,Scotland,http://data.ordnancesurvey.co.uk/id/7000000000041429,Scotland,http://data.ordnancesurvey.co.uk/id/country/scotland,,,
osgb4000000074617580,http://data.ordnancesurvey.co.uk/id/4000000074617580,Ben Brogaskil,eng,Creag Chragach,gla,landform,Hill Or Mountain,141393,861443,1000,300000,141143,861193,141643,861693,IV51,http://data.ordnancesurvey.co.uk/id/postcodedistrict/IV51,,,,,,,Highland,http://data.ordnancesurvey.co.uk/id/7000000000186625,http://data.ordnancesurvey.co.uk/ontology/admingeo/UnitaryAuthority,Scotland,http://data.ordnancesurvey.co.uk/id/7000000000041429,Scotland,http://data.ordnancesurvey.co.uk/id/country/scotland,,,
osgb4000000074609532,http://data.ordnancesurvey.co.uk/id/4000000074609532,Stacan Gobhlach,,,,landform,Other Coastal Landform,145084,874370,1000,50000,144834,874111,145334,874611,IV51,http://data.ordnancesurvey.co.uk/id/postcodedistrict/IV51,,,,,,,Highland,http://data.ordnancesurvey.co.uk/id/7000000000186625,http://data.ordnancesurvey.co.uk/ontology/admingeo/UnitaryAuthority,Scotland,http://data.ordnancesurvey.co.uk/id/7000000000041429,Scotland,http://data.ordnancesurvey.co.uk/id/country/scotland,,,
osgb4000000074778865,http://data.ordnancesurvey.co.uk/id/4000000074778865,Cnoc a' Mhoid,,,,landform,Hill Or Mountain,141082,874203,1000,300000,140832,873953,141332,874453,IV51,http://data.ordnancesurvey.co.uk/id/postcodedistrict/IV51,,,,,,,Highland,http://data.ordnancesurvey.co.uk/id/7000000000186625,http://data.ordnancesurvey.co.uk/ontology/admingeo/UnitaryAuthority,Scotland,http://data.ordnancesurvey.co.uk/id/7000000000041429,Scotland,http://data.ordnancesurvey.co.uk/id/country/scotland,,,
osgb4000000074757801,http://data.ordnancesurvey.co.uk/id/4000000074757801,Rubha Garbhaig,,,,landform,Other Coastal Landform,149792,868191,3000,50000,149445,867941,149945,868441,IV51,http://data.ordnancesurvey.co.uk/id/postcodedistrict/IV51,,,,,,,Highland,http://data.ordnancesurvey.co.uk/id/7000000000186625,http://data.ordnancesurvey.co.uk/ontology/admingeo/UnitaryAuthority,Scotland,http://data.ordnancesurvey.co.uk/id/7000000000041429,Scotland,http://data.ordnancesurvey.co.uk/id/country/scotland,,,
osgb4000000074788858,http://data.ordnancesurvey.co.uk/id/4000000074788858,Ob nan Ron,,,,hydrography,Bay,149454,868385,3000,150000,149128,868088,149628,868588,IV51,http://data.ordnancesurvey.co.uk/id/postcodedistrict/IV51,,,,,,,Highland,http://data.ordnancesurvey.co.uk/id/7000000000186625,http://data.ordnancesurvey.co.uk/ontology/admingeo/UnitaryAuthority,Scotland,http://data.ordnancesurvey.co.uk/id/7000000000041429,Scotland,http://data.ordnancesurvey.co.uk/id/country/scotland,,,
osgb4000000074621879,http://data.ordnancesurvey.co.uk/id/4000000074621879,Beinn Fhuar,,,,landform,Hill Or Mountain,142715,860798,1000,300000,142465,860548,142965,861048,IV51,http://data.ordnancesurvey.co.uk/id/postcodedistrict/IV51,,,,,,,Highland,http://data.ordnancesurvey.co.uk/id/7000000000186625,http://data.ordnancesurvey.co.uk/ontology/admingeo/UnitaryAuthority,Scotland,http://data.ordnancesurvey.co.uk/id/7000000000041429,Scotland,http://data.ordnancesurvey.co.uk/id/country/scotland,,,
osgb4000000074788816,http://data.ordnancesurvey.co.uk/id/4000000074788816,Breun Phort,,,,hydrography,Tidal Water,149644,868148,3000,150000,149440,867844,149940,868344,IV51,http://data.ordnancesurvey.co.uk/id/postcodedistrict/IV51,,,,,,,Highland,http://data.ordnancesurvey.co.uk/id/7000000000186625,http://data.ordnancesurvey.co.uk/ontology/admingeo/UnitaryAuthority,Scotland,http://data.ordnancesurvey.co.uk/id/7000000000041429,Scotland,http://data.ordnancesurvey.co.uk/id/country/scotland,,,
osgb4000000074789055,http://data.ordnancesurvey.co.uk/id/4000000074789055,Port Lag a' Bhleodhainn,,,,hydrography,Tidal Water,141574,876279,3000,150000,141318,876060,141818,876560,IV51,http://data.ordnancesurvey.co.uk/id/postcodedistrict/IV51,,,,,,,Highland,http://data.ordnancesurvey.co.uk/id/7000000000186625,http://data.ordnancesurvey.co.uk/ontology/admingeo/UnitaryAuthority,Scotland,http://data.ordnancesurvey.co.uk/id/7000000000041429,Scotland,http://data.ordnancesurvey.co.uk/id/country/scotland,,,
osgb4000000074798443,http://data.ordnancesurvey.co.uk/id/4000000074798443,Poldorais,,,,hydrography,Sea,147455,871676,15000,12000000,146603,870580,148250,872843,IV51,http://data.ordnancesurvey.co.uk/id/postcodedistrict/IV51,,,,,,,Highland,http://data.ordnancesurvey.co.uk/id/7000000000186625,http://data.ordnancesurvey.co.uk/ontology/admingeo/UnitaryAuthority,Scotland,http://data.ordnancesurvey.co.uk/id/7000000000041429,Scotland,http://data.ordnancesurvey.co.uk/id/country/scotland,,,
osgb4000000074750867,http://data.ordnancesurvey.co.uk/id/4000000074750867,Rubha Bàn,,,,landform,Other Coastal Landform,149445,868945,3000,50000,149195,868665,149695,869165,IV51,http://data.ordnancesurvey.co.uk/id/postcodedistrict/IV51,,,,,,,Highland,http://data.ordnancesurvey.co.uk/id/7000000000186625,http://data.ordnancesurvey.co.uk/ontology/admingeo/UnitaryAuthority,Scotland,http://data.ordnancesurvey.co.uk/id/7000000000041429,Scotland,http://data.ordnancesurvey.co.uk/id/country/scotland,,,
osgb4000000074599758,http://data.ordnancesurvey.co.uk/id/4000000074599758,Beinn an Laoigh,,,,landform,Hill Or Mountain,144063,860464,1000,300000,143813,860214,144313,860714,IV51,http://data.ordnancesurvey.co.uk/id/postcodedistrict/IV51,,,,,,,Highland,http://data.ordnancesurvey.co.uk/id/7000000000186625,http://data.ordnancesurvey.co.uk/ontology/admingeo/UnitaryAuthority,Scotland,http://data.ordnancesurvey.co.uk/id/7000000000041429,Scotland,http://data.ordnancesurvey.co.uk/id/country/scotland,,,
osgb4000000074768668,http://data.ordnancesurvey.co.uk/id/4000000074768668,Cnoc a' Mhèirlich,,,,landform,Hill Or Mountain,144516,868350,1000,300000,144266,868100,144766,868600,IV51,http://data.ordnancesurvey.co.uk/id/postcodedistrict/IV51,,,,,,,Highland,http://data.ordnancesurvey.co.uk/id/7000000000186625,http://data.ordnancesurvey.co.uk/ontology/admingeo/UnitaryAuthority,Scotland,http://data.ordnancesurvey.co.uk/id/7000000000041429,Scotland,http://data.ordnancesurvey.co.uk/id/country/scotland,,,
osgb4000000074726043,http://data.ordnancesurvey.co.uk/id/4000000074726043,Coir' a' Chara,,,,landform,Cirque Or Hollow,142299,869959,2000,30000,142049,869709,142549,870209,IV51,http://data.ordnancesurvey.co.uk/id/postcodedistrict/IV51,,,,,,,Highland,http://data.ordnancesurvey.co.uk/id/7000000000186625,http://data.ordnancesurvey.co.uk/ontology/admingeo/UnitaryAuthority,Scotland,http://data.ordnancesurvey.co.uk/id/7000000000041429,Scotland,http://data.ordnancesurvey.co.uk/id/country/scotland,,,
osgb4000000074618360,http://data.ordnancesurvey.co.uk/id/4000000074618360,Beinn Edra,,,,landform,Hill Or Mountain,145570,862682,1000,300000,145320,862432,145820,862932,IV51,http://data.ordnancesurvey.co.uk/id/postcodedistrict/IV51,,,,,,,Highland,http://data.ordnancesurvey.co.uk/id/7000000000186625,http://data.ordnancesurvey.co.uk/ontology/admingeo/UnitaryAuthority,Scotland,http://data.ordnancesurvey.co.uk/id/7000000000041429,Scotland,http://data.ordnancesurvey.co.uk/id/country/scotland,,,
osgb4000000074610752,http://data.ordnancesurvey.co.uk/id/4000000074610752,Stac Lachlainn,,,,landform,Island,144096,875483,1000,800000,143848,875233,144348,875733,IV51,http://data.ordnancesurvey.co.uk/id/postcodedistrict/IV51,,,,,,,Highland,http://data.ordnancesurvey.co.uk/id/7000000000186625,http://data.ordnancesurvey.co.uk/ontology/admingeo/UnitaryAuthority,Scotland,http://data.ordnancesurvey.co.uk/id/7000000000041429,Scotland,http://data.ordnancesurvey.co.uk/id/country/scotland,,,
osgb4000000074757878,http://data.ordnancesurvey.co.uk/id/4000000074757878,Creag a' Ghreip,,,,landform,Other Coastal Landform,146110,873655,1000,50000,145860,873404,146360,873904,IV51,http://data.ordnancesurvey.co.uk/id/postcodedistrict/IV51,,,,,,,Highland,http://data.ordnancesurvey.co.uk/id/7000000000186625,http://data.ordnancesurvey.co.uk/ontology/admingeo/UnitaryAuthority,Scotland,http://data.ordnancesurvey.co.uk/id/7000000000041429,Scotland,http://data.ordnancesurvey.co.uk/id/country/scotland,,,
osgb4000000074609934,http://data.ordnancesurvey.co.uk/id/4000000074609934,Tulm Island,,,,landform,Island,140791,874914,3000,800000,140542,874667,141042,875202,IV51,http://data.ordnancesurvey.co.uk/id/postcodedistrict/IV51,,,,,,,Highland,http://data.ordnancesurvey.co.uk/id/7000000000186625,http://data.ordnancesurvey.co.uk/ontology/admingeo/UnitaryAuthority,Scotland,http://data.ordnancesurvey.co.uk/id/7000000000041429,Scotland,http://data.ordnancesurvey.co.uk/id/country/scotland,,,
osgb4000000074798625,http://data.ordnancesurvey.co.uk/id/4000000074798625,Port Duntulm,,,,hydrography,Bay,141044,874542,3000,150000,140819,874258,141319,874758,IV51,http://data.ordnancesurvey.co.uk/id/postcodedistrict/IV51,,,,,,,Highland,http://data.ordnancesurvey.co.uk/id/7000000000186625,http://data.ordnancesurvey.co.uk/ontology/admingeo/UnitaryAuthority,Scotland,http://data.ordnancesurvey.co.uk/id/7000000000041429,Scotland,http://data.ordnancesurvey.co.uk/id/country/scotland,,,
osgb4000000074757875,http://data.ordnancesurvey.co.uk/id/4000000074757875,Eirin,,,,landform,Other Coastal Landform,148382,871809,1000,50000,148132,871578,148632,872078,IV51,http://data.ordnancesurvey.co.uk/id/postcodedistrict/IV51,,,,,,,Highland,http://data.ordnancesurvey.co.uk/id/7000000000186625,http://data.ordnancesurvey.co.uk/ontology/admingeo/UnitaryAuthority,Scotland,http://data.ordnancesurvey.co.uk/id/7000000000041429,Scotland,http://data.ordnancesurvey.co.uk/id/country/scotland,,,
osgb4000000074757883,http://data.ordnancesurvey.co.uk/id/4000000074757883,Bohenuil Trodday,,,,landform,Other Coastal Landform,143968,878461,1000,50000,143720,878211,144220,878711,IV51,http://data.ordnancesurvey.co.uk/id/postcodedistrict/IV51,,,,,,,Highland,http://data.ordnancesurvey.co.uk/id/7000000000186625,http://data.ordnancesurvey.co.uk/ontology/admingeo/UnitaryAuthority,Scotland,http://data.ordnancesurvey.co.uk/id/7000000000041429,Scotland,http://data.ordnancesurvey.co.uk/id/country/scotland,,,
osgb4000000074757743,http://data.ordnancesurvey.co.uk/id/4000000074757743,Slochd a' Mhadaidh,,,,landform,Other Coastal Landform,143993,875398,1000,20000,143743,875148,144243,875648,IV51,http://data.ordnancesurvey.co.uk/id/postcodedistrict/IV51,,,,,,,Highland,http://data.ordnancesurvey.co.uk/id/7000000000186625,http://data.ordnancesurvey.co.uk/ontology/admingeo/UnitaryAuthority,Scotland,http://data.ordnancesurvey.co.uk/id/7000000000041429,Scotland,http://data.ordnancesurvey.co.uk/id/country/scotland,,,
osgb4000000074610755,http://data.ordnancesurvey.co.uk/id/4000000074610755,Sgeir nan Sgarbh,,,,landform,Other Coastal Landform,140537,875586,1000,50000,140287,875336,140787,875836,IV51,http://data.ordnancesurvey.co.uk/id/postcodedistrict/IV51,,,,,,,Highland,http://data.ordnancesurvey.co.uk/id/7000000000186625,http://data.ordnancesurvey.co.uk/ontology/admingeo/UnitaryAuthority,Scotland,http://data.ordnancesurvey.co.uk/id/7000000000041429,Scotland,http://data.ordnancesurvey.co.uk/id/country/scotland,,,
osgb4000000074807871,http://data.ordnancesurvey.co.uk/id/4000000074807871,Loch Sheanta,,,,hydrography,Inland Water,147138,869866,1000,500000,146888,869617,147388,870117,IV51,http://data.ordnancesurvey.co.uk/id/postcodedistrict/IV51,,,,,,,Highland,http://data.ordnancesurvey.co.uk/id/7000000000186625,http://data.ordnancesurvey.co.uk/ontology/admingeo/UnitaryAuthority,Scotland,http://data.ordnancesurvey.co.uk/id/7000000000041429,Scotland,http://data.ordnancesurvey.co.uk/id/country/scotland,,,
osgb4000000074609927,http://data.ordnancesurvey.co.uk/id/4000000074609927,Sgeir Gharbh,,,,landform,Other Coastal Landform,152307,862836,1000,50000,152039,862587,152539,863087,IV51,http://data.ordnancesurvey.co.uk/id/postcodedistrict/IV51,,,,,,,Highland,http://data.ordnancesurvey.co.uk/id/7000000000186625,http://data.ordnancesurvey.co.uk/ontology/admingeo/UnitaryAuthority,Scotland,http://data.ordnancesurvey.co.uk/id/7000000000041429,Scotland,http://data.ordnancesurvey.co.uk/id/country/scotland,,,
osgb4000000074618748,http://data.ordnancesurvey.co.uk/id/4000000074618748,Druim nan Slochd,,,,landform,Hill Or Mountain,146381,872618,1000,300000,146131,872368,146631,872868,IV51,http://data.ordnancesurvey.co.uk/id/postcodedistrict/IV51,,,,,,,Highland,http://data.ordnancesurvey.co.uk/id/7000000000186625,http://data.ordnancesurvey.co.uk/ontology/admingeo/UnitaryAuthority,Scotland,http://data.ordnancesurvey.co.uk/id/7000000000041429,Scotland,http://data.ordnancesurvey.co.uk/id/country/scotland,,,
osgb4000000074614312,http://data.ordnancesurvey.co.uk/id/4000000074614312,Valtos Rocks,,,,landform,Other Coastal Landform,152016,863926,1000,50000,151767,863676,152267,864176,IV51,http://data.ordnancesurvey.co.uk/id/postcodedistrict/IV51,,,,,,,Highland,http://data.ordnancesurvey.co.uk/id/7000000000186625,http://data.ordnancesurvey.co.uk/ontology/admingeo/UnitaryAuthority,Scotland,http://data.ordnancesurvey.co.uk/id/7000000000041429,Scotland,http://data.ordnancesurvey.co.uk/id/country/scotland,,,
osgb4000000074717301,http://data.ordnancesurvey.co.uk/id/4000000074717301,Coire Faoin,,,,landform,Cirque Or Hollow,141903,866145,6000,30000,141450,865881,142357,866409,IV51,http://data.ordnancesurvey.co.uk/id/postcodedistrict/IV51,,,,,,,Highland,http://data.ordnancesurvey.co.uk/id/7000000000186625,http://data.ordnancesurvey.co.uk/ontology/admingeo/UnitaryAuthority,Scotland,http://data.ordnancesurvey.co.uk/id/7000000000041429,Scotland,http://data.ordnancesurvey.co.uk/id/country/scotland,,,
osgb4000000074757746,http://data.ordnancesurvey.co.uk/id/4000000074757746,Bodha Trodday,,,,landform,Other Coastal Landform,144466,878861,1000,50000,144236,878611,144736,879111,IV51,http://data.ordnancesurvey.co.uk/id/postcodedistrict/IV51,,,,,,,Highland,http://data.ordnancesurvey.co.uk/id/7000000000186625,http://data.ordnancesurvey.co.uk/ontology/admingeo/UnitaryAuthority,Scotland,http://data.ordnancesurvey.co.uk/id/7000000000041429,Scotland,http://data.ordnancesurvey.co.uk/id/country/scotland,,,
osgb4000000074750870,http://data.ordnancesurvey.co.uk/id/4000000074750870,Clach a' Ghiomaich,,,,landcover,Wetland,143700,875091,1000,200000,143450,874841,143950,875341,IV51,http://data.ordnancesurvey.co.uk/id/postcodedistrict/IV51,,,,,,,Highland,http://data.ordnancesurvey.co.uk/id/7000000000186625,http://data.ordnancesurvey.co.uk/ontology/admingeo/UnitaryAuthority,Scotland,http://data.ordnancesurvey.co.uk/id/7000000000041429,Scotland,http://data.ordnancesurvey.co.uk/id/country/scotland,,,
osgb4000000074757690,http://data.ordnancesurvey.co.uk/id/4000000074757690,Bodha Ruadh,,,,landform,Other Coastal Landform,144432,875142,1000,50000,144182,874892,144682,875392,IV51,http://data.ordnancesurvey.co.uk/id/postcodedistrict/IV51,,,,,,,Highland,http://data.ordnancesurvey.co.uk/id/7000000000186625,http://data.ordnancesurvey.co.uk/ontology/admingeo/UnitaryAuthority,Scotland,http://data.ordnancesurvey.co.uk/id/7000000000041429,Scotland,http://data.ordnancesurvey.co.uk/id/country/scotland,,,
osgb4000000074599438,http://data.ordnancesurvey.co.uk/id/4000000074599438,Beinn a' Sgà,,,,landform,Hill Or Mountain,142973,869805,1000,300000,142723,869555,143223,870055,IV51,http://data.ordnancesurvey.co.uk/id/postcodedistrict/IV51,,,,,,,Highland,http://data.ordnancesurvey.co.uk/id/7000000000186625,http://data.ordnancesurvey.co.uk/ontology/admingeo/UnitaryAuthority,Scotland,http://data.ordnancesurvey.co.uk/id/7000000000041429,Scotland,http://data.ordnancesurvey.co.uk/id/country/scotland,,,
osgb4000000074788775,http://data.ordnancesurvey.co.uk/id/4000000074788775,Port Earlish,,,,hydrography,Tidal Water,152149,862840,3000,150000,151909,862594,152409,863094,IV51,http://data.ordnancesurvey.co.uk/id/postcodedistrict/IV51,,,,,,,Highland,http://data.ordnancesurvey.co.uk/id/7000000000186625,http://data.ordnancesurvey.co.uk/ontology/admingeo/UnitaryAuthority,Scotland,http://data.ordnancesurvey.co.uk/id/7000000000041429,Scotland,http://data.ordnancesurvey.co.uk/id/country/scotland,,,
osgb4000000074768605,http://data.ordnancesurvey.co.uk/id/4000000074768605,Sròn an Aighe,,,,landform,Other Landform,142570,866636,6000,15000,142037,866257,142958,867015,IV51,http://data.ordnancesurvey.co.uk/id/postcodedistrict/IV51,,,,,,,Highland,http://data.ordnancesurvey.co.uk/id/7000000000186625,http://data.ordnancesurvey.co.uk/ontology/admingeo/UnitaryAuthority,Scotland,http://data.ordnancesurvey.co.uk/id/7000000000041429,Scotland,http://data.ordnancesurvey.co.uk/id/country/scotland,,,
osgb4000000074807425,http://data.ordnancesurvey.co.uk/id/4000000074807425,Loch Corcasgil,,,,hydrography,Inland Water,145208,864269,2000,500000,144958,864034,145458,864534,IV51,http://data.ordnancesurvey.co.uk/id/postcodedistrict/IV51,,,,,,,Highland,http://data.ordnancesurvey.co.uk/id/7000000000186625,http://data.ordnancesurvey.co.uk/ontology/admingeo/UnitaryAuthority,Scotland,http://data.ordnancesurvey.co.uk/id/7000000000041429,Scotland,http://data.ordnancesurvey.co.uk/id/country/scotland,,,
osgb4000000074757745,http://data.ordnancesurvey.co.uk/id/4000000074757745,Rubha na h-Aiseig,,,,landform,Coastal Headland,144003,876651,3000,750000,143753,876379,144253,876879,IV51,http://data.ordnancesurvey.co.uk/id/postcodedistrict/IV51,,,,,,,Highland,http://data.ordnancesurvey.co.uk/id/7000000000186625,http://data.ordnancesurvey.co.uk/ontology/admingeo/UnitaryAuthority,Scotland,http://data.ordnancesurvey.co.uk/id/7000000000041429,Scotland,http://data.ordnancesurvey.co.uk/id/country/scotland,,,
osgb4000000074619535,http://data.ordnancesurvey.co.uk/id/4000000074619535,Ben Volovaig,,,,landform,Hill Or Mountain,143547,876065,1000,300000,143297,875815,143797,876315,IV51,http://data.ordnancesurvey.co.uk/id/postcodedistrict/IV51,,,,,,,Highland,http://data.ordnancesurvey.co.uk/id/7000000000186625,http://data.ordnancesurvey.co.uk/ontology/admingeo/UnitaryAuthority,Scotland,http://data.ordnancesurvey.co.uk/id/7000000000041429,Scotland,http://data.ordnancesurvey.co.uk/id/country/scotland,,,
osgb4000000074807870,http://data.ordnancesurvey.co.uk/id/4000000074807870,Loch Leum nu Luirginn,,,,hydrography,Inland Water,144661,867637,2000,500000,144411,867388,144911,867888,IV51,http://data.ordnancesurvey.co.uk/id/postcodedistrict/IV51,,,,,,,Highland,http://data.ordnancesurvey.co.uk/id/7000000000186625,http://data.ordnancesurvey.co.uk/ontology/admingeo/UnitaryAuthority,Scotland,http://data.ordnancesurvey.co.uk/id/7000000000041429,Scotland,http://data.ordnancesurvey.co.uk/id/country/scotland,,,
osgb4000000074618749,http://data.ordnancesurvey.co.uk/id/4000000074618749,Suidh' a' Mhinn,,,,landform,Hill Or Mountain,140830,868960,1000,300000,140580,868710,141080,869210,IV51,http://data.ordnancesurvey.co.uk/id/postcodedistrict/IV51,,,,,,,Highland,http://data.ordnancesurvey.co.uk/id/7000000000186625,http://data.ordnancesurvey.co.uk/ontology/admingeo/UnitaryAuthority,Scotland,http://data.ordnancesurvey.co.uk/id/7000000000041429,Scotland,http://data.ordnancesurvey.co.uk/id/country/scotland,,,
osgb4000000074757808,http://data.ordnancesurvey.co.uk/id/4000000074757808,Bodha Hunish,,,,landform,Cliff Or Slope,141034,876893,2000,40000,140784,876608,141284,877108,IV51,http://data.ordnancesurvey.co.uk/id/postcodedistrict/IV51,,,,,,,Highland,http://data.ordnancesurvey.co.uk/id/7000000000186625,http://data.ordnancesurvey.co.uk/ontology/admingeo/UnitaryAuthority,Scotland,http://data.ordnancesurvey.co.uk/id/7000000000041429,Scotland,http://data.ordnancesurvey.co.uk/id/country/scotland,,,
osgb4000000074768740,http://data.ordnancesurvey.co.uk/id/4000000074768740,Cnoc a' Chlachain,,,,landform,Hill Or Mountain,143282,875305,1000,300000,143032,875055,143532,875555,IV51,http://data.ordnancesurvey.co.uk/id/postcodedistrict/IV51,,,,,,,Highland,http://data.ordnancesurvey.co.uk/id/7000000000186625,http://data.ordnancesurvey.co.uk/ontology/admingeo/UnitaryAuthority,Scotland,http://data.ordnancesurvey.co.uk/id/7000000000041429,Scotland,http://data.ordnancesurvey.co.uk/id/country/scotland,,,
osgb4000000074768624,http://data.ordnancesurvey.co.uk/id/4000000074768624,Cnoc Challacro,,,,landform,Hill Or Mountain,146736,871429,1000,300000,146486,871179,146986,871679,IV51,http://data.ordnancesurvey.co.uk/id/postcodedistrict/IV51,,,,,,,Highland,http://data.ordnancesurvey.co.uk/id/7000000000186625,http://data.ordnancesurvey.co.uk/ontology/admingeo/UnitaryAuthority,Scotland,http://data.ordnancesurvey.co.uk/id/7000000000041429,Scotland,http://data.ordnancesurvey.co.uk/id/country/scotland,,,
osgb4000000074808331,http://data.ordnancesurvey.co.uk/id/4000000074808331,Loch Langaig,,,,hydrography,Inland Water,146238,870776,2000,500000,145988,870530,146488,871030,IV51,http://data.ordnancesurvey.co.uk/id/postcodedistrict/IV51,,,,,,,Highland,http://data.ordnancesurvey.co.uk/id/7000000000186625,http://data.ordnancesurvey.co.uk/ontology/admingeo/UnitaryAuthority,Scotland,http://data.ordnancesurvey.co.uk/id/7000000000041429,Scotland,http://data.ordnancesurvey.co.uk/id/country/scotland,,,
osgb4000000074807424,http://data.ordnancesurvey.co.uk/id/4000000074807424,Loch Dubhar-sgoth,,,,hydrography,Inland Water,145671,864061,2000,500000,145413,863811,145913,864311,IV51,http://data.ordnancesurvey.co.uk/id/postcodedistrict/IV51,,,,,,,Highland,http://data.ordnancesurvey.co.uk/id/7000000000186625,http://data.ordnancesurvey.co.uk/ontology/admingeo/UnitaryAuthority,Scotland,http://data.ordnancesurvey.co.uk/id/7000000000041429,Scotland,http://data.ordnancesurvey.co.uk/id/country/scotland,,,
osgb4000000074618361,http://data.ordnancesurvey.co.uk/id/4000000074618361,Cleat,,,,landform,Hill Or Mountain,144633,866893,1000,300000,144383,866643,144883,867143,IV51,http://data.ordnancesurvey.co.uk/id/postcodedistrict/IV51,,,,,,,Highland,http://data.ordnancesurvey.co.uk/id/7000000000186625,http://data.ordnancesurvey.co.uk/ontology/admingeo/UnitaryAuthority,Scotland,http://data.ordnancesurvey.co.uk/id/7000000000041429,Scotland,http://data.ordnancesurvey.co.uk/id/country/scotland,,,
osgb4000000074726044,http://data.ordnancesurvey.co.uk/id/4000000074726044,Glen Sneosdal,,,,landform,Valley,141586,869850,6000,800000,141282,869351,141890,870333,IV51,http://data.ordnancesurvey.co.uk/id/postcodedistrict/IV51,,,,,,,Highland,http://data.ordnancesurvey.co.uk/id/7000000000186625,http://data.ordnancesurvey.co.uk/ontology/admingeo/UnitaryAuthority,Scotland,http://data.ordnancesurvey.co.uk/id/7000000000041429,Scotland,http://data.ordnancesurvey.co.uk/id/country/scotland,,,
osgb4000000074758038,http://data.ordnancesurvey.co.uk/id/4000000074758038,Carn a' Ghiomaich,,,,landform,Other Coastal Landform,141138,874950,1000,50000,140888,874701,141388,875201,IV51,http://data.ordnancesurvey.co.uk/id/postcodedistrict/IV51,,,,,,,Highland,http://data.ordnancesurvey.co.uk/id/7000000000186625,http://data.ordnancesurvey.co.uk/ontology/admingeo/UnitaryAuthority,Scotland,http://data.ordnancesurvey.co.uk/id/7000000000041429,Scotland,http://data.ordnancesurvey.co.uk/id/country/scotland,,,
osgb4000000074618362,http://data.ordnancesurvey.co.uk/id/4000000074618362,Bioda Buidhe,,,,landform,Hill Or Mountain,143914,866410,1000,300000,143664,866160,144164,866660,IV51,http://data.ordnancesurvey.co.uk/id/postcodedistrict/IV51,,,,,,,Highland,http://data.ordnancesurvey.co.uk/id/7000000000186625,http://data.ordnancesurvey.co.uk/ontology/admingeo/UnitaryAuthority,Scotland,http://data.ordnancesurvey.co.uk/id/7000000000041429,Scotland,http://data.ordnancesurvey.co.uk/id/country/scotland,,,
osgb4000000074609531,http://data.ordnancesurvey.co.uk/id/4000000074609531,Sgeir na h-Èireann,,,,landform,Island,148050,872262,5000,800000,147769,871846,148331,872672,IV51,http://data.ordnancesurvey.co.uk/id/postcodedistrict/IV51,,,,,,,Highland,http://data.ordnancesurvey.co.uk/id/7000000000186625,http://data.ordnancesurvey.co.uk/ontology/admingeo/UnitaryAuthority,Scotland,http://data.ordnancesurvey.co.uk/id/7000000000041429,Scotland,http://data.ordnancesurvey.co.uk/id/country/scotland,,,
osgb4000000074807869,http://data.ordnancesurvey.co.uk/id/4000000074807869,Loch Cleap,,,,hydrography,Inland Water,146741,866260,3000,500000,146491,866011,146991,866511,IV51,http://data.ordnancesurvey.co.uk/id/postcodedistrict/IV51,,,,,,,Highland,http://data.ordnancesurvey.co.uk/id/7000000000186625,http://data.ordnancesurvey.co.uk/ontology/admingeo/UnitaryAuthority,Scotland,http://data.ordnancesurvey.co.uk/id/7000000000041429,Scotland,http://data.ordnancesurvey.co.uk/id/country/scotland,,,
osgb4000000074609530,http://data.ordnancesurvey.co.uk/id/4000000074609530,Eilean Flodigarry,,,,landform,Island,148049,871716,5000,800000,147640,871334,148357,872098,IV51,http://data.ordnancesurvey.co.uk/id/postcodedistrict/IV51,,,,,,,Highland,http://data.ordnancesurvey.co.uk/id/7000000000186625,http://data.ordnancesurvey.co.uk/ontology/admingeo/UnitaryAuthority,Scotland,http://data.ordnancesurvey.co.uk/id/7000000000041429,Scotland,http://data.ordnancesurvey.co.uk/id/country/scotland,,,
osgb4000000074768741,http://data.ordnancesurvey.co.uk/id/4000000074768741,Cnoc Riasal,,,,landform,Hill Or Mountain,143004,875148,1000,300000,142754,874898,143254,875398,IV51,http://data.ordnancesurvey.co.uk/id/postcodedistrict/IV51,,,,,,,Highland,http://data.ordnancesurvey.co.uk/id/7000000000186625,http://data.ordnancesurvey.co.uk/ontology/admingeo/UnitaryAuthority,Scotland,http://data.ordnancesurvey.co.uk/id/7000000000041429,Scotland,http://data.ordnancesurvey.co.uk/id/country/scotland,,,
osgb4000000074808325,http://data.ordnancesurvey.co.uk/id/4000000074808325,Loch Droighinn,,,,hydrography,Inland Water,145561,871208,1000,500000,145311,870971,145811,871471,IV51,http://data.ordnancesurvey.co.uk/id/postcodedistrict/IV51,,,,,,,Highland,http://data.ordnancesurvey.co.uk/id/7000000000186625,http://data.ordnancesurvey.co.uk/ontology/admingeo/UnitaryAuthority,Scotland,http://data.ordnancesurvey.co.uk/id/7000000000041429,Scotland,http://data.ordnancesurvey.co.uk/id/country/scotland,,,
osgb4000000074815781,http://data.ordnancesurvey.co.uk/id/4000000074815781,Beinn Loch Mhòir,,,,landform,Hill Or Mountain,140407,860553,1000,300000,140157,860303,140657,860803,IV51,http://data.ordnancesurvey.co.uk/id/postcodedistrict/IV51,,,,,,,Highland,http://data.ordnancesurvey.co.uk/id/7000000000186625,http://data.ordnancesurvey.co.uk/ontology/admingeo/UnitaryAuthority,Scotland,http://data.ordnancesurvey.co.uk/id/7000000000041429,Scotland,http://data.ordnancesurvey.co.uk/id/country/scotland,,,
osgb4000000074798532,http://data.ordnancesurvey.co.uk/id/4000000074798532,Port Gobhlaig,,,,hydrography,Bay,143750,875101,1000,150000,143465,874877,143965,875377,IV51,http://data.ordnancesurvey.co.uk/id/postcodedistrict/IV51,,,,,,,Highland,http://data.ordnancesurvey.co.uk/id/7000000000186625,http://data.ordnancesurvey.co.uk/ontology/admingeo/UnitaryAuthority,Scotland,http://data.ordnancesurvey.co.uk/id/7000000000041429,Scotland,http://data.ordnancesurvey.co.uk/id/country/scotland,,,
osgb4000000074758037,http://data.ordnancesurvey.co.uk/id/4000000074758037,Ru Meanish,,,,landform,Other Coastal Landform,140832,874270,2000,50000,140609,874020,141109,874520,IV51,http://data.ordnancesurvey.co.uk/id/postcodedistrict/IV51,,,,,,,Highland,http://data.ordnancesurvey.co.uk/id/7000000000186625,http://data.ordnancesurvey.co.uk/ontology/admingeo/UnitaryAuthority,Scotland,http://data.ordnancesurvey.co.uk/id/7000000000041429,Scotland,http://data.ordnancesurvey.co.uk/id/country/scotland,,,
osgb4000000074806949,http://data.ordnancesurvey.co.uk/id/4000000074806949,Feur-lochan,,,,hydrography,Inland Water,140859,860910,1000,500000,140602,860660,141102,861160,IV51,http://data.ordnancesurvey.co.uk/id/postcodedistrict/IV51,,,,,,,Highland,http://data.ordnancesurvey.co.uk/id/7000000000186625,http://data.ordnancesurvey.co.uk/ontology/admingeo/UnitaryAuthority,Scotland,http://data.ordnancesurvey.co.uk/id/7000000000041429,Scotland,http://data.ordnancesurvey.co.uk/id/country/scotland,,,
osgb4000000074807419,http://data.ordnancesurvey.co.uk/id/4000000074807419,Loch Mòr,,,,hydrography,Inland Water,140577,860275,3000,500000,140327,859994,140827,860494,IV51,http://data.ordnancesurvey.co.uk/id/postcodedistrict/IV51,,,,,,,Highland,http://data.ordnancesurvey.co.uk/id/7000000000186625,http://data.ordnancesurvey.co.uk/ontology/admingeo/UnitaryAuthority,Scotland,http://data.ordnancesurvey.co.uk/id/7000000000041429,Scotland,http://data.ordnancesurvey.co.uk/id/country/scotland,,,
osgb4000000074814455,http://data.ordnancesurvey.co.uk/id/4000000074814455,Loch Cleat,,,,hydrography,Inland Water,141661,874235,1000,500000,141403,873985,141903,874485,IV51,http://data.ordnancesurvey.co.uk/id/postcodedistrict/IV51,,,,,,,Highland,http://data.ordnancesurvey.co.uk/id/7000000000186625,http://data.ordnancesurvey.co.uk/ontology/admingeo/UnitaryAuthority,Scotland,http://data.ordnancesurvey.co.uk/id/7000000000041429,Scotland,http://data.ordnancesurvey.co.uk/id/country/scotland,,,
osgb4000000074747296,http://data.ordnancesurvey.co.uk/id/4000000074747296,Cumhag Fuar,,,,landcover,Wetland,152571,862669,1000,200000,152321,862420,152821,862920,IV51,http://data.ordnancesurvey.co.uk/id/postcodedistrict/IV51,,,,,,,Highland,http://data.ordnancesurvey.co.uk/id/7000000000186625,http://data.ordnancesurvey.co.uk/ontology/admingeo/UnitaryAuthority,Scotland,http://data.ordnancesurvey.co.uk/id/7000000000041429,Scotland,http://data.ordnancesurvey.co.uk/id/country/scotland,,,
osgb4000000074605402,http://data.ordnancesurvey.co.uk/id/4000000074605402,Meall na Suiramach,,,,landform,Hill Or Mountain,144596,869525,1000,300000,144346,869275,144846,869775,IV51,http://data.ordnancesurvey.co.uk/id/postcodedistrict/IV51,,,,,,,Highland,http://data.ordnancesurvey.co.uk/id/7000000000186625,http://data.ordnancesurvey.co.uk/ontology/admingeo/UnitaryAuthority,Scotland,http://data.ordnancesurvey.co.uk/id/7000000000041429,Scotland,http://data.ordnancesurvey.co.uk/id/country/scotland,,,
osgb4000000074818086,http://data.ordnancesurvey.co.uk/id/4000000074818086,Maoladh Mòr,,,,landcover,Other Landcover,143485,868572,13000,1300000,142603,867735,144620,869410,IV51,http://data.ordnancesurvey.co.uk/id/postcodedistrict/IV51,,,,,,,Highland,http://data.ordnancesurvey.co.uk/id/7000000000186625,http://data.ordnancesurvey.co.uk/ontology/admingeo/UnitaryAuthority,Scotland,http://data.ordnancesurvey.co.uk/id/7000000000041429,Scotland,http://data.ordnancesurvey.co.uk/id/country/scotland,,,
IV519UL,http://data.ordnancesurvey.co.uk/id/postcodeunit/IV519UL,IV51 9UL,,,,other,Postcode,143820,874080,3500,18000,,,,,,,Kilmaluag,http://data.ordnancesurvey.co.uk/id/4000000074343882,http://www.ordnancesurvey.co.uk/xml/codelists/localtype.xml#village,,,,Highland,http://data.ordnancesurvey.co.uk/id/7000000000186625,http://data.ordnancesurvey.co.uk/ontology/admingeo/UnitaryAuthority,Scotland,http://data.ordnancesurvey.co.uk/id/7000000000041429,Scotland,http://data.ordnancesurvey.co.uk/id/country/scotland,,,
IV519YA,http://data.ordnancesurvey.co.uk/id/postcodeunit/IV519YA,IV51 9YA,,,,other,Postcode,140846,863993,3500,18000,,,,,,,Glen Conon / Gleann Conain,http://data.ordnancesurvey.co.uk/id/4000000074570267,http://www.ordnancesurvey.co.uk/xml/codelists/localtype.xml#hamlet,,,,Highland,http://data.ordnancesurvey.co.uk/id/7000000000186625,http://data.ordnancesurvey.co.uk/ontology/admingeo/UnitaryAuthority,Scotland,http://data.ordnancesurvey.co.uk/id/7000000000041429,Scotland,http://data.ordnancesurvey.co.uk/id/country/scotland,,,
IV519LB,http://data.ordnancesurvey.co.uk/id/postcodeunit/IV519LB,IV51 9LB,,,,other,Postcode,146393,868069,3500,18000,,,,,,,Staffin / Stafainn,http://data.ordnancesurvey.co.uk/id/4000000074570270,http://www.ordnancesurvey.co.uk/xml/codelists/localtype.xml#village,,,,Highland,http://data.ordnancesurvey.co.uk/id/7000000000186625,http://data.ordnancesurvey.co.uk/ontology/admingeo/UnitaryAuthority,Scotland,http://data.ordnancesurvey.co.uk/id/7000000000041429,Scotland,http://data.ordnancesurvey.co.uk/id/country/scotland,,,
osgb4000000073301492,http://data.ordnancesurvey.co.uk/id/4000000073301492,Dyke Primary School,,,,other,Primary Education,148703,867310,1000,50000,148461,867060,148961,867560,IV51,http://data.ordnancesurvey.co.uk/id/postcodedistrict/IV51,Staffin / Stafainn,http://data.ordnancesurvey.co.uk/id/4000000074570270,http://www.ordnancesurvey.co.uk/xml/codelists/localtype.xml#village,,,,Highland,http://data.ordnancesurvey.co.uk/id/7000000000186625,http://data.ordnancesurvey.co.uk/ontology/admingeo/UnitaryAuthority,Scotland,http://data.ordnancesurvey.co.uk/id/7000000000041429,Scotland,http://data.ordnancesurvey.co.uk/id/country/scotland,,,
osgb4000000074757806,http://data.ordnancesurvey.co.uk/id/4000000074757806,Meall Deas,,,,landform,Cliff Or Slope,140928,876095,3000,40000,140678,875792,141178,876292,IV51,http://data.ordnancesurvey.co.uk/id/postcodedistrict/IV51,,,,,,,Highland,http://data.ordnancesurvey.co.uk/id/7000000000186625,http://data.ordnancesurvey.co.uk/ontology/admingeo/UnitaryAuthority,Scotland,http://data.ordnancesurvey.co.uk/id/7000000000041429,Scotland,http://data.ordnancesurvey.co.uk/id/country/scotland,,,
osgb4000000074615579,http://data.ordnancesurvey.co.uk/id/4000000074615579,Galta Beag,,,,landform,Other Coastal Landform,146331,873503,1000,50000,146081,873255,146581,873755,IV51,http://data.ordnancesurvey.co.uk/id/postcodedistrict/IV51,,,,,,,Highland,http://data.ordnancesurvey.co.uk/id/7000000000186625,http://data.ordnancesurvey.co.uk/ontology/admingeo/UnitaryAuthority,Scotland,http://data.ordnancesurvey.co.uk/id/7000000000041429,Scotland,http://data.ordnancesurvey.co.uk/id/country/scotland,,,
osgb4000000074613897,http://data.ordnancesurvey.co.uk/id/4000000074613897,Sgeir Dhubh,,,,landform,Other Coastal Landform,152753,862211,1000,50000,152501,861961,153001,862461,IV51,http://data.ordnancesurvey.co.uk/id/postcodedistrict/IV51,,,,,,,Highland,http://data.ordnancesurvey.co.uk/id/7000000000186625,http://data.ordnancesurvey.co.uk/ontology/admingeo/UnitaryAuthority,Scotland,http://data.ordnancesurvey.co.uk/id/7000000000041429,Scotland,http://data.ordnancesurvey.co.uk/id/country/scotland,,,
osgb4000000074807875,http://data.ordnancesurvey.co.uk/id/4000000074807875,Loch Hasco,,,,hydrography,Inland Water,145610,870165,1000,500000,145360,869913,145860,870413,IV51,http://data.ordnancesurvey.co.uk/id/postcodedistrict/IV51,,,,,,,Highland,http://data.ordnancesurvey.co.uk/id/7000000000186625,http://data.ordnancesurvey.co.uk/ontology/admingeo/UnitaryAuthority,Scotland,http://data.ordnancesurvey.co.uk/id/7000000000041429,Scotland,http://data.ordnancesurvey.co.uk/id/country/scotland,,,
osgb4000000074790153,http://data.ordnancesurvey.co.uk/id/4000000074790153,Tulm Bay,,,,hydrography,Bay,140890,875225,7000,150000,140561,874525,141260,875640,IV51,http://data.ordnancesurvey.co.uk/id/postcodedistrict/IV51,,,,,,,Highland,http://data.ordnancesurvey.co.uk/id/7000000000186625,http://data.ordnancesurvey.co.uk/ontology/admingeo/UnitaryAuthority,Scotland,http://data.ordnancesurvey.co.uk/id/7000000000041429,Scotland,http://data.ordnancesurvey.co.uk/id/country/scotland,,,
IV519UN,http://data.ordnancesurvey.co.uk/id/postcodeunit/IV519UN,IV51 9UN,,,,other,Postcode,144291,874513,3500,18000,,,,,,,Kilmaluag,http://data.ordnancesurvey.co.uk/id/4000000074343882,http://www.ordnancesurvey.co.uk/xml/codelists/localtype.xml#village,,,,Highland,http://data.ordnancesurvey.co.uk/id/7000000000186625,http://data.ordnancesurvey.co.uk/ontology/admingeo/UnitaryAuthority,Scotland,http://data.ordnancesurvey.co.uk/id/7000000000041429,Scotland,http://data.ordnancesurvey.co.uk/id/country/scotland,,,
IV519JF,http://data.ordnancesurvey.co.uk/id/postcodeunit/IV519JF,IV51 9JF,,,,other,Postcode,148180,864732,3500,18000,,,,,,,Malagar / Maligar,http://data.ordnancesurvey.co.uk/id/4000000074543205,http://www.ordnancesurvey.co.uk/xml/codelists/localtype.xml#hamlet,,,,Highland,http://data.ordnancesurvey.co.uk/id/7000000000186625,http://data.ordnancesurvey.co.uk/ontology/admingeo/UnitaryAuthority,Scotland,http://data.ordnancesurvey.co.uk/id/7000000000041429,Scotland,http://data.ordnancesurvey.co.uk/id/country/scotland,,,
IV519JX,http://data.ordnancesurvey.co.uk/id/postcodeunit/IV519JX,IV51 9JX,,,,other,Postcode,149260,867083,3500,18000,,,,,,,Staffin / Stafainn,http://data.ordnancesurvey.co.uk/id/4000000074570270,http://www.ordnancesurvey.co.uk/xml/codelists/localtype.xml#village,,,,Highland,http://data.ordnancesurvey.co.uk/id/7000000000186625,http://data.ordnancesurvey.co.uk/ontology/admingeo/UnitaryAuthority,Scotland,http://data.ordnancesurvey.co.uk/id/7000000000041429,Scotland,http://data.ordnancesurvey.co.uk/id/country/scotland,,,
IV519JW,http://data.ordnancesurvey.co.uk/id/postcodeunit/IV519JW,IV51 9JW,,,,other,Postcode,150699,860864,3500,18000,,,,,,,An Lethallt / Lealt,http://data.ordnancesurvey.co.uk/id/4000000074337018,http://www.ordnancesurvey.co.uk/xml/codelists/localtype.xml#otherSettlement,,,,Highland,http://data.ordnancesurvey.co.uk/id/7000000000186625,http://data.ordnancesurvey.co.uk/ontology/admingeo/UnitaryAuthority,Scotland,http://data.ordnancesurvey.co.uk/id/7000000000041429,Scotland,http://data.ordnancesurvey.co.uk/id/country/scotland,,,
IV519JD,http://data.ordnancesurvey.co.uk/id/postcodeunit/IV519JD,IV51 9JD,,,,other,Postcode,151432,863854,3500,18000,,,,,,,Valtos / Bhaltos,http://data.ordnancesurvey.co.uk/id/4000000074572043,http://www.ordnancesurvey.co.uk/xml/codelists/localtype.xml#hamlet,,,,Highland,http://data.ordnancesurvey.co.uk/id/7000000000186625,http://data.ordnancesurvey.co.uk/ontology/admingeo/UnitaryAuthority,Scotland,http://data.ordnancesurvey.co.uk/id/7000000000041429,Scotland,http://data.ordnancesurvey.co.uk/id/country/scotland,,,
