﻿osgb4000000074813701,http://data.ordnancesurvey.co.uk/id/4000000074813701,Achnashellach,eng,Achadh na Seileach,gla,populatedPlace,Hamlet,200215,848183,5000,25000,200148,847884,201559,848835,IV54,http://data.ordnancesurvey.co.uk/id/postcodedistrict/IV54,,,,,,,Highland,http://data.ordnancesurvey.co.uk/id/7000000000186625,http://data.ordnancesurvey.co.uk/ontology/admingeo/UnitaryAuthority,Scotland,http://data.ordnancesurvey.co.uk/id/7000000000041429,Scotland,http://data.ordnancesurvey.co.uk/id/country/scotland,,,
osgb4000000074560094,http://data.ordnancesurvey.co.uk/id/4000000074560094,Craig,,,,populatedPlace,Hamlet,204018,849233,5000,25000,203650,849007,204150,849507,IV54,http://data.ordnancesurvey.co.uk/id/postcodedistrict/IV54,,,,,,,Highland,http://data.ordnancesurvey.co.uk/id/7000000000186625,http://data.ordnancesurvey.co.uk/ontology/admingeo/UnitaryAuthority,Scotland,http://data.ordnancesurvey.co.uk/id/7000000000041429,Scotland,http://data.ordnancesurvey.co.uk/id/country/scotland,,,http://sws.geonames.org/2652158
osgb4000000074543147,http://data.ordnancesurvey.co.uk/id/4000000074543147,Achadh na Sine,gla,Achnasheen,eng,populatedPlace,Other Settlement,215838,858253,15000,25000,214409,857775,216457,858730,IV22,http://data.ordnancesurvey.co.uk/id/postcodedistrict/IV22,,,,,,,Highland,http://data.ordnancesurvey.co.uk/id/7000000000186625,http://data.ordnancesurvey.co.uk/ontology/admingeo/UnitaryAuthority,Scotland,http://data.ordnancesurvey.co.uk/id/7000000000041429,Scotland,http://data.ordnancesurvey.co.uk/id/country/scotland,,http://dbpedia.org/resource/Achnasheen,http://sws.geonames.org/2657718
IV222EG,http://data.ordnancesurvey.co.uk/id/postcodeunit/IV222EG,IV22 2EG,,,,other,Postcode,216369,858657,3500,18000,,,,,,,Achadh na Sine / Achnasheen,http://data.ordnancesurvey.co.uk/id/4000000074543147,http://www.ordnancesurvey.co.uk/xml/codelists/localtype.xml#otherSettlement,,,,Highland,http://data.ordnancesurvey.co.uk/id/7000000000186625,http://data.ordnancesurvey.co.uk/ontology/admingeo/UnitaryAuthority,Scotland,http://data.ordnancesurvey.co.uk/id/7000000000041429,Scotland,http://data.ordnancesurvey.co.uk/id/country/scotland,,,
IV222EH,http://data.ordnancesurvey.co.uk/id/postcodeunit/IV222EH,IV22 2EH,,,,other,Postcode,215881,858259,3500,18000,,,,,,,Achadh na Sine / Achnasheen,http://data.ordnancesurvey.co.uk/id/4000000074543147,http://www.ordnancesurvey.co.uk/xml/codelists/localtype.xml#otherSettlement,,,,Highland,http://data.ordnancesurvey.co.uk/id/7000000000186625,http://data.ordnancesurvey.co.uk/ontology/admingeo/UnitaryAuthority,Scotland,http://data.ordnancesurvey.co.uk/id/7000000000041429,Scotland,http://data.ordnancesurvey.co.uk/id/country/scotland,,,
IV548YU,http://data.ordnancesurvey.co.uk/id/postcodeunit/IV548YU,IV54 8YU,,,,other,Postcode,200272,847974,3500,18000,,,,,,,Achnashellach / Achadh na Seileach,http://data.ordnancesurvey.co.uk/id/4000000074813701,http://www.ordnancesurvey.co.uk/xml/codelists/localtype.xml#hamlet,,,,Highland,http://data.ordnancesurvey.co.uk/id/7000000000186625,http://data.ordnancesurvey.co.uk/ontology/admingeo/UnitaryAuthority,Scotland,http://data.ordnancesurvey.co.uk/id/7000000000041429,Scotland,http://data.ordnancesurvey.co.uk/id/country/scotland,,,
IV222HJ,http://data.ordnancesurvey.co.uk/id/postcodeunit/IV222HJ,IV22 2HJ,,,,other,Postcode,210309,858659,3500,18000,,,,,,,,,,,,,Highland,http://data.ordnancesurvey.co.uk/id/7000000000186625,http://data.ordnancesurvey.co.uk/ontology/admingeo/UnitaryAuthority,Scotland,http://data.ordnancesurvey.co.uk/id/7000000000041429,Scotland,http://data.ordnancesurvey.co.uk/id/country/scotland,,,
IV222ES,http://data.ordnancesurvey.co.uk/id/postcodeunit/IV222ES,IV22 2ES,,,,other,Postcode,200327,856267,3500,18000,,,,,,,,,,,,,Highland,http://data.ordnancesurvey.co.uk/id/7000000000186625,http://data.ordnancesurvey.co.uk/ontology/admingeo/UnitaryAuthority,Scotland,http://data.ordnancesurvey.co.uk/id/7000000000041429,Scotland,http://data.ordnancesurvey.co.uk/id/country/scotland,,,
IV222EJ,http://data.ordnancesurvey.co.uk/id/postcodeunit/IV222EJ,IV22 2EJ,,,,other,Postcode,215819,857968,3500,18000,,,,,,,Achadh na Sine / Achnasheen,http://data.ordnancesurvey.co.uk/id/4000000074543147,http://www.ordnancesurvey.co.uk/xml/codelists/localtype.xml#otherSettlement,,,,Highland,http://data.ordnancesurvey.co.uk/id/7000000000186625,http://data.ordnancesurvey.co.uk/ontology/admingeo/UnitaryAuthority,Scotland,http://data.ordnancesurvey.co.uk/id/7000000000041429,Scotland,http://data.ordnancesurvey.co.uk/id/country/scotland,,,
IV222EE,http://data.ordnancesurvey.co.uk/id/postcodeunit/IV222EE,IV22 2EE,,,,other,Postcode,216218,858570,3500,18000,,,,,,,Achadh na Sine / Achnasheen,http://data.ordnancesurvey.co.uk/id/4000000074543147,http://www.ordnancesurvey.co.uk/xml/codelists/localtype.xml#otherSettlement,,,,Highland,http://data.ordnancesurvey.co.uk/id/7000000000186625,http://data.ordnancesurvey.co.uk/ontology/admingeo/UnitaryAuthority,Scotland,http://data.ordnancesurvey.co.uk/id/7000000000041429,Scotland,http://data.ordnancesurvey.co.uk/id/country/scotland,,,
IV222EN,http://data.ordnancesurvey.co.uk/id/postcodeunit/IV222EN,IV22 2EN,,,,other,Postcode,216305,858571,3500,18000,,,,,,,Achadh na Sine / Achnasheen,http://data.ordnancesurvey.co.uk/id/4000000074543147,http://www.ordnancesurvey.co.uk/xml/codelists/localtype.xml#otherSettlement,,,,Highland,http://data.ordnancesurvey.co.uk/id/7000000000186625,http://data.ordnancesurvey.co.uk/ontology/admingeo/UnitaryAuthority,Scotland,http://data.ordnancesurvey.co.uk/id/7000000000041429,Scotland,http://data.ordnancesurvey.co.uk/id/country/scotland,,,
osgb4000000074722147,http://data.ordnancesurvey.co.uk/id/4000000074722147,Coireachan Raineach,,,,landform,Cirque Or Hollow,211300,850066,4000,30000,210965,849817,211637,850317,IV22,http://data.ordnancesurvey.co.uk/id/postcodedistrict/IV22,,,,,,,Highland,http://data.ordnancesurvey.co.uk/id/7000000000186625,http://data.ordnancesurvey.co.uk/ontology/admingeo/UnitaryAuthority,Scotland,http://data.ordnancesurvey.co.uk/id/7000000000041429,Scotland,http://data.ordnancesurvey.co.uk/id/country/scotland,,,
osgb4000000074800169,http://data.ordnancesurvey.co.uk/id/4000000074800169,Loch nan Cabar,,,,hydrography,Inland Water,200303,845999,1000,500000,200064,845749,200564,846249,IV54,http://data.ordnancesurvey.co.uk/id/postcodedistrict/IV54,,,,,,,Highland,http://data.ordnancesurvey.co.uk/id/7000000000186625,http://data.ordnancesurvey.co.uk/ontology/admingeo/UnitaryAuthority,Scotland,http://data.ordnancesurvey.co.uk/id/7000000000041429,Scotland,http://data.ordnancesurvey.co.uk/id/country/scotland,,,
osgb4000000074722108,http://data.ordnancesurvey.co.uk/id/4000000074722108,Coire a' Bhuic,,,,landform,Valley,218454,851531,10000,800000,217627,851171,219228,851891,IV22,http://data.ordnancesurvey.co.uk/id/postcodedistrict/IV22,,,,,,,Highland,http://data.ordnancesurvey.co.uk/id/7000000000186625,http://data.ordnancesurvey.co.uk/ontology/admingeo/UnitaryAuthority,Scotland,http://data.ordnancesurvey.co.uk/id/7000000000041429,Scotland,http://data.ordnancesurvey.co.uk/id/country/scotland,,,
osgb4000000074801711,http://data.ordnancesurvey.co.uk/id/4000000074801711,Lochan an Fhuar-thuill,,,,hydrography,Inland Water,212583,846304,1000,500000,212364,846054,212864,846554,IV4,http://data.ordnancesurvey.co.uk/id/postcodedistrict/IV4,,,,,,,Highland,http://data.ordnancesurvey.co.uk/id/7000000000186625,http://data.ordnancesurvey.co.uk/ontology/admingeo/UnitaryAuthority,Scotland,http://data.ordnancesurvey.co.uk/id/7000000000041429,Scotland,http://data.ordnancesurvey.co.uk/id/country/scotland,,,
osgb4000000074607607,http://data.ordnancesurvey.co.uk/id/4000000074607607,Meall Seilich,,,,landform,Hill Or Mountain,216290,845375,1000,300000,216040,845125,216540,845625,IV4,http://data.ordnancesurvey.co.uk/id/postcodedistrict/IV4,,,,,,,Highland,http://data.ordnancesurvey.co.uk/id/7000000000186625,http://data.ordnancesurvey.co.uk/ontology/admingeo/UnitaryAuthority,Scotland,http://data.ordnancesurvey.co.uk/id/7000000000041429,Scotland,http://data.ordnancesurvey.co.uk/id/country/scotland,,,
osgb4000000074777122,http://data.ordnancesurvey.co.uk/id/4000000074777122,Mullach a' Gharbh-leathaid,,,,landform,Hill Or Mountain,217237,844763,1000,300000,216987,844513,217487,845013,IV4,http://data.ordnancesurvey.co.uk/id/postcodedistrict/IV4,,,,,,,Highland,http://data.ordnancesurvey.co.uk/id/7000000000186625,http://data.ordnancesurvey.co.uk/ontology/admingeo/UnitaryAuthority,Scotland,http://data.ordnancesurvey.co.uk/id/7000000000041429,Scotland,http://data.ordnancesurvey.co.uk/id/country/scotland,,,
osgb4000000074722531,http://data.ordnancesurvey.co.uk/id/4000000074722531,Coire a' Bhàinidh,,,,landform,Valley,203516,847532,7000,800000,203248,847060,203785,848073,IV54,http://data.ordnancesurvey.co.uk/id/postcodedistrict/IV54,,,,,,,Highland,http://data.ordnancesurvey.co.uk/id/7000000000186625,http://data.ordnancesurvey.co.uk/ontology/admingeo/UnitaryAuthority,Scotland,http://data.ordnancesurvey.co.uk/id/7000000000041429,Scotland,http://data.ordnancesurvey.co.uk/id/country/scotland,,,
osgb4000000074601357,http://data.ordnancesurvey.co.uk/id/4000000074601357,Sgùrr Choinnich,,,,landform,Hill Or Mountain,207628,844623,1000,300000,207378,844373,207878,844873,IV4,http://data.ordnancesurvey.co.uk/id/postcodedistrict/IV4,,,,,,,Highland,http://data.ordnancesurvey.co.uk/id/7000000000186625,http://data.ordnancesurvey.co.uk/ontology/admingeo/UnitaryAuthority,Scotland,http://data.ordnancesurvey.co.uk/id/7000000000041429,Scotland,http://data.ordnancesurvey.co.uk/id/country/scotland,,,
osgb4000000074817206,http://data.ordnancesurvey.co.uk/id/4000000074817206,River Brahan,,,,hydrography,Inland Water,215946,858351,1000,35000,215663,858102,216163,858602,IV22,http://data.ordnancesurvey.co.uk/id/postcodedistrict/IV22,,,,,,,Highland,http://data.ordnancesurvey.co.uk/id/7000000000186625,http://data.ordnancesurvey.co.uk/ontology/admingeo/UnitaryAuthority,Scotland,http://data.ordnancesurvey.co.uk/id/7000000000041429,Scotland,http://data.ordnancesurvey.co.uk/id/country/scotland,,,
osgb4000000074722324,http://data.ordnancesurvey.co.uk/id/4000000074722324,Coire Bheithe,,,,landform,Cirque Or Hollow,203130,841002,5000,30000,202759,840602,203500,841396,IV54,http://data.ordnancesurvey.co.uk/id/postcodedistrict/IV54,,,,,,,Highland,http://data.ordnancesurvey.co.uk/id/7000000000186625,http://data.ordnancesurvey.co.uk/ontology/admingeo/UnitaryAuthority,Scotland,http://data.ordnancesurvey.co.uk/id/7000000000041429,Scotland,http://data.ordnancesurvey.co.uk/id/country/scotland,,,
osgb4000000074608887,http://data.ordnancesurvey.co.uk/id/4000000074608887,Toll a' Ghobhain,,,,landform,Hill Or Mountain,212512,850060,1000,300000,212262,849810,212762,850310,IV22,http://data.ordnancesurvey.co.uk/id/postcodedistrict/IV22,,,,,,,Highland,http://data.ordnancesurvey.co.uk/id/7000000000186625,http://data.ordnancesurvey.co.uk/ontology/admingeo/UnitaryAuthority,Scotland,http://data.ordnancesurvey.co.uk/id/7000000000041429,Scotland,http://data.ordnancesurvey.co.uk/id/country/scotland,,,
osgb4000000074800708,http://data.ordnancesurvey.co.uk/id/4000000074800708,Loch na Mòine Mòire,,,,hydrography,Inland Water,204640,855997,3000,500000,204338,855743,204846,856250,IV22,http://data.ordnancesurvey.co.uk/id/postcodedistrict/IV22,,,,,,,Highland,http://data.ordnancesurvey.co.uk/id/7000000000186625,http://data.ordnancesurvey.co.uk/ontology/admingeo/UnitaryAuthority,Scotland,http://data.ordnancesurvey.co.uk/id/7000000000041429,Scotland,http://data.ordnancesurvey.co.uk/id/country/scotland,,,
osgb4000000074722199,http://data.ordnancesurvey.co.uk/id/4000000074722199,Coire Dubh-Riabhach,,,,landform,Cirque Or Hollow,205409,851437,4000,30000,205138,851161,205680,851724,IV54,http://data.ordnancesurvey.co.uk/id/postcodedistrict/IV54,,,,,,,Highland,http://data.ordnancesurvey.co.uk/id/7000000000186625,http://data.ordnancesurvey.co.uk/ontology/admingeo/UnitaryAuthority,Scotland,http://data.ordnancesurvey.co.uk/id/7000000000041429,Scotland,http://data.ordnancesurvey.co.uk/id/country/scotland,,,
osgb4000000074604257,http://data.ordnancesurvey.co.uk/id/4000000074604257,Meallan Doire Bheithe,,,,landform,Hill Or Mountain,201024,851018,1000,300000,200774,850768,201274,851268,IV54,http://data.ordnancesurvey.co.uk/id/postcodedistrict/IV54,,,,,,,Highland,http://data.ordnancesurvey.co.uk/id/7000000000186625,http://data.ordnancesurvey.co.uk/ontology/admingeo/UnitaryAuthority,Scotland,http://data.ordnancesurvey.co.uk/id/7000000000041429,Scotland,http://data.ordnancesurvey.co.uk/id/country/scotland,,,
osgb4000000074801838,http://data.ordnancesurvey.co.uk/id/4000000074801838,Loch Sgùrr na Feartaig,,,,hydrography,Inland Water,205685,845999,1000,500000,205435,845721,205935,846221,IV54,http://data.ordnancesurvey.co.uk/id/postcodedistrict/IV54,,,,,,,Highland,http://data.ordnancesurvey.co.uk/id/7000000000186625,http://data.ordnancesurvey.co.uk/ontology/admingeo/UnitaryAuthority,Scotland,http://data.ordnancesurvey.co.uk/id/7000000000041429,Scotland,http://data.ordnancesurvey.co.uk/id/country/scotland,,,
osgb4000000074722198,http://data.ordnancesurvey.co.uk/id/4000000074722198,Coire a' Ghormachain,,,,landform,Cirque Or Hollow,211552,855689,6000,30000,211095,855340,212002,856038,IV22,http://data.ordnancesurvey.co.uk/id/postcodedistrict/IV22,,,,,,,Highland,http://data.ordnancesurvey.co.uk/id/7000000000186625,http://data.ordnancesurvey.co.uk/ontology/admingeo/UnitaryAuthority,Scotland,http://data.ordnancesurvey.co.uk/id/7000000000041429,Scotland,http://data.ordnancesurvey.co.uk/id/country/scotland,,,
osgb4000000074722473,http://data.ordnancesurvey.co.uk/id/4000000074722473,Coire Toll nam Bian,,,,landform,Cirque Or Hollow,209240,849222,5000,30000,208901,848817,209579,849624,IV54,http://data.ordnancesurvey.co.uk/id/postcodedistrict/IV54,,,,,,,Highland,http://data.ordnancesurvey.co.uk/id/7000000000186625,http://data.ordnancesurvey.co.uk/ontology/admingeo/UnitaryAuthority,Scotland,http://data.ordnancesurvey.co.uk/id/7000000000041429,Scotland,http://data.ordnancesurvey.co.uk/id/country/scotland,,,
osgb4000000074592240,http://data.ordnancesurvey.co.uk/id/4000000074592240,Beinn na Feusaige,,,,landform,Hill Or Mountain,209343,854283,1000,300000,209093,854033,209593,854533,IV22,http://data.ordnancesurvey.co.uk/id/postcodedistrict/IV22,,,,,,,Highland,http://data.ordnancesurvey.co.uk/id/7000000000186625,http://data.ordnancesurvey.co.uk/ontology/admingeo/UnitaryAuthority,Scotland,http://data.ordnancesurvey.co.uk/id/7000000000041429,Scotland,http://data.ordnancesurvey.co.uk/id/country/scotland,,,
osgb4000000074598998,http://data.ordnancesurvey.co.uk/id/4000000074598998,Coire nan Each,,,,landform,Cirque Or Hollow,204744,845477,5000,30000,204363,845120,205125,845811,IV54,http://data.ordnancesurvey.co.uk/id/postcodedistrict/IV54,,,,,,,Highland,http://data.ordnancesurvey.co.uk/id/7000000000186625,http://data.ordnancesurvey.co.uk/ontology/admingeo/UnitaryAuthority,Scotland,http://data.ordnancesurvey.co.uk/id/7000000000041429,Scotland,http://data.ordnancesurvey.co.uk/id/country/scotland,,,
osgb4000000074606768,http://data.ordnancesurvey.co.uk/id/4000000074606768,Meall Dubh na Caoidhe,,,,landform,Hill Or Mountain,218336,843488,1000,300000,218086,843238,218586,843738,IV4,http://data.ordnancesurvey.co.uk/id/postcodedistrict/IV4,,,,,,,Highland,http://data.ordnancesurvey.co.uk/id/7000000000186625,http://data.ordnancesurvey.co.uk/ontology/admingeo/UnitaryAuthority,Scotland,http://data.ordnancesurvey.co.uk/id/7000000000041429,Scotland,http://data.ordnancesurvey.co.uk/id/country/scotland,,,
osgb4000000074801881,http://data.ordnancesurvey.co.uk/id/4000000074801881,Loch Cnoc na Mòinteich,,,,hydrography,Inland Water,211294,851156,3000,500000,211044,850892,211544,851392,IV22,http://data.ordnancesurvey.co.uk/id/postcodedistrict/IV22,,,,,,,Highland,http://data.ordnancesurvey.co.uk/id/7000000000186625,http://data.ordnancesurvey.co.uk/ontology/admingeo/UnitaryAuthority,Scotland,http://data.ordnancesurvey.co.uk/id/7000000000041429,Scotland,http://data.ordnancesurvey.co.uk/id/country/scotland,,,
osgb4000000074762011,http://data.ordnancesurvey.co.uk/id/4000000074762011,Gleannan Allt an Amise,,,,landform,Valley,216594,847443,3000,800000,216344,847126,216844,847646,IV4,http://data.ordnancesurvey.co.uk/id/postcodedistrict/IV4,,,,,,,Highland,http://data.ordnancesurvey.co.uk/id/7000000000186625,http://data.ordnancesurvey.co.uk/ontology/admingeo/UnitaryAuthority,Scotland,http://data.ordnancesurvey.co.uk/id/7000000000041429,Scotland,http://data.ordnancesurvey.co.uk/id/country/scotland,,,
osgb4000000074608037,http://data.ordnancesurvey.co.uk/id/4000000074608037,Meall Mòr,,,,landform,Hill Or Mountain,207218,840579,1000,300000,206968,840329,207468,840829,IV4,http://data.ordnancesurvey.co.uk/id/postcodedistrict/IV4,,,,,,,Highland,http://data.ordnancesurvey.co.uk/id/7000000000186625,http://data.ordnancesurvey.co.uk/ontology/admingeo/UnitaryAuthority,Scotland,http://data.ordnancesurvey.co.uk/id/7000000000041429,Scotland,http://data.ordnancesurvey.co.uk/id/country/scotland,,,
osgb4000000074722107,http://data.ordnancesurvey.co.uk/id/4000000074722107,Coireag Bhuidhe,,,,landform,Cirque Or Hollow,219849,852079,4000,30000,219521,851829,220172,852329,IV22,http://data.ordnancesurvey.co.uk/id/postcodedistrict/IV22,,,,,,,Highland,http://data.ordnancesurvey.co.uk/id/7000000000186625,http://data.ordnancesurvey.co.uk/ontology/admingeo/UnitaryAuthority,Scotland,http://data.ordnancesurvey.co.uk/id/7000000000041429,Scotland,http://data.ordnancesurvey.co.uk/id/country/scotland,,,
osgb4000000074604675,http://data.ordnancesurvey.co.uk/id/4000000074604675,Càrn Loisgte,,,,landform,Hill Or Mountain,203486,857737,1000,300000,203236,857487,203736,857987,IV22,http://data.ordnancesurvey.co.uk/id/postcodedistrict/IV22,,,,,,,Highland,http://data.ordnancesurvey.co.uk/id/7000000000186625,http://data.ordnancesurvey.co.uk/ontology/admingeo/UnitaryAuthority,Scotland,http://data.ordnancesurvey.co.uk/id/7000000000041429,Scotland,http://data.ordnancesurvey.co.uk/id/country/scotland,,,
osgb4000000074801879,http://data.ordnancesurvey.co.uk/id/4000000074801879,Loch Gowan,,,,hydrography,Inland Water,214987,856110,10000,500000,214065,855366,215570,856855,IV22,http://data.ordnancesurvey.co.uk/id/postcodedistrict/IV22,,,,,,,Highland,http://data.ordnancesurvey.co.uk/id/7000000000186625,http://data.ordnancesurvey.co.uk/ontology/admingeo/UnitaryAuthority,Scotland,http://data.ordnancesurvey.co.uk/id/7000000000041429,Scotland,http://data.ordnancesurvey.co.uk/id/country/scotland,,,
osgb4000000074608882,http://data.ordnancesurvey.co.uk/id/4000000074608882,Càrn a' Chaorainn,,,,landform,Hill Or Mountain,219319,854422,1000,300000,219069,854172,219569,854672,IV22,http://data.ordnancesurvey.co.uk/id/postcodedistrict/IV22,,,,,,,Highland,http://data.ordnancesurvey.co.uk/id/7000000000186625,http://data.ordnancesurvey.co.uk/ontology/admingeo/UnitaryAuthority,Scotland,http://data.ordnancesurvey.co.uk/id/7000000000041429,Scotland,http://data.ordnancesurvey.co.uk/id/country/scotland,,,
osgb4000000074733344,http://data.ordnancesurvey.co.uk/id/4000000074733344,West Monar Forest,,,,landcover,Other Landcover,208815,843714,54000,1300000,204675,838299,212955,845954,IV4,http://data.ordnancesurvey.co.uk/id/postcodedistrict/IV4,,,,,,,Highland,http://data.ordnancesurvey.co.uk/id/7000000000186625,http://data.ordnancesurvey.co.uk/ontology/admingeo/UnitaryAuthority,Scotland,http://data.ordnancesurvey.co.uk/id/7000000000041429,Scotland,http://data.ordnancesurvey.co.uk/id/country/scotland,,,
osgb4000000074585904,http://data.ordnancesurvey.co.uk/id/4000000074585904,Glen Carron Hills,,,,landform,Hill Or Mountain Ranges,208768,844619,189000,3000000,195857,835977,224906,853260,IV4,http://data.ordnancesurvey.co.uk/id/postcodedistrict/IV4,,,,,,,Highland,http://data.ordnancesurvey.co.uk/id/7000000000186625,http://data.ordnancesurvey.co.uk/ontology/admingeo/UnitaryAuthority,Scotland,http://data.ordnancesurvey.co.uk/id/7000000000041429,Scotland,http://data.ordnancesurvey.co.uk/id/country/scotland,,,
osgb4000000074817935,http://data.ordnancesurvey.co.uk/id/4000000074817935,Abhainn Loch a' Chroisg,,,,hydrography,Inland Water,215974,858328,1000,35000,215724,858078,216224,858578,IV22,http://data.ordnancesurvey.co.uk/id/postcodedistrict/IV22,,,,,,,Highland,http://data.ordnancesurvey.co.uk/id/7000000000186625,http://data.ordnancesurvey.co.uk/ontology/admingeo/UnitaryAuthority,Scotland,http://data.ordnancesurvey.co.uk/id/7000000000041429,Scotland,http://data.ordnancesurvey.co.uk/id/country/scotland,,,
osgb4000000074801621,http://data.ordnancesurvey.co.uk/id/4000000074801621,Loch Coir' a' Bhuic,,,,hydrography,Inland Water,216545,852593,2000,500000,216272,852343,216772,852843,IV22,http://data.ordnancesurvey.co.uk/id/postcodedistrict/IV22,,,,,,,Highland,http://data.ordnancesurvey.co.uk/id/7000000000186625,http://data.ordnancesurvey.co.uk/ontology/admingeo/UnitaryAuthority,Scotland,http://data.ordnancesurvey.co.uk/id/7000000000041429,Scotland,http://data.ordnancesurvey.co.uk/id/country/scotland,,,
osgb4000000074603413,http://data.ordnancesurvey.co.uk/id/4000000074603413,Cnoc an t-Sìthean,,,,landform,Hill Or Mountain,215192,853997,1000,300000,214942,853747,215442,854247,IV22,http://data.ordnancesurvey.co.uk/id/postcodedistrict/IV22,,,,,,,Highland,http://data.ordnancesurvey.co.uk/id/7000000000186625,http://data.ordnancesurvey.co.uk/ontology/admingeo/UnitaryAuthority,Scotland,http://data.ordnancesurvey.co.uk/id/7000000000041429,Scotland,http://data.ordnancesurvey.co.uk/id/country/scotland,,,
osgb4000000074722326,http://data.ordnancesurvey.co.uk/id/4000000074722326,Coireag nam Meang,,,,landform,Valley,209755,844130,4000,800000,209505,843860,210005,844415,IV4,http://data.ordnancesurvey.co.uk/id/postcodedistrict/IV4,,,,,,,Highland,http://data.ordnancesurvey.co.uk/id/7000000000186625,http://data.ordnancesurvey.co.uk/ontology/admingeo/UnitaryAuthority,Scotland,http://data.ordnancesurvey.co.uk/id/7000000000041429,Scotland,http://data.ordnancesurvey.co.uk/id/country/scotland,,,
osgb4000000074800711,http://data.ordnancesurvey.co.uk/id/4000000074800711,Loch an Fhiarlaid,,,,hydrography,Inland Water,205081,856629,5000,500000,204831,856285,205331,857020,IV22,http://data.ordnancesurvey.co.uk/id/postcodedistrict/IV22,,,,,,,Highland,http://data.ordnancesurvey.co.uk/id/7000000000186625,http://data.ordnancesurvey.co.uk/ontology/admingeo/UnitaryAuthority,Scotland,http://data.ordnancesurvey.co.uk/id/7000000000041429,Scotland,http://data.ordnancesurvey.co.uk/id/country/scotland,,,
osgb4000000074805047,http://data.ordnancesurvey.co.uk/id/4000000074805047,Loch Coulin,,,,hydrography,Inland Water,201263,855235,10000,500000,200481,854973,202045,856388,IV22,http://data.ordnancesurvey.co.uk/id/postcodedistrict/IV22,,,,,,,Highland,http://data.ordnancesurvey.co.uk/id/7000000000186625,http://data.ordnancesurvey.co.uk/ontology/admingeo/UnitaryAuthority,Scotland,http://data.ordnancesurvey.co.uk/id/7000000000041429,Scotland,http://data.ordnancesurvey.co.uk/id/country/scotland,,,
osgb4000000074608885,http://data.ordnancesurvey.co.uk/id/4000000074608885,Carn Gorm,,,,landform,Hill Or Mountain,213547,849996,1000,300000,213297,849746,213797,850246,IV22,http://data.ordnancesurvey.co.uk/id/postcodedistrict/IV22,,,,,,,Highland,http://data.ordnancesurvey.co.uk/id/7000000000186625,http://data.ordnancesurvey.co.uk/ontology/admingeo/UnitaryAuthority,Scotland,http://data.ordnancesurvey.co.uk/id/7000000000041429,Scotland,http://data.ordnancesurvey.co.uk/id/country/scotland,,,
osgb4000000074722149,http://data.ordnancesurvey.co.uk/id/4000000074722149,Glen Carron,,,,landform,Valley,206189,850748,44000,800000,202589,848606,209346,852890,IV54,http://data.ordnancesurvey.co.uk/id/postcodedistrict/IV54,,,,,,,Highland,http://data.ordnancesurvey.co.uk/id/7000000000186625,http://data.ordnancesurvey.co.uk/ontology/admingeo/UnitaryAuthority,Scotland,http://data.ordnancesurvey.co.uk/id/7000000000041429,Scotland,http://data.ordnancesurvey.co.uk/id/country/scotland,,,
osgb4000000074820088,http://data.ordnancesurvey.co.uk/id/4000000074820088,Easan Geal,,,,hydrography,Waterfall,201056,852527,1000,15000,200805,852277,201305,852777,IV22,http://data.ordnancesurvey.co.uk/id/postcodedistrict/IV22,,,,,,,Highland,http://data.ordnancesurvey.co.uk/id/7000000000186625,http://data.ordnancesurvey.co.uk/ontology/admingeo/UnitaryAuthority,Scotland,http://data.ordnancesurvey.co.uk/id/7000000000041429,Scotland,http://data.ordnancesurvey.co.uk/id/country/scotland,,,
osgb4000000074604260,http://data.ordnancesurvey.co.uk/id/4000000074604260,An Liathanach,,,,landform,Hill Or Mountain,212397,856827,1000,300000,212147,856577,212647,857077,IV22,http://data.ordnancesurvey.co.uk/id/postcodedistrict/IV22,,,,,,,Highland,http://data.ordnancesurvey.co.uk/id/7000000000186625,http://data.ordnancesurvey.co.uk/ontology/admingeo/UnitaryAuthority,Scotland,http://data.ordnancesurvey.co.uk/id/7000000000041429,Scotland,http://data.ordnancesurvey.co.uk/id/country/scotland,,,
osgb4000000074777164,http://data.ordnancesurvey.co.uk/id/4000000074777164,Cnoc nan Sguad,,,,landform,Hill Or Mountain,209675,853064,1000,300000,209425,852814,209925,853314,IV22,http://data.ordnancesurvey.co.uk/id/postcodedistrict/IV22,,,,,,,Highland,http://data.ordnancesurvey.co.uk/id/7000000000186625,http://data.ordnancesurvey.co.uk/ontology/admingeo/UnitaryAuthority,Scotland,http://data.ordnancesurvey.co.uk/id/7000000000041429,Scotland,http://data.ordnancesurvey.co.uk/id/country/scotland,,,
osgb4000000074721915,http://data.ordnancesurvey.co.uk/id/4000000074721915,Coire a' Chròtha,,,,landform,Cirque Or Hollow,219222,846334,5000,30000,218972,845969,219472,846710,IV4,http://data.ordnancesurvey.co.uk/id/postcodedistrict/IV4,,,,,,,Highland,http://data.ordnancesurvey.co.uk/id/7000000000186625,http://data.ordnancesurvey.co.uk/ontology/admingeo/UnitaryAuthority,Scotland,http://data.ordnancesurvey.co.uk/id/7000000000041429,Scotland,http://data.ordnancesurvey.co.uk/id/country/scotland,,,
osgb4000000074648705,http://data.ordnancesurvey.co.uk/id/4000000074648705,Coille Mhoruisge,,,,landcover,Woodland Or Forest,210499,852606,10000,400000,209926,852229,211465,852983,IV22,http://data.ordnancesurvey.co.uk/id/postcodedistrict/IV22,,,,,,,Highland,http://data.ordnancesurvey.co.uk/id/7000000000186625,http://data.ordnancesurvey.co.uk/ontology/admingeo/UnitaryAuthority,Scotland,http://data.ordnancesurvey.co.uk/id/7000000000041429,Scotland,http://data.ordnancesurvey.co.uk/id/country/scotland,,,
osgb4000000074608872,http://data.ordnancesurvey.co.uk/id/4000000074608872,Sgùrr na Feartaig,,,,landform,Hill Or Mountain,205513,845400,1000,300000,205263,845150,205763,845650,IV54,http://data.ordnancesurvey.co.uk/id/postcodedistrict/IV54,,,,,,,Highland,http://data.ordnancesurvey.co.uk/id/7000000000186625,http://data.ordnancesurvey.co.uk/ontology/admingeo/UnitaryAuthority,Scotland,http://data.ordnancesurvey.co.uk/id/7000000000041429,Scotland,http://data.ordnancesurvey.co.uk/id/country/scotland,,,
osgb4000000074603840,http://data.ordnancesurvey.co.uk/id/4000000074603840,Meallan Mhic Iamhair,,,,landform,Hill Or Mountain,206837,854297,1000,300000,206587,854047,207087,854547,IV22,http://data.ordnancesurvey.co.uk/id/postcodedistrict/IV22,,,,,,,Highland,http://data.ordnancesurvey.co.uk/id/7000000000186625,http://data.ordnancesurvey.co.uk/ontology/admingeo/UnitaryAuthority,Scotland,http://data.ordnancesurvey.co.uk/id/7000000000041429,Scotland,http://data.ordnancesurvey.co.uk/id/country/scotland,,,
osgb4000000074774452,http://data.ordnancesurvey.co.uk/id/4000000074774452,Rubha nan Damh,,,,landform,Other Landform,205240,856912,1000,15000,204990,856650,205490,857150,IV22,http://data.ordnancesurvey.co.uk/id/postcodedistrict/IV22,,,,,,,Highland,http://data.ordnancesurvey.co.uk/id/7000000000186625,http://data.ordnancesurvey.co.uk/ontology/admingeo/UnitaryAuthority,Scotland,http://data.ordnancesurvey.co.uk/id/7000000000041429,Scotland,http://data.ordnancesurvey.co.uk/id/country/scotland,,,
osgb4000000074722233,http://data.ordnancesurvey.co.uk/id/4000000074722233,Coire Shaile,,,,landform,Valley,210907,843563,5000,800000,210657,843155,211157,843936,IV4,http://data.ordnancesurvey.co.uk/id/postcodedistrict/IV4,,,,,,,Highland,http://data.ordnancesurvey.co.uk/id/7000000000186625,http://data.ordnancesurvey.co.uk/ontology/admingeo/UnitaryAuthority,Scotland,http://data.ordnancesurvey.co.uk/id/7000000000041429,Scotland,http://data.ordnancesurvey.co.uk/id/country/scotland,,,
osgb4000000074726368,http://data.ordnancesurvey.co.uk/id/4000000074726368,Coire Seasgach,,,,landform,Valley,204246,841475,5000,800000,203915,841184,204761,841765,IV54,http://data.ordnancesurvey.co.uk/id/postcodedistrict/IV54,,,,,,,Highland,http://data.ordnancesurvey.co.uk/id/7000000000186625,http://data.ordnancesurvey.co.uk/ontology/admingeo/UnitaryAuthority,Scotland,http://data.ordnancesurvey.co.uk/id/7000000000041429,Scotland,http://data.ordnancesurvey.co.uk/id/country/scotland,,,
osgb4000000074603412,http://data.ordnancesurvey.co.uk/id/4000000074603412,Carn an Inbhire,,,,landform,Hill Or Mountain,216337,855225,1000,300000,216087,854975,216587,855475,IV22,http://data.ordnancesurvey.co.uk/id/postcodedistrict/IV22,,,,,,,Highland,http://data.ordnancesurvey.co.uk/id/7000000000186625,http://data.ordnancesurvey.co.uk/ontology/admingeo/UnitaryAuthority,Scotland,http://data.ordnancesurvey.co.uk/id/7000000000041429,Scotland,http://data.ordnancesurvey.co.uk/id/country/scotland,,,
osgb4000000074722242,http://data.ordnancesurvey.co.uk/id/4000000074722242,Coire a' Phìobaire,,,,landform,Cirque Or Hollow,208765,856149,7000,30000,208275,855622,209254,856685,IV22,http://data.ordnancesurvey.co.uk/id/postcodedistrict/IV22,,,,,,,Highland,http://data.ordnancesurvey.co.uk/id/7000000000186625,http://data.ordnancesurvey.co.uk/ontology/admingeo/UnitaryAuthority,Scotland,http://data.ordnancesurvey.co.uk/id/7000000000041429,Scotland,http://data.ordnancesurvey.co.uk/id/country/scotland,,,
osgb4000000074800706,http://data.ordnancesurvey.co.uk/id/4000000074800706,Lochan Meallan Mhic Iamhair,,,,hydrography,Inland Water,207480,854431,2000,500000,207296,854181,207796,854681,IV22,http://data.ordnancesurvey.co.uk/id/postcodedistrict/IV22,,,,,,,Highland,http://data.ordnancesurvey.co.uk/id/7000000000186625,http://data.ordnancesurvey.co.uk/ontology/admingeo/UnitaryAuthority,Scotland,http://data.ordnancesurvey.co.uk/id/7000000000041429,Scotland,http://data.ordnancesurvey.co.uk/id/country/scotland,,,
osgb4000000074722146,http://data.ordnancesurvey.co.uk/id/4000000074722146,Coireag Bheag,,,,landform,Cirque Or Hollow,217413,856531,7000,30000,216874,856074,217949,856987,IV22,http://data.ordnancesurvey.co.uk/id/postcodedistrict/IV22,,,,,,,Highland,http://data.ordnancesurvey.co.uk/id/7000000000186625,http://data.ordnancesurvey.co.uk/ontology/admingeo/UnitaryAuthority,Scotland,http://data.ordnancesurvey.co.uk/id/7000000000041429,Scotland,http://data.ordnancesurvey.co.uk/id/country/scotland,,,
osgb4000000074633394,http://data.ordnancesurvey.co.uk/id/4000000074633394,Dosmucheran Plantation,,,,landcover,Woodland Or Forest,219231,859732,7000,400000,218759,859275,219793,860190,IV22,http://data.ordnancesurvey.co.uk/id/postcodedistrict/IV22,,,,,,,Highland,http://data.ordnancesurvey.co.uk/id/7000000000186625,http://data.ordnancesurvey.co.uk/ontology/admingeo/UnitaryAuthority,Scotland,http://data.ordnancesurvey.co.uk/id/7000000000041429,Scotland,http://data.ordnancesurvey.co.uk/id/country/scotland,,,
osgb4000000074722415,http://data.ordnancesurvey.co.uk/id/4000000074722415,Coire an Tuill Bhàin,,,,landform,Cirque Or Hollow,209394,848182,5000,30000,209021,847858,209772,848507,IV4,http://data.ordnancesurvey.co.uk/id/postcodedistrict/IV4,,,,,,,Highland,http://data.ordnancesurvey.co.uk/id/7000000000186625,http://data.ordnancesurvey.co.uk/ontology/admingeo/UnitaryAuthority,Scotland,http://data.ordnancesurvey.co.uk/id/7000000000041429,Scotland,http://data.ordnancesurvey.co.uk/id/country/scotland,,,
osgb4000000074777299,http://data.ordnancesurvey.co.uk/id/4000000074777299,Cnoc nam Broc,,,,landform,Hill Or Mountain,214544,855773,1000,300000,214294,855523,214794,856023,IV22,http://data.ordnancesurvey.co.uk/id/postcodedistrict/IV22,,,,,,,Highland,http://data.ordnancesurvey.co.uk/id/7000000000186625,http://data.ordnancesurvey.co.uk/ontology/admingeo/UnitaryAuthority,Scotland,http://data.ordnancesurvey.co.uk/id/7000000000041429,Scotland,http://data.ordnancesurvey.co.uk/id/country/scotland,,,
osgb4000000074592205,http://data.ordnancesurvey.co.uk/id/4000000074592205,Bràigh na Leitire,,,,landform,Hill Or Mountain,219175,852490,1000,300000,218925,852240,219425,852740,IV22,http://data.ordnancesurvey.co.uk/id/postcodedistrict/IV22,,,,,,,Highland,http://data.ordnancesurvey.co.uk/id/7000000000186625,http://data.ordnancesurvey.co.uk/ontology/admingeo/UnitaryAuthority,Scotland,http://data.ordnancesurvey.co.uk/id/7000000000041429,Scotland,http://data.ordnancesurvey.co.uk/id/country/scotland,,,
osgb4000000074607608,http://data.ordnancesurvey.co.uk/id/4000000074607608,Creag Bhreac,,,,landform,Hill Or Mountain,215353,844052,1000,300000,215103,843802,215603,844302,IV4,http://data.ordnancesurvey.co.uk/id/postcodedistrict/IV4,,,,,,,Highland,http://data.ordnancesurvey.co.uk/id/7000000000186625,http://data.ordnancesurvey.co.uk/ontology/admingeo/UnitaryAuthority,Scotland,http://data.ordnancesurvey.co.uk/id/7000000000041429,Scotland,http://data.ordnancesurvey.co.uk/id/country/scotland,,,
osgb4000000074801836,http://data.ordnancesurvey.co.uk/id/4000000074801836,Loch an Laoigh,,,,hydrography,Inland Water,202038,841520,10000,500000,201785,840789,202291,842295,IV54,http://data.ordnancesurvey.co.uk/id/postcodedistrict/IV54,,,,,,,Highland,http://data.ordnancesurvey.co.uk/id/7000000000186625,http://data.ordnancesurvey.co.uk/ontology/admingeo/UnitaryAuthority,Scotland,http://data.ordnancesurvey.co.uk/id/7000000000041429,Scotland,http://data.ordnancesurvey.co.uk/id/country/scotland,,,
osgb4000000074777312,http://data.ordnancesurvey.co.uk/id/4000000074777312,Sròn na Frianich,,,,landform,Other Landform,209620,845720,4000,15000,209350,845468,209890,846073,IV4,http://data.ordnancesurvey.co.uk/id/postcodedistrict/IV4,,,,,,,Highland,http://data.ordnancesurvey.co.uk/id/7000000000186625,http://data.ordnancesurvey.co.uk/ontology/admingeo/UnitaryAuthority,Scotland,http://data.ordnancesurvey.co.uk/id/7000000000041429,Scotland,http://data.ordnancesurvey.co.uk/id/country/scotland,,,
osgb4000000074722189,http://data.ordnancesurvey.co.uk/id/4000000074722189,Coire Loch a' Chlaidheimh,,,,landform,Cirque Or Hollow,214237,846579,5000,30000,213883,846329,214584,846829,IV4,http://data.ordnancesurvey.co.uk/id/postcodedistrict/IV4,,,,,,,Highland,http://data.ordnancesurvey.co.uk/id/7000000000186625,http://data.ordnancesurvey.co.uk/ontology/admingeo/UnitaryAuthority,Scotland,http://data.ordnancesurvey.co.uk/id/7000000000041429,Scotland,http://data.ordnancesurvey.co.uk/id/country/scotland,,,
osgb4000000074607606,http://data.ordnancesurvey.co.uk/id/4000000074607606,An Sìthean,,,,landform,Hill Or Mountain,217103,845388,1000,300000,216853,845138,217353,845638,IV4,http://data.ordnancesurvey.co.uk/id/postcodedistrict/IV4,,,,,,,Highland,http://data.ordnancesurvey.co.uk/id/7000000000186625,http://data.ordnancesurvey.co.uk/ontology/admingeo/UnitaryAuthority,Scotland,http://data.ordnancesurvey.co.uk/id/7000000000041429,Scotland,http://data.ordnancesurvey.co.uk/id/country/scotland,,,
osgb4000000074717155,http://data.ordnancesurvey.co.uk/id/4000000074717155,Creag na h-Iolaire,,,,landform,Hill Or Mountain,217563,849808,1000,300000,217313,849558,217813,850058,IV22,http://data.ordnancesurvey.co.uk/id/postcodedistrict/IV22,,,,,,,Highland,http://data.ordnancesurvey.co.uk/id/7000000000186625,http://data.ordnancesurvey.co.uk/ontology/admingeo/UnitaryAuthority,Scotland,http://data.ordnancesurvey.co.uk/id/7000000000041429,Scotland,http://data.ordnancesurvey.co.uk/id/country/scotland,,,
osgb4000000074607609,http://data.ordnancesurvey.co.uk/id/4000000074607609,Creag Toll a' Choin,,,,landform,Hill Or Mountain,213081,845333,1000,300000,212831,845083,213331,845583,IV4,http://data.ordnancesurvey.co.uk/id/postcodedistrict/IV4,,,,,,,Highland,http://data.ordnancesurvey.co.uk/id/7000000000186625,http://data.ordnancesurvey.co.uk/ontology/admingeo/UnitaryAuthority,Scotland,http://data.ordnancesurvey.co.uk/id/7000000000041429,Scotland,http://data.ordnancesurvey.co.uk/id/country/scotland,,,
osgb4000000074608456,http://data.ordnancesurvey.co.uk/id/4000000074608456,Sgùrr a' Chaorachain,,,,landform,Hill Or Mountain,208750,844735,1000,300000,208500,844485,209000,844985,IV4,http://data.ordnancesurvey.co.uk/id/postcodedistrict/IV4,,,,,,,Highland,http://data.ordnancesurvey.co.uk/id/7000000000186625,http://data.ordnancesurvey.co.uk/ontology/admingeo/UnitaryAuthority,Scotland,http://data.ordnancesurvey.co.uk/id/7000000000041429,Scotland,http://data.ordnancesurvey.co.uk/id/country/scotland,,,
osgb4000000074606345,http://data.ordnancesurvey.co.uk/id/4000000074606345,Creag a' Chaobh,,,,landform,Hill Or Mountain,219821,840936,1000,300000,219571,840686,220071,841186,IV4,http://data.ordnancesurvey.co.uk/id/postcodedistrict/IV4,,,,,,,Highland,http://data.ordnancesurvey.co.uk/id/7000000000186625,http://data.ordnancesurvey.co.uk/ontology/admingeo/UnitaryAuthority,Scotland,http://data.ordnancesurvey.co.uk/id/7000000000041429,Scotland,http://data.ordnancesurvey.co.uk/id/country/scotland,,,
osgb4000000074722325,http://data.ordnancesurvey.co.uk/id/4000000074722325,Srath Mhuilich,,,,landform,Valley,212002,843885,10000,800000,211472,843237,212531,844736,IV4,http://data.ordnancesurvey.co.uk/id/postcodedistrict/IV4,,,,,,,Highland,http://data.ordnancesurvey.co.uk/id/7000000000186625,http://data.ordnancesurvey.co.uk/ontology/admingeo/UnitaryAuthority,Scotland,http://data.ordnancesurvey.co.uk/id/7000000000041429,Scotland,http://data.ordnancesurvey.co.uk/id/country/scotland,,,
osgb4000000074810386,http://data.ordnancesurvey.co.uk/id/4000000074810386,Torran Ceann Liath,,,,landform,Hill Or Mountain,215895,846376,1000,300000,215645,846126,216145,846626,IV4,http://data.ordnancesurvey.co.uk/id/postcodedistrict/IV4,,,,,,,Highland,http://data.ordnancesurvey.co.uk/id/7000000000186625,http://data.ordnancesurvey.co.uk/ontology/admingeo/UnitaryAuthority,Scotland,http://data.ordnancesurvey.co.uk/id/7000000000041429,Scotland,http://data.ordnancesurvey.co.uk/id/country/scotland,,,
osgb4000000074735530,http://data.ordnancesurvey.co.uk/id/4000000074735530,Coille Bhreac,,,,landcover,Other Landcover,207368,852543,7000,1300000,206717,852159,207781,852927,IV22,http://data.ordnancesurvey.co.uk/id/postcodedistrict/IV22,,,,,,,Highland,http://data.ordnancesurvey.co.uk/id/7000000000186625,http://data.ordnancesurvey.co.uk/ontology/admingeo/UnitaryAuthority,Scotland,http://data.ordnancesurvey.co.uk/id/7000000000041429,Scotland,http://data.ordnancesurvey.co.uk/id/country/scotland,,,
osgb4000000074722136,http://data.ordnancesurvey.co.uk/id/4000000074722136,Coire Mhòraigein,,,,landform,Valley,219601,849200,6000,800000,219092,848723,220084,849678,IV22,http://data.ordnancesurvey.co.uk/id/postcodedistrict/IV22,,,,,,,Highland,http://data.ordnancesurvey.co.uk/id/7000000000186625,http://data.ordnancesurvey.co.uk/ontology/admingeo/UnitaryAuthority,Scotland,http://data.ordnancesurvey.co.uk/id/7000000000041429,Scotland,http://data.ordnancesurvey.co.uk/id/country/scotland,,,
osgb4000000074717937,http://data.ordnancesurvey.co.uk/id/4000000074717937,Coire Mhic Fhearchair,,,,landform,Cirque Or Hollow,210366,854509,6000,30000,209881,854161,210857,854857,IV22,http://data.ordnancesurvey.co.uk/id/postcodedistrict/IV22,,,,,,,Highland,http://data.ordnancesurvey.co.uk/id/7000000000186625,http://data.ordnancesurvey.co.uk/ontology/admingeo/UnitaryAuthority,Scotland,http://data.ordnancesurvey.co.uk/id/7000000000041429,Scotland,http://data.ordnancesurvey.co.uk/id/country/scotland,,,
osgb4000000074722412,http://data.ordnancesurvey.co.uk/id/4000000074722412,Coire Choinnich,,,,landform,Cirque Or Hollow,207984,845308,6000,30000,207553,845036,208424,845581,IV4,http://data.ordnancesurvey.co.uk/id/postcodedistrict/IV4,,,,,,,Highland,http://data.ordnancesurvey.co.uk/id/7000000000186625,http://data.ordnancesurvey.co.uk/ontology/admingeo/UnitaryAuthority,Scotland,http://data.ordnancesurvey.co.uk/id/7000000000041429,Scotland,http://data.ordnancesurvey.co.uk/id/country/scotland,,,
osgb4000000074777300,http://data.ordnancesurvey.co.uk/id/4000000074777300,Glac nan Each,,,,landform,Valley,217737,853933,3000,800000,217487,853660,217987,854160,IV22,http://data.ordnancesurvey.co.uk/id/postcodedistrict/IV22,,,,,,,Highland,http://data.ordnancesurvey.co.uk/id/7000000000186625,http://data.ordnancesurvey.co.uk/ontology/admingeo/UnitaryAuthority,Scotland,http://data.ordnancesurvey.co.uk/id/7000000000041429,Scotland,http://data.ordnancesurvey.co.uk/id/country/scotland,,,
osgb4000000074607185,http://data.ordnancesurvey.co.uk/id/4000000074607185,Sgùrr Coire nan Eun,,,,landform,Hill Or Mountain,219743,846926,1000,300000,219493,846676,219993,847176,IV4,http://data.ordnancesurvey.co.uk/id/postcodedistrict/IV4,,,,,,,Highland,http://data.ordnancesurvey.co.uk/id/7000000000186625,http://data.ordnancesurvey.co.uk/ontology/admingeo/UnitaryAuthority,Scotland,http://data.ordnancesurvey.co.uk/id/7000000000041429,Scotland,http://data.ordnancesurvey.co.uk/id/country/scotland,,,
osgb4000000074604256,http://data.ordnancesurvey.co.uk/id/4000000074604256,Carn Breac,,,,landform,Hill Or Mountain,204517,853010,1000,300000,204267,852760,204767,853260,IV22,http://data.ordnancesurvey.co.uk/id/postcodedistrict/IV22,,,,,,,Highland,http://data.ordnancesurvey.co.uk/id/7000000000186625,http://data.ordnancesurvey.co.uk/ontology/admingeo/UnitaryAuthority,Scotland,http://data.ordnancesurvey.co.uk/id/7000000000041429,Scotland,http://data.ordnancesurvey.co.uk/id/country/scotland,,,
osgb4000000074722232,http://data.ordnancesurvey.co.uk/id/4000000074722232,Coire Doinn Beag,,,,landform,Valley,210592,841177,4000,800000,210286,840927,210850,841427,IV4,http://data.ordnancesurvey.co.uk/id/postcodedistrict/IV4,,,,,,,Highland,http://data.ordnancesurvey.co.uk/id/7000000000186625,http://data.ordnancesurvey.co.uk/ontology/admingeo/UnitaryAuthority,Scotland,http://data.ordnancesurvey.co.uk/id/7000000000041429,Scotland,http://data.ordnancesurvey.co.uk/id/country/scotland,,,
osgb4000000074592041,http://data.ordnancesurvey.co.uk/id/4000000074592041,Càrn nam Fiaclan,,,,landform,Hill Or Mountain,212371,845505,1000,300000,212121,845255,212621,845755,IV4,http://data.ordnancesurvey.co.uk/id/postcodedistrict/IV4,,,,,,,Highland,http://data.ordnancesurvey.co.uk/id/7000000000186625,http://data.ordnancesurvey.co.uk/ontology/admingeo/UnitaryAuthority,Scotland,http://data.ordnancesurvey.co.uk/id/7000000000041429,Scotland,http://data.ordnancesurvey.co.uk/id/country/scotland,,,
osgb4000000074777274,http://data.ordnancesurvey.co.uk/id/4000000074777274,Cnoc na Gaoithe,,,,landform,Hill Or Mountain,213745,855474,1000,300000,213495,855224,213995,855724,IV22,http://data.ordnancesurvey.co.uk/id/postcodedistrict/IV22,,,,,,,Highland,http://data.ordnancesurvey.co.uk/id/7000000000186625,http://data.ordnancesurvey.co.uk/ontology/admingeo/UnitaryAuthority,Scotland,http://data.ordnancesurvey.co.uk/id/7000000000041429,Scotland,http://data.ordnancesurvey.co.uk/id/country/scotland,,,
osgb4000000074722492,http://data.ordnancesurvey.co.uk/id/4000000074722492,Coire an t-Seilich,,,,landform,Valley,207677,849619,6000,800000,207393,849108,207962,850106,IV54,http://data.ordnancesurvey.co.uk/id/postcodedistrict/IV54,,,,,,,Highland,http://data.ordnancesurvey.co.uk/id/7000000000186625,http://data.ordnancesurvey.co.uk/ontology/admingeo/UnitaryAuthority,Scotland,http://data.ordnancesurvey.co.uk/id/7000000000041429,Scotland,http://data.ordnancesurvey.co.uk/id/country/scotland,,,
osgb4000000074777449,http://data.ordnancesurvey.co.uk/id/4000000074777449,Glac an Sguitheir,,,,landform,Valley,209497,857426,4000,800000,209176,857176,209800,857676,IV22,http://data.ordnancesurvey.co.uk/id/postcodedistrict/IV22,,,,,,,Highland,http://data.ordnancesurvey.co.uk/id/7000000000186625,http://data.ordnancesurvey.co.uk/ontology/admingeo/UnitaryAuthority,Scotland,http://data.ordnancesurvey.co.uk/id/7000000000041429,Scotland,http://data.ordnancesurvey.co.uk/id/country/scotland,,,
osgb4000000074608031,http://data.ordnancesurvey.co.uk/id/4000000074608031,Meall Doir' a' Bhainne,,,,landform,Hill Or Mountain,215209,849988,1000,300000,214959,849738,215459,850238,IV22,http://data.ordnancesurvey.co.uk/id/postcodedistrict/IV22,,,,,,,Highland,http://data.ordnancesurvey.co.uk/id/7000000000186625,http://data.ordnancesurvey.co.uk/ontology/admingeo/UnitaryAuthority,Scotland,http://data.ordnancesurvey.co.uk/id/7000000000041429,Scotland,http://data.ordnancesurvey.co.uk/id/country/scotland,,,
osgb4000000074608034,http://data.ordnancesurvey.co.uk/id/4000000074608034,Lurg Mhòr,,,,landform,Hill Or Mountain,206454,840456,1000,300000,206204,840206,206704,840706,IV4,http://data.ordnancesurvey.co.uk/id/postcodedistrict/IV4,,,,,,,Highland,http://data.ordnancesurvey.co.uk/id/7000000000186625,http://data.ordnancesurvey.co.uk/ontology/admingeo/UnitaryAuthority,Scotland,http://data.ordnancesurvey.co.uk/id/7000000000041429,Scotland,http://data.ordnancesurvey.co.uk/id/country/scotland,,,
osgb4000000074731287,http://data.ordnancesurvey.co.uk/id/4000000074731287,East Monar Forest,,,,landcover,Other Landcover,218294,842307,50000,1300000,212740,840549,220434,844066,IV4,http://data.ordnancesurvey.co.uk/id/postcodedistrict/IV4,,,,,,,Highland,http://data.ordnancesurvey.co.uk/id/7000000000186625,http://data.ordnancesurvey.co.uk/ontology/admingeo/UnitaryAuthority,Scotland,http://data.ordnancesurvey.co.uk/id/7000000000041429,Scotland,http://data.ordnancesurvey.co.uk/id/country/scotland,,,
osgb4000000074801837,http://data.ordnancesurvey.co.uk/id/4000000074801837,Lochan Gaineamhach,,,,hydrography,Inland Water,209339,845103,2000,500000,209087,844853,209587,845353,IV4,http://data.ordnancesurvey.co.uk/id/postcodedistrict/IV4,,,,,,,Highland,http://data.ordnancesurvey.co.uk/id/7000000000186625,http://data.ordnancesurvey.co.uk/ontology/admingeo/UnitaryAuthority,Scotland,http://data.ordnancesurvey.co.uk/id/7000000000041429,Scotland,http://data.ordnancesurvey.co.uk/id/country/scotland,,,
osgb4000000074608886,http://data.ordnancesurvey.co.uk/id/4000000074608886,Carn Liath,,,,landform,Hill Or Mountain,213811,850376,1000,300000,213561,850126,214061,850626,IV22,http://data.ordnancesurvey.co.uk/id/postcodedistrict/IV22,,,,,,,Highland,http://data.ordnancesurvey.co.uk/id/7000000000186625,http://data.ordnancesurvey.co.uk/ontology/admingeo/UnitaryAuthority,Scotland,http://data.ordnancesurvey.co.uk/id/7000000000041429,Scotland,http://data.ordnancesurvey.co.uk/id/country/scotland,,,
osgb4000000074603841,http://data.ordnancesurvey.co.uk/id/4000000074603841,Aonach Dubh,,,,landform,Hill Or Mountain,205207,851861,1000,300000,204957,851611,205457,852111,IV54,http://data.ordnancesurvey.co.uk/id/postcodedistrict/IV54,,,,,,,Highland,http://data.ordnancesurvey.co.uk/id/7000000000186625,http://data.ordnancesurvey.co.uk/ontology/admingeo/UnitaryAuthority,Scotland,http://data.ordnancesurvey.co.uk/id/7000000000041429,Scotland,http://data.ordnancesurvey.co.uk/id/country/scotland,,,
osgb4000000074608454,http://data.ordnancesurvey.co.uk/id/4000000074608454,Meall a' Chapuill,,,,landform,Hill Or Mountain,201065,840809,1000,300000,200815,840559,201315,841059,IV54,http://data.ordnancesurvey.co.uk/id/postcodedistrict/IV54,,,,,,,Highland,http://data.ordnancesurvey.co.uk/id/7000000000186625,http://data.ordnancesurvey.co.uk/ontology/admingeo/UnitaryAuthority,Scotland,http://data.ordnancesurvey.co.uk/id/7000000000041429,Scotland,http://data.ordnancesurvey.co.uk/id/country/scotland,,,
osgb4000000074588654,http://data.ordnancesurvey.co.uk/id/4000000074588654,Coire Buidhe,,,,landform,Cirque Or Hollow,203204,856587,3000,30000,202937,856321,203471,856854,IV22,http://data.ordnancesurvey.co.uk/id/postcodedistrict/IV22,,,,,,,Highland,http://data.ordnancesurvey.co.uk/id/7000000000186625,http://data.ordnancesurvey.co.uk/ontology/admingeo/UnitaryAuthority,Scotland,http://data.ordnancesurvey.co.uk/id/7000000000041429,Scotland,http://data.ordnancesurvey.co.uk/id/country/scotland,,,
osgb4000000074592022,http://data.ordnancesurvey.co.uk/id/4000000074592022,Maoile Choill-Mhias,,,,landform,Hill Or Mountain,214501,841889,1000,300000,214251,841639,214751,842139,IV4,http://data.ordnancesurvey.co.uk/id/postcodedistrict/IV4,,,,,,,Highland,http://data.ordnancesurvey.co.uk/id/7000000000186625,http://data.ordnancesurvey.co.uk/ontology/admingeo/UnitaryAuthority,Scotland,http://data.ordnancesurvey.co.uk/id/7000000000041429,Scotland,http://data.ordnancesurvey.co.uk/id/country/scotland,,,
osgb4000000074722188,http://data.ordnancesurvey.co.uk/id/4000000074722188,Coire Loch nam Breac Dearga,,,,landform,Cirque Or Hollow,214432,845626,5000,30000,214070,845377,214792,845877,IV4,http://data.ordnancesurvey.co.uk/id/postcodedistrict/IV4,,,,,,,Highland,http://data.ordnancesurvey.co.uk/id/7000000000186625,http://data.ordnancesurvey.co.uk/ontology/admingeo/UnitaryAuthority,Scotland,http://data.ordnancesurvey.co.uk/id/7000000000041429,Scotland,http://data.ordnancesurvey.co.uk/id/country/scotland,,,
osgb4000000074722417,http://data.ordnancesurvey.co.uk/id/4000000074722417,Coire a' Chlaiginn,,,,landform,Cirque Or Hollow,210497,848908,4000,30000,210211,848572,210783,849233,IV4,http://data.ordnancesurvey.co.uk/id/postcodedistrict/IV4,,,,,,,Highland,http://data.ordnancesurvey.co.uk/id/7000000000186625,http://data.ordnancesurvey.co.uk/ontology/admingeo/UnitaryAuthority,Scotland,http://data.ordnancesurvey.co.uk/id/7000000000041429,Scotland,http://data.ordnancesurvey.co.uk/id/country/scotland,,,
osgb4000000074800475,http://data.ordnancesurvey.co.uk/id/4000000074800475,Loch Sgamhain,,,,hydrography,Inland Water,209861,852838,10000,500000,209204,852387,210774,853290,IV22,http://data.ordnancesurvey.co.uk/id/postcodedistrict/IV22,,,,,,,Highland,http://data.ordnancesurvey.co.uk/id/7000000000186625,http://data.ordnancesurvey.co.uk/ontology/admingeo/UnitaryAuthority,Scotland,http://data.ordnancesurvey.co.uk/id/7000000000041429,Scotland,http://data.ordnancesurvey.co.uk/id/country/scotland,,,
osgb4000000074733343,http://data.ordnancesurvey.co.uk/id/4000000074733343,Coille Toll a' Chaorachain,,,,landcover,Other Landcover,209273,843368,6000,1300000,208791,843056,209731,843680,IV4,http://data.ordnancesurvey.co.uk/id/postcodedistrict/IV4,,,,,,,Highland,http://data.ordnancesurvey.co.uk/id/7000000000186625,http://data.ordnancesurvey.co.uk/ontology/admingeo/UnitaryAuthority,Scotland,http://data.ordnancesurvey.co.uk/id/7000000000041429,Scotland,http://data.ordnancesurvey.co.uk/id/country/scotland,,,
osgb4000000074622820,http://data.ordnancesurvey.co.uk/id/4000000074622820,Bidein Clann Raonaild,,,,landform,Hill Or Mountain,205377,859194,1000,300000,205127,858944,205627,859444,IV22,http://data.ordnancesurvey.co.uk/id/postcodedistrict/IV22,,,,,,,Highland,http://data.ordnancesurvey.co.uk/id/7000000000186625,http://data.ordnancesurvey.co.uk/ontology/admingeo/UnitaryAuthority,Scotland,http://data.ordnancesurvey.co.uk/id/7000000000041429,Scotland,http://data.ordnancesurvey.co.uk/id/country/scotland,,,
osgb4000000074722416,http://data.ordnancesurvey.co.uk/id/4000000074722416,Coireag nam Mang,,,,landform,Cirque Or Hollow,212060,849928,3000,30000,211795,849678,212295,850178,IV22,http://data.ordnancesurvey.co.uk/id/postcodedistrict/IV22,,,,,,,Highland,http://data.ordnancesurvey.co.uk/id/7000000000186625,http://data.ordnancesurvey.co.uk/ontology/admingeo/UnitaryAuthority,Scotland,http://data.ordnancesurvey.co.uk/id/7000000000041429,Scotland,http://data.ordnancesurvey.co.uk/id/country/scotland,,,
osgb4000000074735638,http://data.ordnancesurvey.co.uk/id/4000000074735638,Mòine Mhòr,,,,landcover,Other Landcover,205805,856064,22000,1300000,203546,854352,206845,857776,IV22,http://data.ordnancesurvey.co.uk/id/postcodedistrict/IV22,,,,,,,Highland,http://data.ordnancesurvey.co.uk/id/7000000000186625,http://data.ordnancesurvey.co.uk/ontology/admingeo/UnitaryAuthority,Scotland,http://data.ordnancesurvey.co.uk/id/7000000000041429,Scotland,http://data.ordnancesurvey.co.uk/id/country/scotland,,,
osgb4000000074608871,http://data.ordnancesurvey.co.uk/id/4000000074608871,Beinn Tharsuinn,,,,landform,Hill Or Mountain,205520,843349,1000,300000,205270,843099,205770,843599,IV54,http://data.ordnancesurvey.co.uk/id/postcodedistrict/IV54,,,,,,,Highland,http://data.ordnancesurvey.co.uk/id/7000000000186625,http://data.ordnancesurvey.co.uk/ontology/admingeo/UnitaryAuthority,Scotland,http://data.ordnancesurvey.co.uk/id/7000000000041429,Scotland,http://data.ordnancesurvey.co.uk/id/country/scotland,,,
osgb4000000074608884,http://data.ordnancesurvey.co.uk/id/4000000074608884,Creag Coir' a' Bhuic,,,,landform,Hill Or Mountain,216324,851663,1000,300000,216074,851413,216574,851913,IV22,http://data.ordnancesurvey.co.uk/id/postcodedistrict/IV22,,,,,,,Highland,http://data.ordnancesurvey.co.uk/id/7000000000186625,http://data.ordnancesurvey.co.uk/ontology/admingeo/UnitaryAuthority,Scotland,http://data.ordnancesurvey.co.uk/id/7000000000041429,Scotland,http://data.ordnancesurvey.co.uk/id/country/scotland,,,
osgb4000000074801710,http://data.ordnancesurvey.co.uk/id/4000000074801710,Loch a' Chlaidheimh,,,,hydrography,Inland Water,214836,846535,4000,500000,214587,846285,215195,846785,IV4,http://data.ordnancesurvey.co.uk/id/postcodedistrict/IV4,,,,,,,Highland,http://data.ordnancesurvey.co.uk/id/7000000000186625,http://data.ordnancesurvey.co.uk/ontology/admingeo/UnitaryAuthority,Scotland,http://data.ordnancesurvey.co.uk/id/7000000000041429,Scotland,http://data.ordnancesurvey.co.uk/id/country/scotland,,,
osgb4000000074601356,http://data.ordnancesurvey.co.uk/id/4000000074601356,Sgùrr na Conbhaire,,,,landform,Hill Or Mountain,208076,843352,1000,300000,207826,843102,208326,843602,IV4,http://data.ordnancesurvey.co.uk/id/postcodedistrict/IV4,,,,,,,Highland,http://data.ordnancesurvey.co.uk/id/7000000000186625,http://data.ordnancesurvey.co.uk/ontology/admingeo/UnitaryAuthority,Scotland,http://data.ordnancesurvey.co.uk/id/7000000000041429,Scotland,http://data.ordnancesurvey.co.uk/id/country/scotland,,,
osgb4000000074604258,http://data.ordnancesurvey.co.uk/id/4000000074604258,Cnoc Daimh,,,,landform,Hill Or Mountain,200830,853187,1000,300000,200580,852937,201080,853437,IV22,http://data.ordnancesurvey.co.uk/id/postcodedistrict/IV22,,,,,,,Highland,http://data.ordnancesurvey.co.uk/id/7000000000186625,http://data.ordnancesurvey.co.uk/ontology/admingeo/UnitaryAuthority,Scotland,http://data.ordnancesurvey.co.uk/id/7000000000041429,Scotland,http://data.ordnancesurvey.co.uk/id/country/scotland,,,
osgb4000000074722493,http://data.ordnancesurvey.co.uk/id/4000000074722493,Coire na h-Eilde,,,,landform,Cirque Or Hollow,203403,845743,6000,30000,202961,845493,203842,845993,IV54,http://data.ordnancesurvey.co.uk/id/postcodedistrict/IV54,,,,,,,Highland,http://data.ordnancesurvey.co.uk/id/7000000000186625,http://data.ordnancesurvey.co.uk/ontology/admingeo/UnitaryAuthority,Scotland,http://data.ordnancesurvey.co.uk/id/7000000000041429,Scotland,http://data.ordnancesurvey.co.uk/id/country/scotland,,,
osgb4000000074731856,http://data.ordnancesurvey.co.uk/id/4000000074731856,Ledgowan Forest,,,,landcover,Other Landcover,210440,855752,63000,1300000,206549,853090,216181,858414,IV22,http://data.ordnancesurvey.co.uk/id/postcodedistrict/IV22,,,,,,,Highland,http://data.ordnancesurvey.co.uk/id/7000000000186625,http://data.ordnancesurvey.co.uk/ontology/admingeo/UnitaryAuthority,Scotland,http://data.ordnancesurvey.co.uk/id/7000000000041429,Scotland,http://data.ordnancesurvey.co.uk/id/country/scotland,,,
osgb4000000074809253,http://data.ordnancesurvey.co.uk/id/4000000074809253,Loch Clair,,,,hydrography,Inland Water,200039,857187,16000,500000,198054,856581,200485,857793,IV22,http://data.ordnancesurvey.co.uk/id/postcodedistrict/IV22,,,,,,,Highland,http://data.ordnancesurvey.co.uk/id/7000000000186625,http://data.ordnancesurvey.co.uk/ontology/admingeo/UnitaryAuthority,Scotland,http://data.ordnancesurvey.co.uk/id/7000000000041429,Scotland,http://data.ordnancesurvey.co.uk/id/country/scotland,,,
osgb4000000074722572,http://data.ordnancesurvey.co.uk/id/4000000074722572,Golden Valley,,,,landform,Valley,201269,847195,7000,800000,200669,846695,201731,847695,IV54,http://data.ordnancesurvey.co.uk/id/postcodedistrict/IV54,,,,,,,Highland,http://data.ordnancesurvey.co.uk/id/7000000000186625,http://data.ordnancesurvey.co.uk/ontology/admingeo/UnitaryAuthority,Scotland,http://data.ordnancesurvey.co.uk/id/7000000000041429,Scotland,http://data.ordnancesurvey.co.uk/id/country/scotland,,,
osgb4000000074608888,http://data.ordnancesurvey.co.uk/id/4000000074608888,Càrn Mhartuin,,,,landform,Hill Or Mountain,217497,854438,1000,300000,217247,854188,217747,854688,IV22,http://data.ordnancesurvey.co.uk/id/postcodedistrict/IV22,,,,,,,Highland,http://data.ordnancesurvey.co.uk/id/7000000000186625,http://data.ordnancesurvey.co.uk/ontology/admingeo/UnitaryAuthority,Scotland,http://data.ordnancesurvey.co.uk/id/7000000000041429,Scotland,http://data.ordnancesurvey.co.uk/id/country/scotland,,,
osgb4000000074735529,http://data.ordnancesurvey.co.uk/id/4000000074735529,Glencarron and Glenuig Forest,,,,landcover,Other Landcover,210766,849251,90000,1300000,202532,842743,216312,855759,IV4,http://data.ordnancesurvey.co.uk/id/postcodedistrict/IV4,,,,,,,Highland,http://data.ordnancesurvey.co.uk/id/7000000000186625,http://data.ordnancesurvey.co.uk/ontology/admingeo/UnitaryAuthority,Scotland,http://data.ordnancesurvey.co.uk/id/7000000000041429,Scotland,http://data.ordnancesurvey.co.uk/id/country/scotland,,,
osgb4000000074800167,http://data.ordnancesurvey.co.uk/id/4000000074800167,Loch Monar,,,,hydrography,Inland Water,213731,840603,81000,500000,207931,838774,220338,842431,IV4,http://data.ordnancesurvey.co.uk/id/postcodedistrict/IV4,,,,,,,Highland,http://data.ordnancesurvey.co.uk/id/7000000000186625,http://data.ordnancesurvey.co.uk/ontology/admingeo/UnitaryAuthority,Scotland,http://data.ordnancesurvey.co.uk/id/7000000000041429,Scotland,http://data.ordnancesurvey.co.uk/id/country/scotland,,,
osgb4000000074722190,http://data.ordnancesurvey.co.uk/id/4000000074722190,Gleann Fhiodhaig,,,,landform,Valley,215523,848617,34000,800000,212600,847933,217856,849301,IV4,http://data.ordnancesurvey.co.uk/id/postcodedistrict/IV4,,,,,,,Highland,http://data.ordnancesurvey.co.uk/id/7000000000186625,http://data.ordnancesurvey.co.uk/ontology/admingeo/UnitaryAuthority,Scotland,http://data.ordnancesurvey.co.uk/id/7000000000041429,Scotland,http://data.ordnancesurvey.co.uk/id/country/scotland,,,
osgb4000000074722137,http://data.ordnancesurvey.co.uk/id/4000000074722137,Coire Fionnarach,,,,landform,Valley,216079,844133,9000,800000,215739,843504,216419,844822,IV4,http://data.ordnancesurvey.co.uk/id/postcodedistrict/IV4,,,,,,,Highland,http://data.ordnancesurvey.co.uk/id/7000000000186625,http://data.ordnancesurvey.co.uk/ontology/admingeo/UnitaryAuthority,Scotland,http://data.ordnancesurvey.co.uk/id/7000000000041429,Scotland,http://data.ordnancesurvey.co.uk/id/country/scotland,,,
osgb4000000074608035,http://data.ordnancesurvey.co.uk/id/4000000074608035,Creag na Gaoithe,,,,landform,Hill Or Mountain,212130,842369,1000,300000,211880,842119,212380,842619,IV4,http://data.ordnancesurvey.co.uk/id/postcodedistrict/IV4,,,,,,,Highland,http://data.ordnancesurvey.co.uk/id/7000000000186625,http://data.ordnancesurvey.co.uk/ontology/admingeo/UnitaryAuthority,Scotland,http://data.ordnancesurvey.co.uk/id/7000000000041429,Scotland,http://data.ordnancesurvey.co.uk/id/country/scotland,,,
osgb4000000074603842,http://data.ordnancesurvey.co.uk/id/4000000074603842,Coille Bhàn,,,,landform,Hill Or Mountain,206087,852187,1000,300000,205837,851937,206337,852437,IV22,http://data.ordnancesurvey.co.uk/id/postcodedistrict/IV22,,,,,,,Highland,http://data.ordnancesurvey.co.uk/id/7000000000186625,http://data.ordnancesurvey.co.uk/ontology/admingeo/UnitaryAuthority,Scotland,http://data.ordnancesurvey.co.uk/id/7000000000041429,Scotland,http://data.ordnancesurvey.co.uk/id/country/scotland,,,
osgb4000000074810385,http://data.ordnancesurvey.co.uk/id/4000000074810385,Creag na h-Iolaire,,,,landform,Hill Or Mountain,218598,842070,1000,300000,218348,841820,218848,842320,IV4,http://data.ordnancesurvey.co.uk/id/postcodedistrict/IV4,,,,,,,Highland,http://data.ordnancesurvey.co.uk/id/7000000000186625,http://data.ordnancesurvey.co.uk/ontology/admingeo/UnitaryAuthority,Scotland,http://data.ordnancesurvey.co.uk/id/7000000000041429,Scotland,http://data.ordnancesurvey.co.uk/id/country/scotland,,,
osgb4000000074607610,http://data.ordnancesurvey.co.uk/id/4000000074607610,Maoile Lunndaidh,,,,landform,Hill Or Mountain,213506,845853,1000,300000,213256,845603,213756,846103,IV4,http://data.ordnancesurvey.co.uk/id/postcodedistrict/IV4,,,,,,,Highland,http://data.ordnancesurvey.co.uk/id/7000000000186625,http://data.ordnancesurvey.co.uk/ontology/admingeo/UnitaryAuthority,Scotland,http://data.ordnancesurvey.co.uk/id/7000000000041429,Scotland,http://data.ordnancesurvey.co.uk/id/country/scotland,,,
osgb4000000074603838,http://data.ordnancesurvey.co.uk/id/4000000074603838,Cnoc na Moine,,,,landform,Hill Or Mountain,211815,851747,1000,300000,211565,851497,212065,851997,IV22,http://data.ordnancesurvey.co.uk/id/postcodedistrict/IV22,,,,,,,Highland,http://data.ordnancesurvey.co.uk/id/7000000000186625,http://data.ordnancesurvey.co.uk/ontology/admingeo/UnitaryAuthority,Scotland,http://data.ordnancesurvey.co.uk/id/7000000000041429,Scotland,http://data.ordnancesurvey.co.uk/id/country/scotland,,,
osgb4000000074722530,http://data.ordnancesurvey.co.uk/id/4000000074722530,Coire Leiridh,,,,landform,Cirque Or Hollow,201930,846140,5000,30000,201562,845776,202311,846504,IV54,http://data.ordnancesurvey.co.uk/id/postcodedistrict/IV54,,,,,,,Highland,http://data.ordnancesurvey.co.uk/id/7000000000186625,http://data.ordnancesurvey.co.uk/ontology/admingeo/UnitaryAuthority,Scotland,http://data.ordnancesurvey.co.uk/id/7000000000041429,Scotland,http://data.ordnancesurvey.co.uk/id/country/scotland,,,
osgb4000000074817934,http://data.ordnancesurvey.co.uk/id/4000000074817934,Allt Creagan nam Gobhar,,,,hydrography,Inland Water,218451,849875,1000,35000,218201,849625,218701,850125,IV22,http://data.ordnancesurvey.co.uk/id/postcodedistrict/IV22,,,,,,,Highland,http://data.ordnancesurvey.co.uk/id/7000000000186625,http://data.ordnancesurvey.co.uk/ontology/admingeo/UnitaryAuthority,Scotland,http://data.ordnancesurvey.co.uk/id/7000000000041429,Scotland,http://data.ordnancesurvey.co.uk/id/country/scotland,,,
osgb4000000074608457,http://data.ordnancesurvey.co.uk/id/4000000074608457,Moruisg,,,,landform,Hill Or Mountain,210113,849943,1000,300000,209863,849693,210363,850193,IV22,http://data.ordnancesurvey.co.uk/id/postcodedistrict/IV22,,,,,,,Highland,http://data.ordnancesurvey.co.uk/id/7000000000186625,http://data.ordnancesurvey.co.uk/ontology/admingeo/UnitaryAuthority,Scotland,http://data.ordnancesurvey.co.uk/id/7000000000041429,Scotland,http://data.ordnancesurvey.co.uk/id/country/scotland,,,
osgb4000000074717584,http://data.ordnancesurvey.co.uk/id/4000000074717584,Coire Dubh,,,,landform,Cirque Or Hollow,206950,857032,4000,30000,206649,856753,207236,857311,IV22,http://data.ordnancesurvey.co.uk/id/postcodedistrict/IV22,,,,,,,Highland,http://data.ordnancesurvey.co.uk/id/7000000000186625,http://data.ordnancesurvey.co.uk/ontology/admingeo/UnitaryAuthority,Scotland,http://data.ordnancesurvey.co.uk/id/7000000000041429,Scotland,http://data.ordnancesurvey.co.uk/id/country/scotland,,,
osgb4000000074810075,http://data.ordnancesurvey.co.uk/id/4000000074810075,Lùb na Cloiche,,,,hydrography,Inland Water,206980,857674,1000,35000,206731,857495,207231,857995,IV22,http://data.ordnancesurvey.co.uk/id/postcodedistrict/IV22,,,,,,,Highland,http://data.ordnancesurvey.co.uk/id/7000000000186625,http://data.ordnancesurvey.co.uk/ontology/admingeo/UnitaryAuthority,Scotland,http://data.ordnancesurvey.co.uk/id/7000000000041429,Scotland,http://data.ordnancesurvey.co.uk/id/country/scotland,,,
osgb4000000074801880,http://data.ordnancesurvey.co.uk/id/4000000074801880,Loch Coireag nam Mang,,,,hydrography,Inland Water,211982,850260,2000,500000,211732,850020,212232,850520,IV22,http://data.ordnancesurvey.co.uk/id/postcodedistrict/IV22,,,,,,,Highland,http://data.ordnancesurvey.co.uk/id/7000000000186625,http://data.ordnancesurvey.co.uk/ontology/admingeo/UnitaryAuthority,Scotland,http://data.ordnancesurvey.co.uk/id/7000000000041429,Scotland,http://data.ordnancesurvey.co.uk/id/country/scotland,,,
osgb4000000074800709,http://data.ordnancesurvey.co.uk/id/4000000074800709,Loch a' Chroisg,,,,hydrography,Inland Water,212231,858285,35000,500000,209496,857806,214906,858764,IV22,http://data.ordnancesurvey.co.uk/id/postcodedistrict/IV22,,,,,,,Highland,http://data.ordnancesurvey.co.uk/id/7000000000186625,http://data.ordnancesurvey.co.uk/ontology/admingeo/UnitaryAuthority,Scotland,http://data.ordnancesurvey.co.uk/id/7000000000041429,Scotland,http://data.ordnancesurvey.co.uk/id/country/scotland,,,
osgb4000000074726371,http://data.ordnancesurvey.co.uk/id/4000000074726371,Coire Beithe,,,,landform,Valley,211355,848847,4000,800000,211014,848577,211694,849117,IV4,http://data.ordnancesurvey.co.uk/id/postcodedistrict/IV4,,,,,,,Highland,http://data.ordnancesurvey.co.uk/id/7000000000186625,http://data.ordnancesurvey.co.uk/ontology/admingeo/UnitaryAuthority,Scotland,http://data.ordnancesurvey.co.uk/id/7000000000041429,Scotland,http://data.ordnancesurvey.co.uk/id/country/scotland,,,
osgb4000000074731613,http://data.ordnancesurvey.co.uk/id/4000000074731613,Achnashellach Forest,,,,landcover,Other Landcover,202789,848537,65000,1300000,197769,843720,207809,853364,IV54,http://data.ordnancesurvey.co.uk/id/postcodedistrict/IV54,,,,,,,Highland,http://data.ordnancesurvey.co.uk/id/7000000000186625,http://data.ordnancesurvey.co.uk/ontology/admingeo/UnitaryAuthority,Scotland,http://data.ordnancesurvey.co.uk/id/7000000000041429,Scotland,http://data.ordnancesurvey.co.uk/id/country/scotland,,,
osgb4000000074800710,http://data.ordnancesurvey.co.uk/id/4000000074800710,Loch Crann,,,,hydrography,Inland Water,208999,857699,2000,500000,208762,857449,209262,857949,IV22,http://data.ordnancesurvey.co.uk/id/postcodedistrict/IV22,,,,,,,Highland,http://data.ordnancesurvey.co.uk/id/7000000000186625,http://data.ordnancesurvey.co.uk/ontology/admingeo/UnitaryAuthority,Scotland,http://data.ordnancesurvey.co.uk/id/7000000000041429,Scotland,http://data.ordnancesurvey.co.uk/id/country/scotland,,,
osgb4000000074604677,http://data.ordnancesurvey.co.uk/id/4000000074604677,Creag na Rianaich,,,,landform,Hill Or Mountain,200902,857220,1000,300000,200652,856970,201152,857470,IV22,http://data.ordnancesurvey.co.uk/id/postcodedistrict/IV22,,,,,,,Highland,http://data.ordnancesurvey.co.uk/id/7000000000186625,http://data.ordnancesurvey.co.uk/ontology/admingeo/UnitaryAuthority,Scotland,http://data.ordnancesurvey.co.uk/id/7000000000041429,Scotland,http://data.ordnancesurvey.co.uk/id/country/scotland,,,
osgb4000000074608036,http://data.ordnancesurvey.co.uk/id/4000000074608036,Meall a' Chreagain Duibh,,,,landform,Hill Or Mountain,211673,842767,1000,300000,211423,842517,211923,843017,IV4,http://data.ordnancesurvey.co.uk/id/postcodedistrict/IV4,,,,,,,Highland,http://data.ordnancesurvey.co.uk/id/7000000000186625,http://data.ordnancesurvey.co.uk/ontology/admingeo/UnitaryAuthority,Scotland,http://data.ordnancesurvey.co.uk/id/7000000000041429,Scotland,http://data.ordnancesurvey.co.uk/id/country/scotland,,,
osgb4000000074717938,http://data.ordnancesurvey.co.uk/id/4000000074717938,Coire Domhain,,,,landform,Valley,219810,843623,14000,800000,218992,842383,220628,844502,IV4,http://data.ordnancesurvey.co.uk/id/postcodedistrict/IV4,,,,,,,Highland,http://data.ordnancesurvey.co.uk/id/7000000000186625,http://data.ordnancesurvey.co.uk/ontology/admingeo/UnitaryAuthority,Scotland,http://data.ordnancesurvey.co.uk/id/7000000000041429,Scotland,http://data.ordnancesurvey.co.uk/id/country/scotland,,,
osgb4000000074608455,http://data.ordnancesurvey.co.uk/id/4000000074608455,Bidean an Eòin Deirg,,,,landform,Hill Or Mountain,210361,844324,1000,300000,210111,844074,210611,844574,IV4,http://data.ordnancesurvey.co.uk/id/postcodedistrict/IV4,,,,,,,Highland,http://data.ordnancesurvey.co.uk/id/7000000000186625,http://data.ordnancesurvey.co.uk/ontology/admingeo/UnitaryAuthority,Scotland,http://data.ordnancesurvey.co.uk/id/7000000000041429,Scotland,http://data.ordnancesurvey.co.uk/id/country/scotland,,,
osgb4000000074722148,http://data.ordnancesurvey.co.uk/id/4000000074722148,Coire na Glas-lic,,,,landform,Cirque Or Hollow,210730,850929,5000,30000,210368,850643,211077,851215,IV22,http://data.ordnancesurvey.co.uk/id/postcodedistrict/IV22,,,,,,,Highland,http://data.ordnancesurvey.co.uk/id/7000000000186625,http://data.ordnancesurvey.co.uk/ontology/admingeo/UnitaryAuthority,Scotland,http://data.ordnancesurvey.co.uk/id/7000000000041429,Scotland,http://data.ordnancesurvey.co.uk/id/country/scotland,,,
osgb4000000074633397,http://data.ordnancesurvey.co.uk/id/4000000074633397,Achnasheen Plantation,,,,landcover,Woodland Or Forest,217174,859361,9000,400000,216165,858963,217624,859759,IV22,http://data.ordnancesurvey.co.uk/id/postcodedistrict/IV22,,,,,,,Highland,http://data.ordnancesurvey.co.uk/id/7000000000186625,http://data.ordnancesurvey.co.uk/ontology/admingeo/UnitaryAuthority,Scotland,http://data.ordnancesurvey.co.uk/id/7000000000041429,Scotland,http://data.ordnancesurvey.co.uk/id/country/scotland,,,
osgb4000000074608451,http://data.ordnancesurvey.co.uk/id/4000000074608451,Sàil Riabhach,,,,landform,Hill Or Mountain,203754,840469,1000,300000,203504,840219,204004,840719,IV54,http://data.ordnancesurvey.co.uk/id/postcodedistrict/IV54,,,,,,,Highland,http://data.ordnancesurvey.co.uk/id/7000000000186625,http://data.ordnancesurvey.co.uk/ontology/admingeo/UnitaryAuthority,Scotland,http://data.ordnancesurvey.co.uk/id/7000000000041429,Scotland,http://data.ordnancesurvey.co.uk/id/country/scotland,,,
osgb4000000074607611,http://data.ordnancesurvey.co.uk/id/4000000074607611,Creag Dhubh Bheag,,,,landform,Hill Or Mountain,215701,847376,1000,300000,215451,847126,215951,847626,IV4,http://data.ordnancesurvey.co.uk/id/postcodedistrict/IV4,,,,,,,Highland,http://data.ordnancesurvey.co.uk/id/7000000000186625,http://data.ordnancesurvey.co.uk/ontology/admingeo/UnitaryAuthority,Scotland,http://data.ordnancesurvey.co.uk/id/7000000000041429,Scotland,http://data.ordnancesurvey.co.uk/id/country/scotland,,,
osgb4000000074722192,http://data.ordnancesurvey.co.uk/id/4000000074722192,Coire a' Charra,,,,landform,Valley,208375,840183,6000,800000,207913,839874,208850,840493,IV4,http://data.ordnancesurvey.co.uk/id/postcodedistrict/IV4,,,,,,,Highland,http://data.ordnancesurvey.co.uk/id/7000000000186625,http://data.ordnancesurvey.co.uk/ontology/admingeo/UnitaryAuthority,Scotland,http://data.ordnancesurvey.co.uk/id/7000000000041429,Scotland,http://data.ordnancesurvey.co.uk/id/country/scotland,,,
osgb4000000074608883,http://data.ordnancesurvey.co.uk/id/4000000074608883,Creag Sgiathan,,,,landform,Hill Or Mountain,216878,850884,1000,300000,216628,850634,217128,851134,IV22,http://data.ordnancesurvey.co.uk/id/postcodedistrict/IV22,,,,,,,Highland,http://data.ordnancesurvey.co.uk/id/7000000000186625,http://data.ordnancesurvey.co.uk/ontology/admingeo/UnitaryAuthority,Scotland,http://data.ordnancesurvey.co.uk/id/7000000000041429,Scotland,http://data.ordnancesurvey.co.uk/id/country/scotland,,,
osgb4000000074722241,http://data.ordnancesurvey.co.uk/id/4000000074722241,Coire Crubaidh,,,,landform,Valley,205678,853001,13000,800000,204707,852038,206650,853581,IV22,http://data.ordnancesurvey.co.uk/id/postcodedistrict/IV22,,,,,,,Highland,http://data.ordnancesurvey.co.uk/id/7000000000186625,http://data.ordnancesurvey.co.uk/ontology/admingeo/UnitaryAuthority,Scotland,http://data.ordnancesurvey.co.uk/id/7000000000041429,Scotland,http://data.ordnancesurvey.co.uk/id/country/scotland,,,
osgb4000000074781179,http://data.ordnancesurvey.co.uk/id/4000000074781179,Carn Mòr,,,,landform,Hill Or Mountain,202761,845911,1000,300000,202511,845661,203011,846161,IV54,http://data.ordnancesurvey.co.uk/id/postcodedistrict/IV54,,,,,,,Highland,http://data.ordnancesurvey.co.uk/id/7000000000186625,http://data.ordnancesurvey.co.uk/ontology/admingeo/UnitaryAuthority,Scotland,http://data.ordnancesurvey.co.uk/id/7000000000041429,Scotland,http://data.ordnancesurvey.co.uk/id/country/scotland,,,
osgb4000000074608453,http://data.ordnancesurvey.co.uk/id/4000000074608453,Bidein a' Choire Sheasgaich,,,,landform,Hill Or Mountain,204912,841262,1000,300000,204662,841012,205162,841512,IV4,http://data.ordnancesurvey.co.uk/id/postcodedistrict/IV4,,,,,,,Highland,http://data.ordnancesurvey.co.uk/id/7000000000186625,http://data.ordnancesurvey.co.uk/ontology/admingeo/UnitaryAuthority,Scotland,http://data.ordnancesurvey.co.uk/id/7000000000041429,Scotland,http://data.ordnancesurvey.co.uk/id/country/scotland,,,
osgb4000000074800707,http://data.ordnancesurvey.co.uk/id/4000000074800707,Loch nam Breac Mèith,,,,hydrography,Inland Water,206607,855364,1000,500000,206358,855113,206858,855613,IV22,http://data.ordnancesurvey.co.uk/id/postcodedistrict/IV22,,,,,,,Highland,http://data.ordnancesurvey.co.uk/id/7000000000186625,http://data.ordnancesurvey.co.uk/ontology/admingeo/UnitaryAuthority,Scotland,http://data.ordnancesurvey.co.uk/id/7000000000041429,Scotland,http://data.ordnancesurvey.co.uk/id/country/scotland,,,
osgb4000000074777284,http://data.ordnancesurvey.co.uk/id/4000000074777284,Glac Bhàn,,,,landform,Valley,218124,842274,4000,800000,217804,842024,218479,842524,IV4,http://data.ordnancesurvey.co.uk/id/postcodedistrict/IV4,,,,,,,Highland,http://data.ordnancesurvey.co.uk/id/7000000000186625,http://data.ordnancesurvey.co.uk/ontology/admingeo/UnitaryAuthority,Scotland,http://data.ordnancesurvey.co.uk/id/7000000000041429,Scotland,http://data.ordnancesurvey.co.uk/id/country/scotland,,,
osgb4000000074607186,http://data.ordnancesurvey.co.uk/id/4000000074607186,Meall Innis na Sìne,,,,landform,Hill Or Mountain,218857,848265,1000,300000,218607,848015,219107,848515,IV22,http://data.ordnancesurvey.co.uk/id/postcodedistrict/IV22,,,,,,,Highland,http://data.ordnancesurvey.co.uk/id/7000000000186625,http://data.ordnancesurvey.co.uk/ontology/admingeo/UnitaryAuthority,Scotland,http://data.ordnancesurvey.co.uk/id/7000000000041429,Scotland,http://data.ordnancesurvey.co.uk/id/country/scotland,,,
osgb4000000074801596,http://data.ordnancesurvey.co.uk/id/4000000074801596,Loch nam Breac Dearga,,,,hydrography,Inland Water,214570,845750,1000,500000,214336,845500,214836,846000,IV4,http://data.ordnancesurvey.co.uk/id/postcodedistrict/IV4,,,,,,,Highland,http://data.ordnancesurvey.co.uk/id/7000000000186625,http://data.ordnancesurvey.co.uk/ontology/admingeo/UnitaryAuthority,Scotland,http://data.ordnancesurvey.co.uk/id/7000000000041429,Scotland,http://data.ordnancesurvey.co.uk/id/country/scotland,,,
osgb4000000074606769,http://data.ordnancesurvey.co.uk/id/4000000074606769,Torran nan Coisichean,,,,landform,Hill Or Mountain,213926,842524,1000,300000,213676,842274,214176,842774,IV4,http://data.ordnancesurvey.co.uk/id/postcodedistrict/IV4,,,,,,,Highland,http://data.ordnancesurvey.co.uk/id/7000000000186625,http://data.ordnancesurvey.co.uk/ontology/admingeo/UnitaryAuthority,Scotland,http://data.ordnancesurvey.co.uk/id/7000000000041429,Scotland,http://data.ordnancesurvey.co.uk/id/country/scotland,,,
osgb4000000074800168,http://data.ordnancesurvey.co.uk/id/4000000074800168,Loch nan Gobhar,,,,hydrography,Inland Water,201510,845275,1000,500000,201252,845025,201752,845525,IV54,http://data.ordnancesurvey.co.uk/id/postcodedistrict/IV54,,,,,,,Highland,http://data.ordnancesurvey.co.uk/id/7000000000186625,http://data.ordnancesurvey.co.uk/ontology/admingeo/UnitaryAuthority,Scotland,http://data.ordnancesurvey.co.uk/id/7000000000041429,Scotland,http://data.ordnancesurvey.co.uk/id/country/scotland,,,
osgb4000000074603418,http://data.ordnancesurvey.co.uk/id/4000000074603418,Aonach Dubh,,,,landform,Hill Or Mountain,213649,859797,1000,300000,213399,859547,213899,860047,IV22,http://data.ordnancesurvey.co.uk/id/postcodedistrict/IV22,,,,,,,Highland,http://data.ordnancesurvey.co.uk/id/7000000000186625,http://data.ordnancesurvey.co.uk/ontology/admingeo/UnitaryAuthority,Scotland,http://data.ordnancesurvey.co.uk/id/7000000000041429,Scotland,http://data.ordnancesurvey.co.uk/id/country/scotland,,,
osgb4000000074608870,http://data.ordnancesurvey.co.uk/id/4000000074608870,Meall an Fhliuchaird,,,,landform,Hill Or Mountain,206771,849543,1000,300000,206521,849293,207021,849793,IV54,http://data.ordnancesurvey.co.uk/id/postcodedistrict/IV54,,,,,,,Highland,http://data.ordnancesurvey.co.uk/id/7000000000186625,http://data.ordnancesurvey.co.uk/ontology/admingeo/UnitaryAuthority,Scotland,http://data.ordnancesurvey.co.uk/id/7000000000041429,Scotland,http://data.ordnancesurvey.co.uk/id/country/scotland,,,
osgb4000000074716585,http://data.ordnancesurvey.co.uk/id/4000000074716585,Coire Dubh,,,,landform,Cirque Or Hollow,205529,847476,5000,30000,205165,847226,205883,847726,IV54,http://data.ordnancesurvey.co.uk/id/postcodedistrict/IV54,,,,,,,Highland,http://data.ordnancesurvey.co.uk/id/7000000000186625,http://data.ordnancesurvey.co.uk/ontology/admingeo/UnitaryAuthority,Scotland,http://data.ordnancesurvey.co.uk/id/7000000000041429,Scotland,http://data.ordnancesurvey.co.uk/id/country/scotland,,,
osgb4000000074800476,http://data.ordnancesurvey.co.uk/id/4000000074800476,Lochan Sgeireach,,,,hydrography,Inland Water,209402,855077,2000,500000,209152,854822,209652,855322,IV22,http://data.ordnancesurvey.co.uk/id/postcodedistrict/IV22,,,,,,,Highland,http://data.ordnancesurvey.co.uk/id/7000000000186625,http://data.ordnancesurvey.co.uk/ontology/admingeo/UnitaryAuthority,Scotland,http://data.ordnancesurvey.co.uk/id/7000000000041429,Scotland,http://data.ordnancesurvey.co.uk/id/country/scotland,,,
osgb4000000074722414,http://data.ordnancesurvey.co.uk/id/4000000074722414,Coire-Beithe,,,,landform,Cirque Or Hollow,211537,848038,3000,30000,211286,847788,211786,848288,IV4,http://data.ordnancesurvey.co.uk/id/postcodedistrict/IV4,,,,,,,Highland,http://data.ordnancesurvey.co.uk/id/7000000000186625,http://data.ordnancesurvey.co.uk/ontology/admingeo/UnitaryAuthority,Scotland,http://data.ordnancesurvey.co.uk/id/7000000000041429,Scotland,http://data.ordnancesurvey.co.uk/id/country/scotland,,,
osgb4000000074722282,http://data.ordnancesurvey.co.uk/id/4000000074722282,Srath Mòr,,,,landform,Valley,209591,841892,26000,800000,207535,841374,211504,842411,IV4,http://data.ordnancesurvey.co.uk/id/postcodedistrict/IV4,,,,,,,Highland,http://data.ordnancesurvey.co.uk/id/7000000000186625,http://data.ordnancesurvey.co.uk/ontology/admingeo/UnitaryAuthority,Scotland,http://data.ordnancesurvey.co.uk/id/7000000000041429,Scotland,http://data.ordnancesurvey.co.uk/id/country/scotland,,,
osgb4000000074608032,http://data.ordnancesurvey.co.uk/id/4000000074608032,Creag Dhubh Mhòr,,,,landform,Hill Or Mountain,213978,847348,1000,300000,213728,847098,214228,847598,IV4,http://data.ordnancesurvey.co.uk/id/postcodedistrict/IV4,,,,,,,Highland,http://data.ordnancesurvey.co.uk/id/7000000000186625,http://data.ordnancesurvey.co.uk/ontology/admingeo/UnitaryAuthority,Scotland,http://data.ordnancesurvey.co.uk/id/7000000000041429,Scotland,http://data.ordnancesurvey.co.uk/id/country/scotland,,,
osgb4000000074598769,http://data.ordnancesurvey.co.uk/id/4000000074598769,Coire Beithe,,,,landform,Cirque Or Hollow,204714,843554,4000,30000,204378,843242,205053,843866,IV54,http://data.ordnancesurvey.co.uk/id/postcodedistrict/IV54,,,,,,,Highland,http://data.ordnancesurvey.co.uk/id/7000000000186625,http://data.ordnancesurvey.co.uk/ontology/admingeo/UnitaryAuthority,Scotland,http://data.ordnancesurvey.co.uk/id/7000000000041429,Scotland,http://data.ordnancesurvey.co.uk/id/country/scotland,,,
osgb4000000074604259,http://data.ordnancesurvey.co.uk/id/4000000074604259,Meall an Leathaid Mhòir,,,,landform,Hill Or Mountain,200131,854637,1000,300000,199881,854387,200381,854887,IV22,http://data.ordnancesurvey.co.uk/id/postcodedistrict/IV22,,,,,,,Highland,http://data.ordnancesurvey.co.uk/id/7000000000186625,http://data.ordnancesurvey.co.uk/ontology/admingeo/UnitaryAuthority,Scotland,http://data.ordnancesurvey.co.uk/id/7000000000041429,Scotland,http://data.ordnancesurvey.co.uk/id/country/scotland,,,
osgb4000000074603839,http://data.ordnancesurvey.co.uk/id/4000000074603839,Carn Beag,,,,landform,Hill Or Mountain,210802,855548,1000,300000,210552,855298,211052,855798,IV22,http://data.ordnancesurvey.co.uk/id/postcodedistrict/IV22,,,,,,,Highland,http://data.ordnancesurvey.co.uk/id/7000000000186625,http://data.ordnancesurvey.co.uk/ontology/admingeo/UnitaryAuthority,Scotland,http://data.ordnancesurvey.co.uk/id/7000000000041429,Scotland,http://data.ordnancesurvey.co.uk/id/country/scotland,,,
osgb4000000074722368,http://data.ordnancesurvey.co.uk/id/4000000074722368,Coire an Lochain Ghaineamhaich,,,,landform,Cirque Or Hollow,209199,845153,3000,30000,208949,844903,209449,845403,IV4,http://data.ordnancesurvey.co.uk/id/postcodedistrict/IV4,,,,,,,Highland,http://data.ordnancesurvey.co.uk/id/7000000000186625,http://data.ordnancesurvey.co.uk/ontology/admingeo/UnitaryAuthority,Scotland,http://data.ordnancesurvey.co.uk/id/7000000000041429,Scotland,http://data.ordnancesurvey.co.uk/id/country/scotland,,,
osgb4000000074726379,http://data.ordnancesurvey.co.uk/id/4000000074726379,Coire nan Laogh,,,,landform,Cirque Or Hollow,205620,859626,2000,30000,205353,859376,205853,859876,IV22,http://data.ordnancesurvey.co.uk/id/postcodedistrict/IV22,,,,,,,Highland,http://data.ordnancesurvey.co.uk/id/7000000000186625,http://data.ordnancesurvey.co.uk/ontology/admingeo/UnitaryAuthority,Scotland,http://data.ordnancesurvey.co.uk/id/7000000000041429,Scotland,http://data.ordnancesurvey.co.uk/id/country/scotland,,,
osgb4000000074722281,http://data.ordnancesurvey.co.uk/id/4000000074722281,Coire Doinn Mòr,,,,landform,Valley,209485,841125,3000,800000,209236,840875,209763,841375,IV4,http://data.ordnancesurvey.co.uk/id/postcodedistrict/IV4,,,,,,,Highland,http://data.ordnancesurvey.co.uk/id/7000000000186625,http://data.ordnancesurvey.co.uk/ontology/admingeo/UnitaryAuthority,Scotland,http://data.ordnancesurvey.co.uk/id/7000000000041429,Scotland,http://data.ordnancesurvey.co.uk/id/country/scotland,,,
osgb4000000074731614,http://data.ordnancesurvey.co.uk/id/4000000074731614,Coulin Forest,,,,landcover,Other Landcover,201331,855391,81000,1300000,195248,850666,207653,860116,IV22,http://data.ordnancesurvey.co.uk/id/postcodedistrict/IV22,,,,,,,Highland,http://data.ordnancesurvey.co.uk/id/7000000000186625,http://data.ordnancesurvey.co.uk/ontology/admingeo/UnitaryAuthority,Scotland,http://data.ordnancesurvey.co.uk/id/7000000000041429,Scotland,http://data.ordnancesurvey.co.uk/id/country/scotland,,,
osgb4000000074722191,http://data.ordnancesurvey.co.uk/id/4000000074722191,Coire Beithe Beag,,,,landform,Cirque Or Hollow,212895,849541,4000,30000,212537,849224,213225,849857,IV22,http://data.ordnancesurvey.co.uk/id/postcodedistrict/IV22,,,,,,,Highland,http://data.ordnancesurvey.co.uk/id/7000000000186625,http://data.ordnancesurvey.co.uk/ontology/admingeo/UnitaryAuthority,Scotland,http://data.ordnancesurvey.co.uk/id/7000000000041429,Scotland,http://data.ordnancesurvey.co.uk/id/country/scotland,,,
osgb4000000074648706,http://data.ordnancesurvey.co.uk/id/4000000074648706,Doire na Gairbhe,,,,landcover,Woodland Or Forest,201188,858422,3000,400000,200980,858172,201486,858672,IV22,http://data.ordnancesurvey.co.uk/id/postcodedistrict/IV22,,,,,,,Highland,http://data.ordnancesurvey.co.uk/id/7000000000186625,http://data.ordnancesurvey.co.uk/ontology/admingeo/UnitaryAuthority,Scotland,http://data.ordnancesurvey.co.uk/id/7000000000041429,Scotland,http://data.ordnancesurvey.co.uk/id/country/scotland,,,
osgb4000000074802019,http://data.ordnancesurvey.co.uk/id/4000000074802019,Fuaran a' Ghille,,,,hydrography,Inland Water,212586,854138,1000,500000,212330,853888,212830,854388,IV22,http://data.ordnancesurvey.co.uk/id/postcodedistrict/IV22,,,,,,,Highland,http://data.ordnancesurvey.co.uk/id/7000000000186625,http://data.ordnancesurvey.co.uk/ontology/admingeo/UnitaryAuthority,Scotland,http://data.ordnancesurvey.co.uk/id/7000000000041429,Scotland,http://data.ordnancesurvey.co.uk/id/country/scotland,,,
osgb4000000074608874,http://data.ordnancesurvey.co.uk/id/4000000074608874,Creag a' Chaorainn,,,,landform,Hill Or Mountain,200765,843753,1000,300000,200515,843503,201015,844003,IV54,http://data.ordnancesurvey.co.uk/id/postcodedistrict/IV54,,,,,,,Highland,http://data.ordnancesurvey.co.uk/id/7000000000186625,http://data.ordnancesurvey.co.uk/ontology/admingeo/UnitaryAuthority,Scotland,http://data.ordnancesurvey.co.uk/id/7000000000041429,Scotland,http://data.ordnancesurvey.co.uk/id/country/scotland,,,
osgb4000000074608873,http://data.ordnancesurvey.co.uk/id/4000000074608873,Eagan,,,,landform,Hill Or Mountain,201963,845053,1000,300000,201713,844803,202213,845303,IV54,http://data.ordnancesurvey.co.uk/id/postcodedistrict/IV54,,,,,,,Highland,http://data.ordnancesurvey.co.uk/id/7000000000186625,http://data.ordnancesurvey.co.uk/ontology/admingeo/UnitaryAuthority,Scotland,http://data.ordnancesurvey.co.uk/id/7000000000041429,Scotland,http://data.ordnancesurvey.co.uk/id/country/scotland,,,
osgb4000000074722327,http://data.ordnancesurvey.co.uk/id/4000000074722327,Coire Dearg Mòr,,,,landform,Cirque Or Hollow,210218,845119,6000,30000,209723,844869,210707,845369,IV4,http://data.ordnancesurvey.co.uk/id/postcodedistrict/IV4,,,,,,,Highland,http://data.ordnancesurvey.co.uk/id/7000000000186625,http://data.ordnancesurvey.co.uk/ontology/admingeo/UnitaryAuthority,Scotland,http://data.ordnancesurvey.co.uk/id/7000000000041429,Scotland,http://data.ordnancesurvey.co.uk/id/country/scotland,,,
osgb4000000074601089,http://data.ordnancesurvey.co.uk/id/4000000074601089,Carn Odhar,,,,landform,Hill Or Mountain,200648,849603,1000,300000,200398,849353,200898,849853,IV54,http://data.ordnancesurvey.co.uk/id/postcodedistrict/IV54,,,,,,,Highland,http://data.ordnancesurvey.co.uk/id/7000000000186625,http://data.ordnancesurvey.co.uk/ontology/admingeo/UnitaryAuthority,Scotland,http://data.ordnancesurvey.co.uk/id/7000000000041429,Scotland,http://data.ordnancesurvey.co.uk/id/country/scotland,,,
osgb4000000074801622,http://data.ordnancesurvey.co.uk/id/4000000074801622,Loch Carn Mhartuin,,,,hydrography,Inland Water,217888,854943,3000,500000,217600,854693,218100,855193,IV22,http://data.ordnancesurvey.co.uk/id/postcodedistrict/IV22,,,,,,,Highland,http://data.ordnancesurvey.co.uk/id/7000000000186625,http://data.ordnancesurvey.co.uk/ontology/admingeo/UnitaryAuthority,Scotland,http://data.ordnancesurvey.co.uk/id/7000000000041429,Scotland,http://data.ordnancesurvey.co.uk/id/country/scotland,,,
osgb4000000073303839,http://data.ordnancesurvey.co.uk/id/4000000073303839,Achnashellach,,,,transportNetwork,Railway Station,200294,848441,1000,50000,200044,848191,200544,848691,IV54,http://data.ordnancesurvey.co.uk/id/postcodedistrict/IV54,Achnashellach / Achadh na Seileach,http://data.ordnancesurvey.co.uk/id/4000000074813701,http://www.ordnancesurvey.co.uk/xml/codelists/localtype.xml#hamlet,,,,Highland,http://data.ordnancesurvey.co.uk/id/7000000000186625,http://data.ordnancesurvey.co.uk/ontology/admingeo/UnitaryAuthority,Scotland,http://data.ordnancesurvey.co.uk/id/7000000000041429,Scotland,http://data.ordnancesurvey.co.uk/id/country/scotland,,,
osgb4000000073308481,http://data.ordnancesurvey.co.uk/id/4000000073308481,Achnasheen,,Achadh na Sìne,,transportNetwork,Railway Station,216400,858523,1000,50000,216165,858273,216665,858773,IV22,http://data.ordnancesurvey.co.uk/id/postcodedistrict/IV22,Achadh na Sine / Achnasheen,http://data.ordnancesurvey.co.uk/id/4000000074543147,http://www.ordnancesurvey.co.uk/xml/codelists/localtype.xml#otherSettlement,,,,Highland,http://data.ordnancesurvey.co.uk/id/7000000000186625,http://data.ordnancesurvey.co.uk/ontology/admingeo/UnitaryAuthority,Scotland,http://data.ordnancesurvey.co.uk/id/7000000000041429,Scotland,http://data.ordnancesurvey.co.uk/id/country/scotland,,,
osgb4000000074722413,http://data.ordnancesurvey.co.uk/id/4000000074722413,Coire Leathad an Tobair,,,,landform,Valley,206444,845255,4000,800000,206136,844981,206800,845529,IV54,http://data.ordnancesurvey.co.uk/id/postcodedistrict/IV54,,,,,,,Highland,http://data.ordnancesurvey.co.uk/id/7000000000186625,http://data.ordnancesurvey.co.uk/ontology/admingeo/UnitaryAuthority,Scotland,http://data.ordnancesurvey.co.uk/id/7000000000041429,Scotland,http://data.ordnancesurvey.co.uk/id/country/scotland,,,
osgb4000000074604676,http://data.ordnancesurvey.co.uk/id/4000000074604676,Càrn Dhomhnuill Mhic a' Ghobha,,,,landform,Hill Or Mountain,202620,857027,1000,300000,202370,856777,202870,857277,IV22,http://data.ordnancesurvey.co.uk/id/postcodedistrict/IV22,,,,,,,Highland,http://data.ordnancesurvey.co.uk/id/7000000000186625,http://data.ordnancesurvey.co.uk/ontology/admingeo/UnitaryAuthority,Scotland,http://data.ordnancesurvey.co.uk/id/7000000000041429,Scotland,http://data.ordnancesurvey.co.uk/id/country/scotland,,,
osgb4000000074722283,http://data.ordnancesurvey.co.uk/id/4000000074722283,Coire Calavie,,,,landform,Cirque Or Hollow,204834,840123,3000,30000,204583,839873,205089,840373,IV4,http://data.ordnancesurvey.co.uk/id/postcodedistrict/IV4,,,,,,,Highland,http://data.ordnancesurvey.co.uk/id/7000000000186625,http://data.ordnancesurvey.co.uk/ontology/admingeo/UnitaryAuthority,Scotland,http://data.ordnancesurvey.co.uk/id/7000000000041429,Scotland,http://data.ordnancesurvey.co.uk/id/country/scotland,,,
osgb4000000074717096,http://data.ordnancesurvey.co.uk/id/4000000074717096,Coire an Uillt Dheirg,,,,landform,Cirque Or Hollow,204217,850636,6000,30000,203825,850232,204609,851083,IV54,http://data.ordnancesurvey.co.uk/id/postcodedistrict/IV54,,,,,,,Highland,http://data.ordnancesurvey.co.uk/id/7000000000186625,http://data.ordnancesurvey.co.uk/ontology/admingeo/UnitaryAuthority,Scotland,http://data.ordnancesurvey.co.uk/id/7000000000041429,Scotland,http://data.ordnancesurvey.co.uk/id/country/scotland,,,
osgb4000000074592023,http://data.ordnancesurvey.co.uk/id/4000000074592023,Creag an Dubh-Thuill,,,,landform,Hill Or Mountain,213075,843436,1000,300000,212825,843186,213325,843686,IV4,http://data.ordnancesurvey.co.uk/id/postcodedistrict/IV4,,,,,,,Highland,http://data.ordnancesurvey.co.uk/id/7000000000186625,http://data.ordnancesurvey.co.uk/ontology/admingeo/UnitaryAuthority,Scotland,http://data.ordnancesurvey.co.uk/id/7000000000041429,Scotland,http://data.ordnancesurvey.co.uk/id/country/scotland,,,
osgb4000000074652398,http://data.ordnancesurvey.co.uk/id/4000000074652398,Coille Innis na Sìne,,,,landcover,Woodland Or Forest,218331,849125,1000,400000,218086,848875,218586,849375,IV22,http://data.ordnancesurvey.co.uk/id/postcodedistrict/IV22,,,,,,,Highland,http://data.ordnancesurvey.co.uk/id/7000000000186625,http://data.ordnancesurvey.co.uk/ontology/admingeo/UnitaryAuthority,Scotland,http://data.ordnancesurvey.co.uk/id/7000000000041429,Scotland,http://data.ordnancesurvey.co.uk/id/country/scotland,,,
osgb4000000074722570,http://data.ordnancesurvey.co.uk/id/4000000074722570,Gleann Dubh,,,,landform,Valley,217601,842887,6000,800000,217351,842426,217851,843295,IV4,http://data.ordnancesurvey.co.uk/id/postcodedistrict/IV4,,,,,,,Highland,http://data.ordnancesurvey.co.uk/id/7000000000186625,http://data.ordnancesurvey.co.uk/ontology/admingeo/UnitaryAuthority,Scotland,http://data.ordnancesurvey.co.uk/id/7000000000041429,Scotland,http://data.ordnancesurvey.co.uk/id/country/scotland,,,
osgb4000000074601359,http://data.ordnancesurvey.co.uk/id/4000000074601359,Sgùrr a' Gharraidh,,,,landform,Hill Or Mountain,204029,849715,1000,300000,203779,849465,204279,849965,IV54,http://data.ordnancesurvey.co.uk/id/postcodedistrict/IV54,,,,,,,Highland,http://data.ordnancesurvey.co.uk/id/7000000000186625,http://data.ordnancesurvey.co.uk/ontology/admingeo/UnitaryAuthority,Scotland,http://data.ordnancesurvey.co.uk/id/7000000000041429,Scotland,http://data.ordnancesurvey.co.uk/id/country/scotland,,,
osgb4000000074801624,http://data.ordnancesurvey.co.uk/id/4000000074801624,Lochan Fèith an Leothaid,,,,hydrography,Inland Water,204387,859239,3000,500000,204137,858912,204637,859412,IV22,http://data.ordnancesurvey.co.uk/id/postcodedistrict/IV22,,,,,,,Highland,http://data.ordnancesurvey.co.uk/id/7000000000186625,http://data.ordnancesurvey.co.uk/ontology/admingeo/UnitaryAuthority,Scotland,http://data.ordnancesurvey.co.uk/id/7000000000041429,Scotland,http://data.ordnancesurvey.co.uk/id/country/scotland,,,
osgb4000000074601358,http://data.ordnancesurvey.co.uk/id/4000000074601358,Sgùrr nan Ceannaichean,,,,landform,Hill Or Mountain,208727,848054,1000,300000,208477,847804,208977,848304,IV54,http://data.ordnancesurvey.co.uk/id/postcodedistrict/IV54,,,,,,,Highland,http://data.ordnancesurvey.co.uk/id/7000000000186625,http://data.ordnancesurvey.co.uk/ontology/admingeo/UnitaryAuthority,Scotland,http://data.ordnancesurvey.co.uk/id/7000000000041429,Scotland,http://data.ordnancesurvey.co.uk/id/country/scotland,,,
osgb4000000074801623,http://data.ordnancesurvey.co.uk/id/4000000074801623,Lochan nan Doirb,,,,hydrography,Inland Water,204304,857628,2000,500000,204054,857352,204554,857852,IV22,http://data.ordnancesurvey.co.uk/id/postcodedistrict/IV22,,,,,,,Highland,http://data.ordnancesurvey.co.uk/id/7000000000186625,http://data.ordnancesurvey.co.uk/ontology/admingeo/UnitaryAuthority,Scotland,http://data.ordnancesurvey.co.uk/id/7000000000041429,Scotland,http://data.ordnancesurvey.co.uk/id/country/scotland,,,
osgb4000000074801329,http://data.ordnancesurvey.co.uk/id/4000000074801329,Loch Mhuilich,,,,hydrography,Inland Water,212517,843062,5000,500000,212259,842681,212775,843378,IV4,http://data.ordnancesurvey.co.uk/id/postcodedistrict/IV4,,,,,,,Highland,http://data.ordnancesurvey.co.uk/id/7000000000186625,http://data.ordnancesurvey.co.uk/ontology/admingeo/UnitaryAuthority,Scotland,http://data.ordnancesurvey.co.uk/id/7000000000041429,Scotland,http://data.ordnancesurvey.co.uk/id/country/scotland,,,
IV222EQ,http://data.ordnancesurvey.co.uk/id/postcodeunit/IV222EQ,IV22 2EQ,,,,other,Postcode,214806,858544,3500,18000,,,,,,,Achadh na Sine / Achnasheen,http://data.ordnancesurvey.co.uk/id/4000000074543147,http://www.ordnancesurvey.co.uk/xml/codelists/localtype.xml#otherSettlement,,,,Highland,http://data.ordnancesurvey.co.uk/id/7000000000186625,http://data.ordnancesurvey.co.uk/ontology/admingeo/UnitaryAuthority,Scotland,http://data.ordnancesurvey.co.uk/id/7000000000041429,Scotland,http://data.ordnancesurvey.co.uk/id/country/scotland,,,
osgb4000000073531254,http://data.ordnancesurvey.co.uk/id/4000000073531254,Glencarron Halt,,,,transportNetwork,Railway Station,206277,850789,1000,50000,206027,850539,206527,851039,IV54,http://data.ordnancesurvey.co.uk/id/postcodedistrict/IV54,,,,,,,Highland,http://data.ordnancesurvey.co.uk/id/7000000000186625,http://data.ordnancesurvey.co.uk/ontology/admingeo/UnitaryAuthority,Scotland,http://data.ordnancesurvey.co.uk/id/7000000000041429,Scotland,http://data.ordnancesurvey.co.uk/id/country/scotland,,,
