﻿osgb4000000074569592,http://data.ordnancesurvey.co.uk/id/4000000074569592,West Hynish,,,,populatedPlace,Other Settlement,96040,739758,15000,25000,95672,738981,96469,739978,PA77,http://data.ordnancesurvey.co.uk/id/postcodedistrict/PA77,,,,,,,Argyll and Bute,http://data.ordnancesurvey.co.uk/id/7000000000186632,http://data.ordnancesurvey.co.uk/ontology/admingeo/UnitaryAuthority,Scotland,http://data.ordnancesurvey.co.uk/id/7000000000041429,Scotland,http://data.ordnancesurvey.co.uk/id/country/scotland,,,
osgb4000000074569254,http://data.ordnancesurvey.co.uk/id/4000000074569254,Hynish,,,,populatedPlace,Hamlet,98533,739329,5000,25000,97934,738807,98613,739347,PA77,http://data.ordnancesurvey.co.uk/id/postcodedistrict/PA77,,,,,,,Argyll and Bute,http://data.ordnancesurvey.co.uk/id/7000000000186632,http://data.ordnancesurvey.co.uk/ontology/admingeo/UnitaryAuthority,Scotland,http://data.ordnancesurvey.co.uk/id/7000000000041429,Scotland,http://data.ordnancesurvey.co.uk/id/country/scotland,,,http://sws.geonames.org/2646321
PA776UG,http://data.ordnancesurvey.co.uk/id/postcodeunit/PA776UG,PA77 6UG,,,,other,Postcode,98570,739252,3500,18000,,,,,,,Hynish,http://data.ordnancesurvey.co.uk/id/4000000074569254,http://www.ordnancesurvey.co.uk/xml/codelists/localtype.xml#hamlet,,,,Argyll and Bute,http://data.ordnancesurvey.co.uk/id/7000000000186632,http://data.ordnancesurvey.co.uk/ontology/admingeo/UnitaryAuthority,Scotland,http://data.ordnancesurvey.co.uk/id/7000000000041429,Scotland,http://data.ordnancesurvey.co.uk/id/country/scotland,,,
PA776UD,http://data.ordnancesurvey.co.uk/id/postcodeunit/PA776UD,PA77 6UD,,,,other,Postcode,98275,739094,3500,18000,,,,,,,Hynish,http://data.ordnancesurvey.co.uk/id/4000000074569254,http://www.ordnancesurvey.co.uk/xml/codelists/localtype.xml#hamlet,,,,Argyll and Bute,http://data.ordnancesurvey.co.uk/id/7000000000186632,http://data.ordnancesurvey.co.uk/ontology/admingeo/UnitaryAuthority,Scotland,http://data.ordnancesurvey.co.uk/id/7000000000041429,Scotland,http://data.ordnancesurvey.co.uk/id/country/scotland,,,
PA776UQ,http://data.ordnancesurvey.co.uk/id/postcodeunit/PA776UQ,PA77 6UQ,,,,other,Postcode,98502,739161,3500,18000,,,,,,,Hynish,http://data.ordnancesurvey.co.uk/id/4000000074569254,http://www.ordnancesurvey.co.uk/xml/codelists/localtype.xml#hamlet,,,,Argyll and Bute,http://data.ordnancesurvey.co.uk/id/7000000000186632,http://data.ordnancesurvey.co.uk/ontology/admingeo/UnitaryAuthority,Scotland,http://data.ordnancesurvey.co.uk/id/7000000000041429,Scotland,http://data.ordnancesurvey.co.uk/id/country/scotland,,,
PA776UF,http://data.ordnancesurvey.co.uk/id/postcodeunit/PA776UF,PA77 6UF,,,,other,Postcode,96035,739710,3500,18000,,,,,,,West Hynish,http://data.ordnancesurvey.co.uk/id/4000000074569592,http://www.ordnancesurvey.co.uk/xml/codelists/localtype.xml#otherSettlement,,,,Argyll and Bute,http://data.ordnancesurvey.co.uk/id/7000000000186632,http://data.ordnancesurvey.co.uk/ontology/admingeo/UnitaryAuthority,Scotland,http://data.ordnancesurvey.co.uk/id/7000000000041429,Scotland,http://data.ordnancesurvey.co.uk/id/country/scotland,,,
osgb4000000074757374,http://data.ordnancesurvey.co.uk/id/4000000074757374,Rumidil,,,,landform,Other Coastal Landform,97158,738529,1000,50000,96908,738275,97408,738775,PA77,http://data.ordnancesurvey.co.uk/id/postcodedistrict/PA77,,,,,,,Argyll and Bute,http://data.ordnancesurvey.co.uk/id/7000000000186632,http://data.ordnancesurvey.co.uk/ontology/admingeo/UnitaryAuthority,Scotland,http://data.ordnancesurvey.co.uk/id/7000000000041429,Scotland,http://data.ordnancesurvey.co.uk/id/country/scotland,,,
osgb4000000074757372,http://data.ordnancesurvey.co.uk/id/4000000074757372,Clèit Bheag,,,,landform,Other Coastal Landform,97398,738484,1000,20000,97148,738234,97648,738734,PA77,http://data.ordnancesurvey.co.uk/id/postcodedistrict/PA77,,,,,,,Argyll and Bute,http://data.ordnancesurvey.co.uk/id/7000000000186632,http://data.ordnancesurvey.co.uk/ontology/admingeo/UnitaryAuthority,Scotland,http://data.ordnancesurvey.co.uk/id/7000000000041429,Scotland,http://data.ordnancesurvey.co.uk/id/country/scotland,,,
osgb4000000074767612,http://data.ordnancesurvey.co.uk/id/4000000074767612,Cnoc Loisgte,,,,landform,Hill Or Mountain,96345,739504,1000,300000,96095,739254,96595,739754,PA77,http://data.ordnancesurvey.co.uk/id/postcodedistrict/PA77,,,,,,,Argyll and Bute,http://data.ordnancesurvey.co.uk/id/7000000000186632,http://data.ordnancesurvey.co.uk/ontology/admingeo/UnitaryAuthority,Scotland,http://data.ordnancesurvey.co.uk/id/7000000000041429,Scotland,http://data.ordnancesurvey.co.uk/id/country/scotland,,,
osgb4000000074757460,http://data.ordnancesurvey.co.uk/id/4000000074757460,Bogha Ghilleasbuig,,,,landform,Other Coastal Landform,98378,738658,1000,50000,98128,738408,98628,738908,PA77,http://data.ordnancesurvey.co.uk/id/postcodedistrict/PA77,,,,,,,Argyll and Bute,http://data.ordnancesurvey.co.uk/id/7000000000186632,http://data.ordnancesurvey.co.uk/ontology/admingeo/UnitaryAuthority,Scotland,http://data.ordnancesurvey.co.uk/id/7000000000041429,Scotland,http://data.ordnancesurvey.co.uk/id/country/scotland,,,
osgb4000000074767649,http://data.ordnancesurvey.co.uk/id/4000000074767649,Cnoc Leathan,,,,landform,Hill Or Mountain,96695,739201,1000,300000,96445,738951,96945,739451,PA77,http://data.ordnancesurvey.co.uk/id/postcodedistrict/PA77,,,,,,,Argyll and Bute,http://data.ordnancesurvey.co.uk/id/7000000000186632,http://data.ordnancesurvey.co.uk/ontology/admingeo/UnitaryAuthority,Scotland,http://data.ordnancesurvey.co.uk/id/7000000000041429,Scotland,http://data.ordnancesurvey.co.uk/id/country/scotland,,,
osgb4000000074757463,http://data.ordnancesurvey.co.uk/id/4000000074757463,Gasamull,,,,landform,Other Coastal Landform,98243,738795,1000,20000,97926,738546,98426,739046,PA77,http://data.ordnancesurvey.co.uk/id/postcodedistrict/PA77,,,,,,,Argyll and Bute,http://data.ordnancesurvey.co.uk/id/7000000000186632,http://data.ordnancesurvey.co.uk/ontology/admingeo/UnitaryAuthority,Scotland,http://data.ordnancesurvey.co.uk/id/7000000000041429,Scotland,http://data.ordnancesurvey.co.uk/id/country/scotland,,,
osgb4000000074822199,http://data.ordnancesurvey.co.uk/id/4000000074822199,Skerryvore,,,,landform,Other Coastal Landform,83989,726291,1000,50000,83748,726041,84248,726541,PA77,http://data.ordnancesurvey.co.uk/id/postcodedistrict/PA77,,,,,,,Argyll and Bute,http://data.ordnancesurvey.co.uk/id/7000000000186632,http://data.ordnancesurvey.co.uk/ontology/admingeo/UnitaryAuthority,Scotland,http://data.ordnancesurvey.co.uk/id/7000000000041429,Scotland,http://data.ordnancesurvey.co.uk/id/country/scotland,,,
osgb4000000074614549,http://data.ordnancesurvey.co.uk/id/4000000074614549,Eilean Mòr,,,,landform,Other Coastal Landform,98010,738585,1000,50000,97760,738333,98260,738833,PA77,http://data.ordnancesurvey.co.uk/id/postcodedistrict/PA77,,,,,,,Argyll and Bute,http://data.ordnancesurvey.co.uk/id/7000000000186632,http://data.ordnancesurvey.co.uk/ontology/admingeo/UnitaryAuthority,Scotland,http://data.ordnancesurvey.co.uk/id/7000000000041429,Scotland,http://data.ordnancesurvey.co.uk/id/country/scotland,,,
osgb4000000074618374,http://data.ordnancesurvey.co.uk/id/4000000074618374,Ben Hynish,,,,landform,Hill Or Mountain,96698,739658,1000,300000,96448,739408,96948,739908,PA77,http://data.ordnancesurvey.co.uk/id/postcodedistrict/PA77,,,,,,,Argyll and Bute,http://data.ordnancesurvey.co.uk/id/7000000000186632,http://data.ordnancesurvey.co.uk/ontology/admingeo/UnitaryAuthority,Scotland,http://data.ordnancesurvey.co.uk/id/7000000000041429,Scotland,http://data.ordnancesurvey.co.uk/id/country/scotland,,,
osgb4000000074612414,http://data.ordnancesurvey.co.uk/id/4000000074612414,Bogha Mòr,,,,landform,Other Coastal Landform,98201,738578,2000,50000,97952,738339,98452,738839,PA77,http://data.ordnancesurvey.co.uk/id/postcodedistrict/PA77,,,,,,,Argyll and Bute,http://data.ordnancesurvey.co.uk/id/7000000000186632,http://data.ordnancesurvey.co.uk/ontology/admingeo/UnitaryAuthority,Scotland,http://data.ordnancesurvey.co.uk/id/7000000000041429,Scotland,http://data.ordnancesurvey.co.uk/id/country/scotland,,,
osgb4000000074788820,http://data.ordnancesurvey.co.uk/id/4000000074788820,Sloc Ni'n Eàghainn,,,,hydrography,Bay,97641,738449,1000,150000,97437,738238,97937,738738,PA77,http://data.ordnancesurvey.co.uk/id/postcodedistrict/PA77,,,,,,,Argyll and Bute,http://data.ordnancesurvey.co.uk/id/7000000000186632,http://data.ordnancesurvey.co.uk/ontology/admingeo/UnitaryAuthority,Scotland,http://data.ordnancesurvey.co.uk/id/7000000000041429,Scotland,http://data.ordnancesurvey.co.uk/id/country/scotland,,,
osgb4000000074757941,http://data.ordnancesurvey.co.uk/id/4000000074757941,Am Faoileann,,,,landcover,Wetland,96043,739018,1000,200000,95795,738769,96295,739269,PA77,http://data.ordnancesurvey.co.uk/id/postcodedistrict/PA77,,,,,,,Argyll and Bute,http://data.ordnancesurvey.co.uk/id/7000000000186632,http://data.ordnancesurvey.co.uk/ontology/admingeo/UnitaryAuthority,Scotland,http://data.ordnancesurvey.co.uk/id/7000000000041429,Scotland,http://data.ordnancesurvey.co.uk/id/country/scotland,,,
osgb4000000074757943,http://data.ordnancesurvey.co.uk/id/4000000074757943,Stail Mhòr,,,,landform,Other Coastal Landform,96293,739467,1000,20000,96032,739217,96532,739717,PA77,http://data.ordnancesurvey.co.uk/id/postcodedistrict/PA77,,,,,,,Argyll and Bute,http://data.ordnancesurvey.co.uk/id/7000000000186632,http://data.ordnancesurvey.co.uk/ontology/admingeo/UnitaryAuthority,Scotland,http://data.ordnancesurvey.co.uk/id/7000000000041429,Scotland,http://data.ordnancesurvey.co.uk/id/country/scotland,,,
osgb4000000074720400,http://data.ordnancesurvey.co.uk/id/4000000074720400,Cùl Sgàthain,,,,landcover,Beach,98640,739640,2000,100000,98386,739390,98886,739890,PA77,http://data.ordnancesurvey.co.uk/id/postcodedistrict/PA77,,,,,,,Argyll and Bute,http://data.ordnancesurvey.co.uk/id/7000000000186632,http://data.ordnancesurvey.co.uk/ontology/admingeo/UnitaryAuthority,Scotland,http://data.ordnancesurvey.co.uk/id/7000000000041429,Scotland,http://data.ordnancesurvey.co.uk/id/country/scotland,,,
osgb4000000074788912,http://data.ordnancesurvey.co.uk/id/4000000074788912,Port Riseag,,,,hydrography,Tidal Water,95942,739034,2000,150000,95759,738797,96259,739297,PA77,http://data.ordnancesurvey.co.uk/id/postcodedistrict/PA77,,,,,,,Argyll and Bute,http://data.ordnancesurvey.co.uk/id/7000000000186632,http://data.ordnancesurvey.co.uk/ontology/admingeo/UnitaryAuthority,Scotland,http://data.ordnancesurvey.co.uk/id/7000000000041429,Scotland,http://data.ordnancesurvey.co.uk/id/country/scotland,,,
osgb4000000074798169,http://data.ordnancesurvey.co.uk/id/4000000074798169,Port Snoig,,,,hydrography,Bay,96896,738597,2000,150000,96584,738385,97084,738885,PA77,http://data.ordnancesurvey.co.uk/id/postcodedistrict/PA77,,,,,,,Argyll and Bute,http://data.ordnancesurvey.co.uk/id/7000000000186632,http://data.ordnancesurvey.co.uk/ontology/admingeo/UnitaryAuthority,Scotland,http://data.ordnancesurvey.co.uk/id/7000000000041429,Scotland,http://data.ordnancesurvey.co.uk/id/country/scotland,,,
osgb4000000074612417,http://data.ordnancesurvey.co.uk/id/4000000074612417,Eilean Rinn Thorbhais,,,,landform,Other Coastal Landform,93397,739924,1000,50000,93147,739695,93647,740195,PA77,http://data.ordnancesurvey.co.uk/id/postcodedistrict/PA77,,,,,,,Argyll and Bute,http://data.ordnancesurvey.co.uk/id/7000000000186632,http://data.ordnancesurvey.co.uk/ontology/admingeo/UnitaryAuthority,Scotland,http://data.ordnancesurvey.co.uk/id/7000000000041429,Scotland,http://data.ordnancesurvey.co.uk/id/country/scotland,,,
osgb4000000074788821,http://data.ordnancesurvey.co.uk/id/4000000074788821,Port a' Mhuilinn,,,,hydrography,Bay,97924,738641,1000,150000,97683,738435,98183,738935,PA77,http://data.ordnancesurvey.co.uk/id/postcodedistrict/PA77,,,,,,,Argyll and Bute,http://data.ordnancesurvey.co.uk/id/7000000000186632,http://data.ordnancesurvey.co.uk/ontology/admingeo/UnitaryAuthority,Scotland,http://data.ordnancesurvey.co.uk/id/7000000000041429,Scotland,http://data.ordnancesurvey.co.uk/id/country/scotland,,,
osgb4000000074757459,http://data.ordnancesurvey.co.uk/id/4000000074757459,Poll Mhiasumuill,,,,landform,Other Coastal Landform,97763,738552,1000,50000,97513,738319,98013,738819,PA77,http://data.ordnancesurvey.co.uk/id/postcodedistrict/PA77,,,,,,,Argyll and Bute,http://data.ordnancesurvey.co.uk/id/7000000000186632,http://data.ordnancesurvey.co.uk/ontology/admingeo/UnitaryAuthority,Scotland,http://data.ordnancesurvey.co.uk/id/7000000000041429,Scotland,http://data.ordnancesurvey.co.uk/id/country/scotland,,,
osgb4000000074757940,http://data.ordnancesurvey.co.uk/id/4000000074757940,Carraig Nuadh,,,,landform,Other Coastal Landform,96106,738763,1000,50000,95856,738524,96356,739024,PA77,http://data.ordnancesurvey.co.uk/id/postcodedistrict/PA77,,,,,,,Argyll and Bute,http://data.ordnancesurvey.co.uk/id/7000000000186632,http://data.ordnancesurvey.co.uk/ontology/admingeo/UnitaryAuthority,Scotland,http://data.ordnancesurvey.co.uk/id/7000000000041429,Scotland,http://data.ordnancesurvey.co.uk/id/country/scotland,,,
osgb4000000074758008,http://data.ordnancesurvey.co.uk/id/4000000074758008,An Dubh-sgeir,,,,landform,Other Coastal Landform,95734,739293,1000,50000,95484,739043,95984,739543,PA77,http://data.ordnancesurvey.co.uk/id/postcodedistrict/PA77,,,,,,,Argyll and Bute,http://data.ordnancesurvey.co.uk/id/7000000000186632,http://data.ordnancesurvey.co.uk/ontology/admingeo/UnitaryAuthority,Scotland,http://data.ordnancesurvey.co.uk/id/7000000000041429,Scotland,http://data.ordnancesurvey.co.uk/id/country/scotland,,,
osgb4000000074757409,http://data.ordnancesurvey.co.uk/id/4000000074757409,Bogha Beag,,,,landform,Other Coastal Landform,98296,738597,1000,50000,98045,738347,98545,738847,PA77,http://data.ordnancesurvey.co.uk/id/postcodedistrict/PA77,,,,,,,Argyll and Bute,http://data.ordnancesurvey.co.uk/id/7000000000186632,http://data.ordnancesurvey.co.uk/ontology/admingeo/UnitaryAuthority,Scotland,http://data.ordnancesurvey.co.uk/id/7000000000041429,Scotland,http://data.ordnancesurvey.co.uk/id/country/scotland,,,
osgb4000000074758006,http://data.ordnancesurvey.co.uk/id/4000000074758006,Corr-Eilean,,,,landform,Other Coastal Landform,95756,739813,1000,50000,95506,739557,96006,740057,PA77,http://data.ordnancesurvey.co.uk/id/postcodedistrict/PA77,,,,,,,Argyll and Bute,http://data.ordnancesurvey.co.uk/id/7000000000186632,http://data.ordnancesurvey.co.uk/ontology/admingeo/UnitaryAuthority,Scotland,http://data.ordnancesurvey.co.uk/id/7000000000041429,Scotland,http://data.ordnancesurvey.co.uk/id/country/scotland,,,
osgb4000000074589286,http://data.ordnancesurvey.co.uk/id/4000000074589286,Eilean an Eisg,,,,landform,Other Coastal Landform,98685,738826,1000,50000,98441,738576,98941,739076,PA77,http://data.ordnancesurvey.co.uk/id/postcodedistrict/PA77,,,,,,,Argyll and Bute,http://data.ordnancesurvey.co.uk/id/7000000000186632,http://data.ordnancesurvey.co.uk/ontology/admingeo/UnitaryAuthority,Scotland,http://data.ordnancesurvey.co.uk/id/7000000000041429,Scotland,http://data.ordnancesurvey.co.uk/id/country/scotland,,,
osgb4000000074589300,http://data.ordnancesurvey.co.uk/id/4000000074589300,Eilean an Fhèoir,,,,landform,Other Coastal Landform,95745,739603,2000,50000,95496,739374,95996,739874,PA77,http://data.ordnancesurvey.co.uk/id/postcodedistrict/PA77,,,,,,,Argyll and Bute,http://data.ordnancesurvey.co.uk/id/7000000000186632,http://data.ordnancesurvey.co.uk/ontology/admingeo/UnitaryAuthority,Scotland,http://data.ordnancesurvey.co.uk/id/7000000000041429,Scotland,http://data.ordnancesurvey.co.uk/id/country/scotland,,,
osgb4000000074757461,http://data.ordnancesurvey.co.uk/id/4000000074757461,Rubha Dubh,,,,landform,Other Coastal Landform,98282,738760,1000,50000,98040,738510,98540,739010,PA77,http://data.ordnancesurvey.co.uk/id/postcodedistrict/PA77,,,,,,,Argyll and Bute,http://data.ordnancesurvey.co.uk/id/7000000000186632,http://data.ordnancesurvey.co.uk/ontology/admingeo/UnitaryAuthority,Scotland,http://data.ordnancesurvey.co.uk/id/7000000000041429,Scotland,http://data.ordnancesurvey.co.uk/id/country/scotland,,,
osgb4000000074791929,http://data.ordnancesurvey.co.uk/id/4000000074791929,Linne Thorramhuill,,,,hydrography,Inland Water,97378,739087,1000,500000,97129,738837,97629,739337,PA77,http://data.ordnancesurvey.co.uk/id/postcodedistrict/PA77,,,,,,,Argyll and Bute,http://data.ordnancesurvey.co.uk/id/7000000000186632,http://data.ordnancesurvey.co.uk/ontology/admingeo/UnitaryAuthority,Scotland,http://data.ordnancesurvey.co.uk/id/7000000000041429,Scotland,http://data.ordnancesurvey.co.uk/id/country/scotland,,,
osgb4000000074757942,http://data.ordnancesurvey.co.uk/id/4000000074757942,Na Bràthairean,,,,landform,Other Coastal Landform,95685,738886,1000,50000,95440,738637,95940,739137,PA77,http://data.ordnancesurvey.co.uk/id/postcodedistrict/PA77,,,,,,,Argyll and Bute,http://data.ordnancesurvey.co.uk/id/7000000000186632,http://data.ordnancesurvey.co.uk/ontology/admingeo/UnitaryAuthority,Scotland,http://data.ordnancesurvey.co.uk/id/7000000000041429,Scotland,http://data.ordnancesurvey.co.uk/id/country/scotland,,,
osgb4000000074757406,http://data.ordnancesurvey.co.uk/id/4000000074757406,Boghasum,,,,landform,Other Coastal Landform,98487,738786,1000,50000,98238,738540,98738,739040,PA77,http://data.ordnancesurvey.co.uk/id/postcodedistrict/PA77,,,,,,,Argyll and Bute,http://data.ordnancesurvey.co.uk/id/7000000000186632,http://data.ordnancesurvey.co.uk/ontology/admingeo/UnitaryAuthority,Scotland,http://data.ordnancesurvey.co.uk/id/7000000000041429,Scotland,http://data.ordnancesurvey.co.uk/id/country/scotland,,,
osgb4000000074788911,http://data.ordnancesurvey.co.uk/id/4000000074788911,Port na Meidhaig,,,,hydrography,Tidal Water,96726,738602,1000,150000,96475,738356,96975,738856,PA77,http://data.ordnancesurvey.co.uk/id/postcodedistrict/PA77,,,,,,,Argyll and Bute,http://data.ordnancesurvey.co.uk/id/7000000000186632,http://data.ordnancesurvey.co.uk/ontology/admingeo/UnitaryAuthority,Scotland,http://data.ordnancesurvey.co.uk/id/7000000000041429,Scotland,http://data.ordnancesurvey.co.uk/id/country/scotland,,,
osgb4000000074757464,http://data.ordnancesurvey.co.uk/id/4000000074757464,Mòr Chlèit,,,,landform,Other Coastal Landform,97437,738412,1000,50000,97188,738158,97688,738658,PA77,http://data.ordnancesurvey.co.uk/id/postcodedistrict/PA77,,,,,,,Argyll and Bute,http://data.ordnancesurvey.co.uk/id/7000000000186632,http://data.ordnancesurvey.co.uk/ontology/admingeo/UnitaryAuthority,Scotland,http://data.ordnancesurvey.co.uk/id/7000000000041429,Scotland,http://data.ordnancesurvey.co.uk/id/country/scotland,,,
osgb4000000074757375,http://data.ordnancesurvey.co.uk/id/4000000074757375,Am Barradhu,,,,landform,Coastal Headland,98839,739138,1000,750000,98589,738870,99089,739370,PA77,http://data.ordnancesurvey.co.uk/id/postcodedistrict/PA77,,,,,,,Argyll and Bute,http://data.ordnancesurvey.co.uk/id/7000000000186632,http://data.ordnancesurvey.co.uk/ontology/admingeo/UnitaryAuthority,Scotland,http://data.ordnancesurvey.co.uk/id/7000000000041429,Scotland,http://data.ordnancesurvey.co.uk/id/country/scotland,,,
osgb4000000074757458,http://data.ordnancesurvey.co.uk/id/4000000074757458,Goibhneig,,,,landcover,Beach,98142,738765,2000,100000,97886,738515,98386,739015,PA77,http://data.ordnancesurvey.co.uk/id/postcodedistrict/PA77,,,,,,,Argyll and Bute,http://data.ordnancesurvey.co.uk/id/7000000000186632,http://data.ordnancesurvey.co.uk/ontology/admingeo/UnitaryAuthority,Scotland,http://data.ordnancesurvey.co.uk/id/7000000000041429,Scotland,http://data.ordnancesurvey.co.uk/id/country/scotland,,,
osgb4000000074767613,http://data.ordnancesurvey.co.uk/id/4000000074767613,Glac Mhòr,,,,landform,Cirque Or Hollow,96285,739292,1000,30000,96036,739046,96536,739546,PA77,http://data.ordnancesurvey.co.uk/id/postcodedistrict/PA77,,,,,,,Argyll and Bute,http://data.ordnancesurvey.co.uk/id/7000000000186632,http://data.ordnancesurvey.co.uk/ontology/admingeo/UnitaryAuthority,Scotland,http://data.ordnancesurvey.co.uk/id/7000000000041429,Scotland,http://data.ordnancesurvey.co.uk/id/country/scotland,,,
osgb4000000074757405,http://data.ordnancesurvey.co.uk/id/4000000074757405,Tràigh Sgiobasail,,,,landcover,Beach,98514,738891,2000,100000,98266,738642,98766,739142,PA77,http://data.ordnancesurvey.co.uk/id/postcodedistrict/PA77,,,,,,,Argyll and Bute,http://data.ordnancesurvey.co.uk/id/7000000000186632,http://data.ordnancesurvey.co.uk/ontology/admingeo/UnitaryAuthority,Scotland,http://data.ordnancesurvey.co.uk/id/7000000000041429,Scotland,http://data.ordnancesurvey.co.uk/id/country/scotland,,,
osgb4000000074586383,http://data.ordnancesurvey.co.uk/id/4000000074586383,Eilean Mòr,,,,landform,Other Coastal Landform,95848,738908,2000,50000,95599,738630,96099,739130,PA77,http://data.ordnancesurvey.co.uk/id/postcodedistrict/PA77,,,,,,,Argyll and Bute,http://data.ordnancesurvey.co.uk/id/7000000000186632,http://data.ordnancesurvey.co.uk/ontology/admingeo/UnitaryAuthority,Scotland,http://data.ordnancesurvey.co.uk/id/7000000000041429,Scotland,http://data.ordnancesurvey.co.uk/id/country/scotland,,,
osgb4000000074757376,http://data.ordnancesurvey.co.uk/id/4000000074757376,Tràigh Bhàin,,,,landcover,Beach,98597,739806,1000,100000,98347,739561,98847,740061,PA77,http://data.ordnancesurvey.co.uk/id/postcodedistrict/PA77,,,,,,,Argyll and Bute,http://data.ordnancesurvey.co.uk/id/7000000000186632,http://data.ordnancesurvey.co.uk/ontology/admingeo/UnitaryAuthority,Scotland,http://data.ordnancesurvey.co.uk/id/7000000000041429,Scotland,http://data.ordnancesurvey.co.uk/id/country/scotland,,,
osgb4000000074612415,http://data.ordnancesurvey.co.uk/id/4000000074612415,Sgeirean Poll Mhiasumuill,,,,landform,Other Coastal Landform,97765,738501,1000,50000,97515,738252,98015,738752,PA77,http://data.ordnancesurvey.co.uk/id/postcodedistrict/PA77,,,,,,,Argyll and Bute,http://data.ordnancesurvey.co.uk/id/7000000000186632,http://data.ordnancesurvey.co.uk/ontology/admingeo/UnitaryAuthority,Scotland,http://data.ordnancesurvey.co.uk/id/7000000000041429,Scotland,http://data.ordnancesurvey.co.uk/id/country/scotland,,,
osgb4000000074798170,http://data.ordnancesurvey.co.uk/id/4000000074798170,Balephuil Bay,,,,hydrography,Bay,94786,739948,14000,150000,93694,739337,95898,740723,PA77,http://data.ordnancesurvey.co.uk/id/postcodedistrict/PA77,,,,,,,Argyll and Bute,http://data.ordnancesurvey.co.uk/id/7000000000186632,http://data.ordnancesurvey.co.uk/ontology/admingeo/UnitaryAuthority,Scotland,http://data.ordnancesurvey.co.uk/id/7000000000041429,Scotland,http://data.ordnancesurvey.co.uk/id/country/scotland,,,
osgb4000000074763885,http://data.ordnancesurvey.co.uk/id/4000000074763885,Cnoc Mòr,,,,landform,Hill Or Mountain,98228,739036,1000,300000,97978,738786,98478,739286,PA77,http://data.ordnancesurvey.co.uk/id/postcodedistrict/PA77,,,,,,,Argyll and Bute,http://data.ordnancesurvey.co.uk/id/7000000000186632,http://data.ordnancesurvey.co.uk/ontology/admingeo/UnitaryAuthority,Scotland,http://data.ordnancesurvey.co.uk/id/7000000000041429,Scotland,http://data.ordnancesurvey.co.uk/id/country/scotland,,,
osgb4000000074757408,http://data.ordnancesurvey.co.uk/id/4000000074757408,Bogh' an Tire,,,,landform,Other Coastal Landform,98167,738319,1000,50000,97929,738069,98429,738569,PA77,http://data.ordnancesurvey.co.uk/id/postcodedistrict/PA77,,,,,,,Argyll and Bute,http://data.ordnancesurvey.co.uk/id/7000000000186632,http://data.ordnancesurvey.co.uk/ontology/admingeo/UnitaryAuthority,Scotland,http://data.ordnancesurvey.co.uk/id/7000000000041429,Scotland,http://data.ordnancesurvey.co.uk/id/country/scotland,,,
osgb4000000074757939,http://data.ordnancesurvey.co.uk/id/4000000074757939,Sloc Leum nan Each,,,,landform,Other Coastal Landform,96539,738710,1000,50000,96342,738460,96842,738960,PA77,http://data.ordnancesurvey.co.uk/id/postcodedistrict/PA77,,,,,,,Argyll and Bute,http://data.ordnancesurvey.co.uk/id/7000000000186632,http://data.ordnancesurvey.co.uk/ontology/admingeo/UnitaryAuthority,Scotland,http://data.ordnancesurvey.co.uk/id/7000000000041429,Scotland,http://data.ordnancesurvey.co.uk/id/country/scotland,,,
osgb4000000074789020,http://data.ordnancesurvey.co.uk/id/4000000074789020,Port Mòr,,,,hydrography,Bay,95747,739697,1000,150000,95520,739530,96020,740030,PA77,http://data.ordnancesurvey.co.uk/id/postcodedistrict/PA77,,,,,,,Argyll and Bute,http://data.ordnancesurvey.co.uk/id/7000000000186632,http://data.ordnancesurvey.co.uk/ontology/admingeo/UnitaryAuthority,Scotland,http://data.ordnancesurvey.co.uk/id/7000000000041429,Scotland,http://data.ordnancesurvey.co.uk/id/country/scotland,,,
osgb4000000074788988,http://data.ordnancesurvey.co.uk/id/4000000074788988,Lòn na Dubh-sgeir,,,,hydrography,Bay,95916,739222,2000,150000,95674,738999,96174,739499,PA77,http://data.ordnancesurvey.co.uk/id/postcodedistrict/PA77,,,,,,,Argyll and Bute,http://data.ordnancesurvey.co.uk/id/7000000000186632,http://data.ordnancesurvey.co.uk/ontology/admingeo/UnitaryAuthority,Scotland,http://data.ordnancesurvey.co.uk/id/7000000000041429,Scotland,http://data.ordnancesurvey.co.uk/id/country/scotland,,,
osgb4000000074761855,http://data.ordnancesurvey.co.uk/id/4000000074761855,An Iosag,,,,landform,Other Coastal Landform,98637,738793,1000,50000,98387,738543,98887,739043,PA77,http://data.ordnancesurvey.co.uk/id/postcodedistrict/PA77,,,,,,,Argyll and Bute,http://data.ordnancesurvey.co.uk/id/7000000000186632,http://data.ordnancesurvey.co.uk/ontology/admingeo/UnitaryAuthority,Scotland,http://data.ordnancesurvey.co.uk/id/7000000000041429,Scotland,http://data.ordnancesurvey.co.uk/id/country/scotland,,,
osgb4000000074589288,http://data.ordnancesurvey.co.uk/id/4000000074589288,Eilean an Aodaich,,,,landform,Other Coastal Landform,97623,738348,1000,50000,97374,738098,97874,738598,PA77,http://data.ordnancesurvey.co.uk/id/postcodedistrict/PA77,,,,,,,Argyll and Bute,http://data.ordnancesurvey.co.uk/id/7000000000186632,http://data.ordnancesurvey.co.uk/ontology/admingeo/UnitaryAuthority,Scotland,http://data.ordnancesurvey.co.uk/id/7000000000041429,Scotland,http://data.ordnancesurvey.co.uk/id/country/scotland,,,
osgb4000000074788989,http://data.ordnancesurvey.co.uk/id/4000000074788989,Poll nan Cudaigean,,,,hydrography,Tidal Water,95708,739479,2000,150000,95493,739284,95993,739784,PA77,http://data.ordnancesurvey.co.uk/id/postcodedistrict/PA77,,,,,,,Argyll and Bute,http://data.ordnancesurvey.co.uk/id/7000000000186632,http://data.ordnancesurvey.co.uk/ontology/admingeo/UnitaryAuthority,Scotland,http://data.ordnancesurvey.co.uk/id/7000000000041429,Scotland,http://data.ordnancesurvey.co.uk/id/country/scotland,,,
osgb4000000074760403,http://data.ordnancesurvey.co.uk/id/4000000074760403,An Snoig,,,,landform,Other Coastal Landform,96998,738516,1000,50000,96749,738266,97249,738766,PA77,http://data.ordnancesurvey.co.uk/id/postcodedistrict/PA77,,,,,,,Argyll and Bute,http://data.ordnancesurvey.co.uk/id/7000000000186632,http://data.ordnancesurvey.co.uk/ontology/admingeo/UnitaryAuthority,Scotland,http://data.ordnancesurvey.co.uk/id/7000000000041429,Scotland,http://data.ordnancesurvey.co.uk/id/country/scotland,,,
osgb4000000074757373,http://data.ordnancesurvey.co.uk/id/4000000074757373,Clèit Mhòr,,,,landform,Other Coastal Landform,97505,738631,1000,20000,97256,738381,97756,738881,PA77,http://data.ordnancesurvey.co.uk/id/postcodedistrict/PA77,,,,,,,Argyll and Bute,http://data.ordnancesurvey.co.uk/id/7000000000186632,http://data.ordnancesurvey.co.uk/ontology/admingeo/UnitaryAuthority,Scotland,http://data.ordnancesurvey.co.uk/id/7000000000041429,Scotland,http://data.ordnancesurvey.co.uk/id/country/scotland,,,
osgb4000000074757462,http://data.ordnancesurvey.co.uk/id/4000000074757462,Ceann Criche,,,,landcover,Wetland,98446,738900,1000,200000,98197,738634,98697,739134,PA77,http://data.ordnancesurvey.co.uk/id/postcodedistrict/PA77,,,,,,,Argyll and Bute,http://data.ordnancesurvey.co.uk/id/7000000000186632,http://data.ordnancesurvey.co.uk/ontology/admingeo/UnitaryAuthority,Scotland,http://data.ordnancesurvey.co.uk/id/7000000000041429,Scotland,http://data.ordnancesurvey.co.uk/id/country/scotland,,,
osgb4000000074589287,http://data.ordnancesurvey.co.uk/id/4000000074589287,Eilean a' Bhradain,,,,landform,Other Coastal Landform,98031,738669,1000,50000,97781,738418,98281,738918,PA77,http://data.ordnancesurvey.co.uk/id/postcodedistrict/PA77,,,,,,,Argyll and Bute,http://data.ordnancesurvey.co.uk/id/7000000000186632,http://data.ordnancesurvey.co.uk/ontology/admingeo/UnitaryAuthority,Scotland,http://data.ordnancesurvey.co.uk/id/7000000000041429,Scotland,http://data.ordnancesurvey.co.uk/id/country/scotland,,,
osgb4000000074757407,http://data.ordnancesurvey.co.uk/id/4000000074757407,Bogha Eilean an Aodaich,,,,landform,Other Coastal Landform,97640,738243,1000,50000,97390,737993,97890,738493,PA77,http://data.ordnancesurvey.co.uk/id/postcodedistrict/PA77,,,,,,,Argyll and Bute,http://data.ordnancesurvey.co.uk/id/7000000000186632,http://data.ordnancesurvey.co.uk/ontology/admingeo/UnitaryAuthority,Scotland,http://data.ordnancesurvey.co.uk/id/7000000000041429,Scotland,http://data.ordnancesurvey.co.uk/id/country/scotland,,,
osgb4000000074761856,http://data.ordnancesurvey.co.uk/id/4000000074761856,Sloc a' Ghuail,,,,landform,Other Coastal Landform,98321,738828,1000,20000,98071,738579,98571,739079,PA77,http://data.ordnancesurvey.co.uk/id/postcodedistrict/PA77,,,,,,,Argyll and Bute,http://data.ordnancesurvey.co.uk/id/7000000000186632,http://data.ordnancesurvey.co.uk/ontology/admingeo/UnitaryAuthority,Scotland,http://data.ordnancesurvey.co.uk/id/7000000000041429,Scotland,http://data.ordnancesurvey.co.uk/id/country/scotland,,,
osgb4000000074720399,http://data.ordnancesurvey.co.uk/id/4000000074720399,Tràigh Balbhaig,,,,landcover,Beach,97299,738564,1000,100000,97039,738315,97539,738815,PA77,http://data.ordnancesurvey.co.uk/id/postcodedistrict/PA77,,,,,,,Argyll and Bute,http://data.ordnancesurvey.co.uk/id/7000000000186632,http://data.ordnancesurvey.co.uk/ontology/admingeo/UnitaryAuthority,Scotland,http://data.ordnancesurvey.co.uk/id/7000000000041429,Scotland,http://data.ordnancesurvey.co.uk/id/country/scotland,,,
