﻿osgb4000000074821672,http://data.ordnancesurvey.co.uk/id/4000000074821672,Wodens Wall,,,,landform,Cliff Or Slope,135495,794256,1000,15000,135246,794006,135746,794506,PH43,http://data.ordnancesurvey.co.uk/id/postcodedistrict/PH43,,,,,,,Highland,http://data.ordnancesurvey.co.uk/id/7000000000186625,http://data.ordnancesurvey.co.uk/ontology/admingeo/UnitaryAuthority,Scotland,http://data.ordnancesurvey.co.uk/id/7000000000041429,Scotland,http://data.ordnancesurvey.co.uk/id/country/scotland,,,
osgb4000000074593733,http://data.ordnancesurvey.co.uk/id/4000000074593733,Glen Harris,,,,landform,Valley,135781,796035,18000,800000,134784,795257,137630,796812,PH43,http://data.ordnancesurvey.co.uk/id/postcodedistrict/PH43,,,,,,,Highland,http://data.ordnancesurvey.co.uk/id/7000000000186625,http://data.ordnancesurvey.co.uk/ontology/admingeo/UnitaryAuthority,Scotland,http://data.ordnancesurvey.co.uk/id/7000000000041429,Scotland,http://data.ordnancesurvey.co.uk/id/country/scotland,,,
osgb4000000074821674,http://data.ordnancesurvey.co.uk/id/4000000074821674,North Buttress,,,,landform,Cliff Or Slope,135547,794300,1000,15000,135299,794050,135799,794550,PH43,http://data.ordnancesurvey.co.uk/id/postcodedistrict/PH43,,,,,,,Highland,http://data.ordnancesurvey.co.uk/id/7000000000186625,http://data.ordnancesurvey.co.uk/ontology/admingeo/UnitaryAuthority,Scotland,http://data.ordnancesurvey.co.uk/id/7000000000041429,Scotland,http://data.ordnancesurvey.co.uk/id/country/scotland,,,
osgb4000000074585870,http://data.ordnancesurvey.co.uk/id/4000000074585870,Rùm Cuillin,,,,landform,Hill Or Mountain Ranges,138007,795260,48000,3000000,134430,791581,141584,798906,PH43,http://data.ordnancesurvey.co.uk/id/postcodedistrict/PH43,,,,,,,Highland,http://data.ordnancesurvey.co.uk/id/7000000000186625,http://data.ordnancesurvey.co.uk/ontology/admingeo/UnitaryAuthority,Scotland,http://data.ordnancesurvey.co.uk/id/7000000000041429,Scotland,http://data.ordnancesurvey.co.uk/id/country/scotland,,,
osgb4000000074605187,http://data.ordnancesurvey.co.uk/id/4000000074605187,Dubh Sgeir nan Sgarbh,,,,landform,Other Coastal Landform,139123,780981,1000,50000,138873,780725,139373,781225,PH41,http://data.ordnancesurvey.co.uk/id/postcodedistrict/PH41,,,,,,,Highland,http://data.ordnancesurvey.co.uk/id/7000000000186625,http://data.ordnancesurvey.co.uk/ontology/admingeo/UnitaryAuthority,Scotland,http://data.ordnancesurvey.co.uk/id/7000000000041429,Scotland,http://data.ordnancesurvey.co.uk/id/country/scotland,,,
osgb4000000074797169,http://data.ordnancesurvey.co.uk/id/4000000074797169,Loch Monica,,,,hydrography,Inland Water,133244,796612,1000,500000,132994,796368,133494,796868,PH43,http://data.ordnancesurvey.co.uk/id/postcodedistrict/PH43,,,,,,,Highland,http://data.ordnancesurvey.co.uk/id/7000000000186625,http://data.ordnancesurvey.co.uk/ontology/admingeo/UnitaryAuthority,Scotland,http://data.ordnancesurvey.co.uk/id/7000000000041429,Scotland,http://data.ordnancesurvey.co.uk/id/country/scotland,,,
osgb4000000074797284,http://data.ordnancesurvey.co.uk/id/4000000074797284,Loch Duncan,,,,hydrography,Inland Water,137251,799122,1000,500000,137001,798871,137501,799371,PH43,http://data.ordnancesurvey.co.uk/id/postcodedistrict/PH43,,,,,,,Highland,http://data.ordnancesurvey.co.uk/id/7000000000186625,http://data.ordnancesurvey.co.uk/ontology/admingeo/UnitaryAuthority,Scotland,http://data.ordnancesurvey.co.uk/id/7000000000041429,Scotland,http://data.ordnancesurvey.co.uk/id/country/scotland,,,
osgb4000000074750863,http://data.ordnancesurvey.co.uk/id/4000000074750863,Sgòrr Mòr,,,,landform,Cliff Or Slope,137795,791032,2000,40000,137473,790782,137973,791282,PH43,http://data.ordnancesurvey.co.uk/id/postcodedistrict/PH43,,,,,,,Highland,http://data.ordnancesurvey.co.uk/id/7000000000186625,http://data.ordnancesurvey.co.uk/ontology/admingeo/UnitaryAuthority,Scotland,http://data.ordnancesurvey.co.uk/id/7000000000041429,Scotland,http://data.ordnancesurvey.co.uk/id/country/scotland,,,
osgb4000000074797128,http://data.ordnancesurvey.co.uk/id/4000000074797128,Loch Gainmhich,,,,hydrography,Inland Water,138036,798766,2000,500000,137786,798511,138286,799011,PH43,http://data.ordnancesurvey.co.uk/id/postcodedistrict/PH43,,,,,,,Highland,http://data.ordnancesurvey.co.uk/id/7000000000186625,http://data.ordnancesurvey.co.uk/ontology/admingeo/UnitaryAuthority,Scotland,http://data.ordnancesurvey.co.uk/id/7000000000041429,Scotland,http://data.ordnancesurvey.co.uk/id/country/scotland,,,
osgb4000000074797251,http://data.ordnancesurvey.co.uk/id/4000000074797251,Prìomh-Loch Mòr,,,,hydrography,Inland Water,136914,798744,1000,500000,136664,798488,137164,798988,PH43,http://data.ordnancesurvey.co.uk/id/postcodedistrict/PH43,,,,,,,Highland,http://data.ordnancesurvey.co.uk/id/7000000000186625,http://data.ordnancesurvey.co.uk/ontology/admingeo/UnitaryAuthority,Scotland,http://data.ordnancesurvey.co.uk/id/7000000000041429,Scotland,http://data.ordnancesurvey.co.uk/id/country/scotland,,,
osgb4000000074821786,http://data.ordnancesurvey.co.uk/id/4000000074821786,Grey Corrie,,,,landform,Cirque Or Hollow,137933,794503,1000,30000,137684,794256,138184,794756,PH43,http://data.ordnancesurvey.co.uk/id/postcodedistrict/PH43,,,,,,,Highland,http://data.ordnancesurvey.co.uk/id/7000000000186625,http://data.ordnancesurvey.co.uk/ontology/admingeo/UnitaryAuthority,Scotland,http://data.ordnancesurvey.co.uk/id/7000000000041429,Scotland,http://data.ordnancesurvey.co.uk/id/country/scotland,,,
osgb4000000074750598,http://data.ordnancesurvey.co.uk/id/4000000074750598,Fang nan Copag,,,,landform,Other Coastal Landform,139554,781271,1000,20000,139304,780992,139804,781492,PH41,http://data.ordnancesurvey.co.uk/id/postcodedistrict/PH41,,,,,,,Highland,http://data.ordnancesurvey.co.uk/id/7000000000186625,http://data.ordnancesurvey.co.uk/ontology/admingeo/UnitaryAuthority,Scotland,http://data.ordnancesurvey.co.uk/id/7000000000041429,Scotland,http://data.ordnancesurvey.co.uk/id/country/scotland,,,
osgb4000000074605186,http://data.ordnancesurvey.co.uk/id/4000000074605186,Bogha Philip,,,,landform,Other Coastal Landform,139361,780885,1000,50000,139111,780635,139611,781135,PH41,http://data.ordnancesurvey.co.uk/id/postcodedistrict/PH41,,,,,,,Highland,http://data.ordnancesurvey.co.uk/id/7000000000186625,http://data.ordnancesurvey.co.uk/ontology/admingeo/UnitaryAuthority,Scotland,http://data.ordnancesurvey.co.uk/id/7000000000041429,Scotland,http://data.ordnancesurvey.co.uk/id/country/scotland,,,
osgb4000000074750954,http://data.ordnancesurvey.co.uk/id/4000000074750954,Sgeirean Mòra,,,,landform,Other Coastal Landform,135996,791761,2000,50000,135747,791496,136247,791996,PH43,http://data.ordnancesurvey.co.uk/id/postcodedistrict/PH43,,,,,,,Highland,http://data.ordnancesurvey.co.uk/id/7000000000186625,http://data.ordnancesurvey.co.uk/ontology/admingeo/UnitaryAuthority,Scotland,http://data.ordnancesurvey.co.uk/id/7000000000041429,Scotland,http://data.ordnancesurvey.co.uk/id/country/scotland,,,
osgb4000000074596100,http://data.ordnancesurvey.co.uk/id/4000000074596100,An Dornabac,,,,landform,Hill Or Mountain,135347,797110,1000,300000,135097,796860,135597,797360,PH43,http://data.ordnancesurvey.co.uk/id/postcodedistrict/PH43,,,,,,,Highland,http://data.ordnancesurvey.co.uk/id/7000000000186625,http://data.ordnancesurvey.co.uk/ontology/admingeo/UnitaryAuthority,Scotland,http://data.ordnancesurvey.co.uk/id/7000000000041429,Scotland,http://data.ordnancesurvey.co.uk/id/country/scotland,,,
osgb4000000074821677,http://data.ordnancesurvey.co.uk/id/4000000074821677,Green Wall,,,,landform,Cliff Or Slope,135400,794053,1000,15000,135157,793803,135657,794303,PH43,http://data.ordnancesurvey.co.uk/id/postcodedistrict/PH43,,,,,,,Highland,http://data.ordnancesurvey.co.uk/id/7000000000186625,http://data.ordnancesurvey.co.uk/ontology/admingeo/UnitaryAuthority,Scotland,http://data.ordnancesurvey.co.uk/id/7000000000041429,Scotland,http://data.ordnancesurvey.co.uk/id/country/scotland,,,
osgb4000000074731935,http://data.ordnancesurvey.co.uk/id/4000000074731935,Hugh's Brae,,,,landcover,Other Landcover,134529,796476,4000,1300000,134279,796381,134779,796974,PH43,http://data.ordnancesurvey.co.uk/id/postcodedistrict/PH43,,,,,,,Highland,http://data.ordnancesurvey.co.uk/id/7000000000186625,http://data.ordnancesurvey.co.uk/ontology/admingeo/UnitaryAuthority,Scotland,http://data.ordnancesurvey.co.uk/id/7000000000041429,Scotland,http://data.ordnancesurvey.co.uk/id/country/scotland,,,
osgb4000000074821669,http://data.ordnancesurvey.co.uk/id/4000000074821669,Frigga's Buttress,,,,landform,Cliff Or Slope,135404,794145,1000,15000,135155,793897,135655,794397,PH43,http://data.ordnancesurvey.co.uk/id/postcodedistrict/PH43,,,,,,,Highland,http://data.ordnancesurvey.co.uk/id/7000000000186625,http://data.ordnancesurvey.co.uk/ontology/admingeo/UnitaryAuthority,Scotland,http://data.ordnancesurvey.co.uk/id/7000000000041429,Scotland,http://data.ordnancesurvey.co.uk/id/country/scotland,,,
osgb4000000074750240,http://data.ordnancesurvey.co.uk/id/4000000074750240,Achadh na Creige,,,,landform,Other Coastal Landform,139988,780154,2000,20000,139697,779904,140197,780404,PH41,http://data.ordnancesurvey.co.uk/id/postcodedistrict/PH41,,,,,,,Highland,http://data.ordnancesurvey.co.uk/id/7000000000186625,http://data.ordnancesurvey.co.uk/ontology/admingeo/UnitaryAuthority,Scotland,http://data.ordnancesurvey.co.uk/id/7000000000041429,Scotland,http://data.ordnancesurvey.co.uk/id/country/scotland,,,
osgb4000000074750956,http://data.ordnancesurvey.co.uk/id/4000000074750956,Schooner Point,,,,landform,Other Coastal Landform,130554,798187,3000,50000,130304,798007,130804,798507,PH44,http://data.ordnancesurvey.co.uk/id/postcodedistrict/PH44,,,,,,,Highland,http://data.ordnancesurvey.co.uk/id/7000000000186625,http://data.ordnancesurvey.co.uk/ontology/admingeo/UnitaryAuthority,Scotland,http://data.ordnancesurvey.co.uk/id/7000000000041429,Scotland,http://data.ordnancesurvey.co.uk/id/country/scotland,,,
osgb4000000074612221,http://data.ordnancesurvey.co.uk/id/4000000074612221,Eagamol,,,,landform,Island,138939,781335,2000,800000,138689,781109,139189,781609,PH41,http://data.ordnancesurvey.co.uk/id/postcodedistrict/PH41,,,,,,,Highland,http://data.ordnancesurvey.co.uk/id/7000000000186625,http://data.ordnancesurvey.co.uk/ontology/admingeo/UnitaryAuthority,Scotland,http://data.ordnancesurvey.co.uk/id/7000000000041429,Scotland,http://data.ordnancesurvey.co.uk/id/country/scotland,,,
osgb4000000074612220,http://data.ordnancesurvey.co.uk/id/4000000074612220,Eilean nan Each,,,,landform,Island,139460,781351,5000,800000,139088,780963,139819,781738,PH41,http://data.ordnancesurvey.co.uk/id/postcodedistrict/PH41,,,,,,,Highland,http://data.ordnancesurvey.co.uk/id/7000000000186625,http://data.ordnancesurvey.co.uk/ontology/admingeo/UnitaryAuthority,Scotland,http://data.ordnancesurvey.co.uk/id/7000000000041429,Scotland,http://data.ordnancesurvey.co.uk/id/country/scotland,,,
osgb4000000074779918,http://data.ordnancesurvey.co.uk/id/4000000074779918,Cnoc nan Cuilean,,,,landform,Hill Or Mountain,139805,792914,1000,300000,139555,792664,140055,793164,PH43,http://data.ordnancesurvey.co.uk/id/postcodedistrict/PH43,,,,,,,Highland,http://data.ordnancesurvey.co.uk/id/7000000000186625,http://data.ordnancesurvey.co.uk/ontology/admingeo/UnitaryAuthority,Scotland,http://data.ordnancesurvey.co.uk/id/7000000000041429,Scotland,http://data.ordnancesurvey.co.uk/id/country/scotland,,,
osgb4000000074780310,http://data.ordnancesurvey.co.uk/id/4000000074780310,Àth nan Daoine,,,,landform,Other Landform,136372,796759,3000,15000,136126,796510,136626,797010,PH43,http://data.ordnancesurvey.co.uk/id/postcodedistrict/PH43,,,,,,,Highland,http://data.ordnancesurvey.co.uk/id/7000000000186625,http://data.ordnancesurvey.co.uk/ontology/admingeo/UnitaryAuthority,Scotland,http://data.ordnancesurvey.co.uk/id/7000000000041429,Scotland,http://data.ordnancesurvey.co.uk/id/country/scotland,,,
osgb4000000074750957,http://data.ordnancesurvey.co.uk/id/4000000074750957,A' Bhrìdeanach,,,,landform,Coastal Headland,129722,799415,6000,750000,129315,798925,130129,799871,PH44,http://data.ordnancesurvey.co.uk/id/postcodedistrict/PH44,,,,,,,Highland,http://data.ordnancesurvey.co.uk/id/7000000000186625,http://data.ordnancesurvey.co.uk/ontology/admingeo/UnitaryAuthority,Scotland,http://data.ordnancesurvey.co.uk/id/7000000000041429,Scotland,http://data.ordnancesurvey.co.uk/id/country/scotland,,,
osgb4000000074797088,http://data.ordnancesurvey.co.uk/id/4000000074797088,Loch Dubh an Sgòir,,,,hydrography,Inland Water,138087,791603,1000,500000,137838,791353,138338,791853,PH43,http://data.ordnancesurvey.co.uk/id/postcodedistrict/PH43,,,,,,,Highland,http://data.ordnancesurvey.co.uk/id/7000000000186625,http://data.ordnancesurvey.co.uk/ontology/admingeo/UnitaryAuthority,Scotland,http://data.ordnancesurvey.co.uk/id/7000000000041429,Scotland,http://data.ordnancesurvey.co.uk/id/country/scotland,,,
osgb4000000074797166,http://data.ordnancesurvey.co.uk/id/4000000074797166,Lochan nam Meirleach,,,,hydrography,Inland Water,137248,791436,1000,500000,136993,791186,137493,791686,PH43,http://data.ordnancesurvey.co.uk/id/postcodedistrict/PH43,,,,,,,Highland,http://data.ordnancesurvey.co.uk/id/7000000000186625,http://data.ordnancesurvey.co.uk/ontology/admingeo/UnitaryAuthority,Scotland,http://data.ordnancesurvey.co.uk/id/7000000000041429,Scotland,http://data.ordnancesurvey.co.uk/id/country/scotland,,,
osgb4000000074821787,http://data.ordnancesurvey.co.uk/id/4000000074821787,Forgotten Corrie,,,,landform,Cirque Or Hollow,138267,794183,2000,30000,138017,793933,138517,794433,PH43,http://data.ordnancesurvey.co.uk/id/postcodedistrict/PH43,,,,,,,Highland,http://data.ordnancesurvey.co.uk/id/7000000000186625,http://data.ordnancesurvey.co.uk/ontology/admingeo/UnitaryAuthority,Scotland,http://data.ordnancesurvey.co.uk/id/7000000000041429,Scotland,http://data.ordnancesurvey.co.uk/id/country/scotland,,,
osgb4000000074797335,http://data.ordnancesurvey.co.uk/id/4000000074797335,Spectacle Lochan,,,,hydrography,Inland Water,131399,799246,1000,500000,131138,798996,131638,799496,PH44,http://data.ordnancesurvey.co.uk/id/postcodedistrict/PH44,,,,,,,Highland,http://data.ordnancesurvey.co.uk/id/7000000000186625,http://data.ordnancesurvey.co.uk/ontology/admingeo/UnitaryAuthority,Scotland,http://data.ordnancesurvey.co.uk/id/7000000000041429,Scotland,http://data.ordnancesurvey.co.uk/id/country/scotland,,,
osgb4000000074821705,http://data.ordnancesurvey.co.uk/id/4000000074821705,Atlantic Corrie,,,,landform,Cirque Or Hollow,138291,796262,8000,30000,137672,795661,138928,796863,PH43,http://data.ordnancesurvey.co.uk/id/postcodedistrict/PH43,,,,,,,Highland,http://data.ordnancesurvey.co.uk/id/7000000000186625,http://data.ordnancesurvey.co.uk/ontology/admingeo/UnitaryAuthority,Scotland,http://data.ordnancesurvey.co.uk/id/7000000000041429,Scotland,http://data.ordnancesurvey.co.uk/id/country/scotland,,,
osgb4000000074748733,http://data.ordnancesurvey.co.uk/id/4000000074748733,Bogha Eir,,,,landform,Other Coastal Landform,139197,780111,1000,50000,138946,779861,139446,780361,PH41,http://data.ordnancesurvey.co.uk/id/postcodedistrict/PH41,,,,,,,Highland,http://data.ordnancesurvey.co.uk/id/7000000000186625,http://data.ordnancesurvey.co.uk/ontology/admingeo/UnitaryAuthority,Scotland,http://data.ordnancesurvey.co.uk/id/7000000000041429,Scotland,http://data.ordnancesurvey.co.uk/id/country/scotland,,,
osgb4000000074821670,http://data.ordnancesurvey.co.uk/id/4000000074821670,Thor's Buttress,,,,landform,Cliff Or Slope,135440,794176,1000,15000,135191,793926,135691,794426,PH43,http://data.ordnancesurvey.co.uk/id/postcodedistrict/PH43,,,,,,,Highland,http://data.ordnancesurvey.co.uk/id/7000000000186625,http://data.ordnancesurvey.co.uk/ontology/admingeo/UnitaryAuthority,Scotland,http://data.ordnancesurvey.co.uk/id/7000000000041429,Scotland,http://data.ordnancesurvey.co.uk/id/country/scotland,,,
osgb4000000074821737,http://data.ordnancesurvey.co.uk/id/4000000074821737,Fiachanais,,,,landform,Valley,136510,794539,9000,800000,135817,794219,137210,794858,PH43,http://data.ordnancesurvey.co.uk/id/postcodedistrict/PH43,,,,,,,Highland,http://data.ordnancesurvey.co.uk/id/7000000000186625,http://data.ordnancesurvey.co.uk/ontology/admingeo/UnitaryAuthority,Scotland,http://data.ordnancesurvey.co.uk/id/7000000000041429,Scotland,http://data.ordnancesurvey.co.uk/id/country/scotland,,,
osgb4000000074797206,http://data.ordnancesurvey.co.uk/id/4000000074797206,Loch an Dornabac,gla,Loch MacIvor,eng,hydrography,Inland Water,135505,797604,2000,500000,135255,797318,135755,797818,PH43,http://data.ordnancesurvey.co.uk/id/postcodedistrict/PH43,,,,,,,Highland,http://data.ordnancesurvey.co.uk/id/7000000000186625,http://data.ordnancesurvey.co.uk/ontology/admingeo/UnitaryAuthority,Scotland,http://data.ordnancesurvey.co.uk/id/7000000000041429,Scotland,http://data.ordnancesurvey.co.uk/id/country/scotland,,,
osgb4000000074780246,http://data.ordnancesurvey.co.uk/id/4000000074780246,Àrd Mheall,,,,landform,Other Landform,134341,797498,3000,15000,134112,797248,134612,797748,PH43,http://data.ordnancesurvey.co.uk/id/postcodedistrict/PH43,,,,,,,Highland,http://data.ordnancesurvey.co.uk/id/7000000000186625,http://data.ordnancesurvey.co.uk/ontology/admingeo/UnitaryAuthority,Scotland,http://data.ordnancesurvey.co.uk/id/7000000000041429,Scotland,http://data.ordnancesurvey.co.uk/id/country/scotland,,,
osgb4000000074797250,http://data.ordnancesurvey.co.uk/id/4000000074797250,Prìomh-loch Beag,,,,hydrography,Inland Water,136941,798556,1000,500000,136691,798284,137191,798784,PH43,http://data.ordnancesurvey.co.uk/id/postcodedistrict/PH43,,,,,,,Highland,http://data.ordnancesurvey.co.uk/id/7000000000186625,http://data.ordnancesurvey.co.uk/ontology/admingeo/UnitaryAuthority,Scotland,http://data.ordnancesurvey.co.uk/id/7000000000041429,Scotland,http://data.ordnancesurvey.co.uk/id/country/scotland,,,
osgb4000000074750241,http://data.ordnancesurvey.co.uk/id/4000000074750241,A' Ghlasaird,,,,landform,Other Coastal Landform,139688,780291,1000,50000,139438,780075,139938,780575,PH41,http://data.ordnancesurvey.co.uk/id/postcodedistrict/PH41,,,,,,,Highland,http://data.ordnancesurvey.co.uk/id/7000000000186625,http://data.ordnancesurvey.co.uk/ontology/admingeo/UnitaryAuthority,Scotland,http://data.ordnancesurvey.co.uk/id/7000000000041429,Scotland,http://data.ordnancesurvey.co.uk/id/country/scotland,,,
osgb4000000074604484,http://data.ordnancesurvey.co.uk/id/4000000074604484,Barkeval,,,,landform,Hill Or Mountain,137567,797181,1000,300000,137317,796931,137817,797431,PH43,http://data.ordnancesurvey.co.uk/id/postcodedistrict/PH43,,,,,,,Highland,http://data.ordnancesurvey.co.uk/id/7000000000186625,http://data.ordnancesurvey.co.uk/ontology/admingeo/UnitaryAuthority,Scotland,http://data.ordnancesurvey.co.uk/id/7000000000041429,Scotland,http://data.ordnancesurvey.co.uk/id/country/scotland,,,
osgb4000000074750953,http://data.ordnancesurvey.co.uk/id/4000000074750953,Rubha na Pairce,,,,landform,Other Coastal Landform,136116,791823,1000,50000,135866,791581,136366,792081,PH43,http://data.ordnancesurvey.co.uk/id/postcodedistrict/PH43,,,,,,,Highland,http://data.ordnancesurvey.co.uk/id/7000000000186625,http://data.ordnancesurvey.co.uk/ontology/admingeo/UnitaryAuthority,Scotland,http://data.ordnancesurvey.co.uk/id/7000000000041429,Scotland,http://data.ordnancesurvey.co.uk/id/country/scotland,,,
osgb4000000074750862,http://data.ordnancesurvey.co.uk/id/4000000074750862,Sgòrr Neill Mhòir,,,,landform,Cliff Or Slope,139139,791902,2000,40000,138889,791705,139389,792205,PH43,http://data.ordnancesurvey.co.uk/id/postcodedistrict/PH43,,,,,,,Highland,http://data.ordnancesurvey.co.uk/id/7000000000186625,http://data.ordnancesurvey.co.uk/ontology/admingeo/UnitaryAuthority,Scotland,http://data.ordnancesurvey.co.uk/id/7000000000041429,Scotland,http://data.ordnancesurvey.co.uk/id/country/scotland,,,
osgb4000000074604070,http://data.ordnancesurvey.co.uk/id/4000000074604070,Hallival,,,,landform,Hill Or Mountain,139530,796250,1000,300000,139280,796000,139780,796500,PH43,http://data.ordnancesurvey.co.uk/id/postcodedistrict/PH43,,,,,,,Highland,http://data.ordnancesurvey.co.uk/id/7000000000186625,http://data.ordnancesurvey.co.uk/ontology/admingeo/UnitaryAuthority,Scotland,http://data.ordnancesurvey.co.uk/id/7000000000041429,Scotland,http://data.ordnancesurvey.co.uk/id/country/scotland,,,
osgb4000000074786428,http://data.ordnancesurvey.co.uk/id/4000000074786428,Camas na h-Àtha,,,,hydrography,Bay,130065,799908,4000,150000,129839,799625,130396,800125,PH44,http://data.ordnancesurvey.co.uk/id/postcodedistrict/PH44,,,,,,,Highland,http://data.ordnancesurvey.co.uk/id/7000000000186625,http://data.ordnancesurvey.co.uk/ontology/admingeo/UnitaryAuthority,Scotland,http://data.ordnancesurvey.co.uk/id/7000000000041429,Scotland,http://data.ordnancesurvey.co.uk/id/country/scotland,,,
osgb4000000074797285,http://data.ordnancesurvey.co.uk/id/4000000074797285,Long Loch,,,,hydrography,Inland Water,136327,798479,6000,500000,136078,798102,136578,799044,PH43,http://data.ordnancesurvey.co.uk/id/postcodedistrict/PH43,,,,,,,Highland,http://data.ordnancesurvey.co.uk/id/7000000000186625,http://data.ordnancesurvey.co.uk/ontology/admingeo/UnitaryAuthority,Scotland,http://data.ordnancesurvey.co.uk/id/7000000000041429,Scotland,http://data.ordnancesurvey.co.uk/id/country/scotland,,,
osgb4000000074750316,http://data.ordnancesurvey.co.uk/id/4000000074750316,Laimhrig a' Mhèig,,,,landform,Other Coastal Landform,139521,781115,1000,50000,139221,780865,139721,781365,PH41,http://data.ordnancesurvey.co.uk/id/postcodedistrict/PH41,,,,,,,Highland,http://data.ordnancesurvey.co.uk/id/7000000000186625,http://data.ordnancesurvey.co.uk/ontology/admingeo/UnitaryAuthority,Scotland,http://data.ordnancesurvey.co.uk/id/7000000000041429,Scotland,http://data.ordnancesurvey.co.uk/id/country/scotland,,,
osgb4000000074821791,http://data.ordnancesurvey.co.uk/id/4000000074821791,Nameless Corrie,,,,landform,Cirque Or Hollow,138306,793559,3000,30000,138065,793310,138565,793810,PH43,http://data.ordnancesurvey.co.uk/id/postcodedistrict/PH43,,,,,,,Highland,http://data.ordnancesurvey.co.uk/id/7000000000186625,http://data.ordnancesurvey.co.uk/ontology/admingeo/UnitaryAuthority,Scotland,http://data.ordnancesurvey.co.uk/id/7000000000041429,Scotland,http://data.ordnancesurvey.co.uk/id/country/scotland,,,
osgb4000000074797168,http://data.ordnancesurvey.co.uk/id/4000000074797168,Loch Fiachanais,,,,hydrography,Inland Water,135686,794700,3000,500000,135437,794443,135937,794943,PH43,http://data.ordnancesurvey.co.uk/id/postcodedistrict/PH43,,,,,,,Highland,http://data.ordnancesurvey.co.uk/id/7000000000186625,http://data.ordnancesurvey.co.uk/ontology/admingeo/UnitaryAuthority,Scotland,http://data.ordnancesurvey.co.uk/id/7000000000041429,Scotland,http://data.ordnancesurvey.co.uk/id/country/scotland,,,
osgb4000000074715129,http://data.ordnancesurvey.co.uk/id/4000000074715129,Àird an Eilein,,,,landform,Other Coastal Landform,139202,781493,2000,20000,138952,781159,139452,781659,PH41,http://data.ordnancesurvey.co.uk/id/postcodedistrict/PH41,,,,,,,Highland,http://data.ordnancesurvey.co.uk/id/7000000000186625,http://data.ordnancesurvey.co.uk/ontology/admingeo/UnitaryAuthority,Scotland,http://data.ordnancesurvey.co.uk/id/7000000000041429,Scotland,http://data.ordnancesurvey.co.uk/id/country/scotland,,,
osgb4000000074750952,http://data.ordnancesurvey.co.uk/id/4000000074750952,Rubha nam Meirleach,,,,landform,Coastal Headland,136790,791139,2000,750000,136567,790889,137067,791389,PH43,http://data.ordnancesurvey.co.uk/id/postcodedistrict/PH43,,,,,,,Highland,http://data.ordnancesurvey.co.uk/id/7000000000186625,http://data.ordnancesurvey.co.uk/ontology/admingeo/UnitaryAuthority,Scotland,http://data.ordnancesurvey.co.uk/id/7000000000041429,Scotland,http://data.ordnancesurvey.co.uk/id/country/scotland,,,
osgb4000000074604488,http://data.ordnancesurvey.co.uk/id/4000000074604488,Orval,,,,landform,Hill Or Mountain,133365,799110,1000,300000,133115,798860,133615,799360,PH43,http://data.ordnancesurvey.co.uk/id/postcodedistrict/PH43,,,,,,,Highland,http://data.ordnancesurvey.co.uk/id/7000000000186625,http://data.ordnancesurvey.co.uk/ontology/admingeo/UnitaryAuthority,Scotland,http://data.ordnancesurvey.co.uk/id/7000000000041429,Scotland,http://data.ordnancesurvey.co.uk/id/country/scotland,,,
osgb4000000074591971,http://data.ordnancesurvey.co.uk/id/4000000074591971,Beinn nan Stac,,,,landform,Hill Or Mountain,139589,794093,1000,300000,139339,793843,139839,794343,PH43,http://data.ordnancesurvey.co.uk/id/postcodedistrict/PH43,,,,,,,Highland,http://data.ordnancesurvey.co.uk/id/7000000000186625,http://data.ordnancesurvey.co.uk/ontology/admingeo/UnitaryAuthority,Scotland,http://data.ordnancesurvey.co.uk/id/7000000000041429,Scotland,http://data.ordnancesurvey.co.uk/id/country/scotland,,,
osgb4000000074797130,http://data.ordnancesurvey.co.uk/id/4000000074797130,Loch Bealach Mhic Nèill,,,,hydrography,Inland Water,137767,799093,3000,500000,137511,798697,138023,799217,PH43,http://data.ordnancesurvey.co.uk/id/postcodedistrict/PH43,,,,,,,Highland,http://data.ordnancesurvey.co.uk/id/7000000000186625,http://data.ordnancesurvey.co.uk/ontology/admingeo/UnitaryAuthority,Scotland,http://data.ordnancesurvey.co.uk/id/7000000000041429,Scotland,http://data.ordnancesurvey.co.uk/id/country/scotland,,,
osgb4000000074604069,http://data.ordnancesurvey.co.uk/id/4000000074604069,Ainshval,,,,landform,Hill Or Mountain,137813,794285,1000,300000,137563,794035,138063,794535,PH43,http://data.ordnancesurvey.co.uk/id/postcodedistrict/PH43,,,,,,,Highland,http://data.ordnancesurvey.co.uk/id/7000000000186625,http://data.ordnancesurvey.co.uk/ontology/admingeo/UnitaryAuthority,Scotland,http://data.ordnancesurvey.co.uk/id/7000000000041429,Scotland,http://data.ordnancesurvey.co.uk/id/country/scotland,,,
osgb4000000074604068,http://data.ordnancesurvey.co.uk/id/4000000074604068,Askival,,,,landform,Hill Or Mountain,139309,795223,1000,300000,139059,794973,139559,795473,PH43,http://data.ordnancesurvey.co.uk/id/postcodedistrict/PH43,,,,,,,Highland,http://data.ordnancesurvey.co.uk/id/7000000000186625,http://data.ordnancesurvey.co.uk/ontology/admingeo/UnitaryAuthority,Scotland,http://data.ordnancesurvey.co.uk/id/7000000000041429,Scotland,http://data.ordnancesurvey.co.uk/id/country/scotland,,,
osgb4000000074604067,http://data.ordnancesurvey.co.uk/id/4000000074604067,Sgùrr nan Gillean,,,,landform,Hill Or Mountain,138022,793048,1000,300000,137772,792798,138272,793298,PH43,http://data.ordnancesurvey.co.uk/id/postcodedistrict/PH43,,,,,,,Highland,http://data.ordnancesurvey.co.uk/id/7000000000186625,http://data.ordnancesurvey.co.uk/ontology/admingeo/UnitaryAuthority,Scotland,http://data.ordnancesurvey.co.uk/id/7000000000041429,Scotland,http://data.ordnancesurvey.co.uk/id/country/scotland,,,
osgb4000000074821676,http://data.ordnancesurvey.co.uk/id/4000000074821676,Summit Buttress,,,,landform,Cliff Or Slope,135498,794049,1000,15000,135249,793801,135749,794301,PH43,http://data.ordnancesurvey.co.uk/id/postcodedistrict/PH43,,,,,,,Highland,http://data.ordnancesurvey.co.uk/id/7000000000186625,http://data.ordnancesurvey.co.uk/ontology/admingeo/UnitaryAuthority,Scotland,http://data.ordnancesurvey.co.uk/id/7000000000041429,Scotland,http://data.ordnancesurvey.co.uk/id/country/scotland,,,
osgb4000000074786427,http://data.ordnancesurvey.co.uk/id/4000000074786427,Wreck Bay,,,,hydrography,Bay,130851,798030,2000,150000,130666,797812,131166,798312,PH44,http://data.ordnancesurvey.co.uk/id/postcodedistrict/PH44,,,,,,,Highland,http://data.ordnancesurvey.co.uk/id/7000000000186625,http://data.ordnancesurvey.co.uk/ontology/admingeo/UnitaryAuthority,Scotland,http://data.ordnancesurvey.co.uk/id/7000000000041429,Scotland,http://data.ordnancesurvey.co.uk/id/country/scotland,,,
osgb4000000074604486,http://data.ordnancesurvey.co.uk/id/4000000074604486,Gualann na Pairce,,,,landform,Hill Or Mountain,133077,796468,1000,300000,132827,796218,133327,796718,PH43,http://data.ordnancesurvey.co.uk/id/postcodedistrict/PH43,,,,,,,Highland,http://data.ordnancesurvey.co.uk/id/7000000000186625,http://data.ordnancesurvey.co.uk/ontology/admingeo/UnitaryAuthority,Scotland,http://data.ordnancesurvey.co.uk/id/7000000000041429,Scotland,http://data.ordnancesurvey.co.uk/id/country/scotland,,,
osgb4000000074748930,http://data.ordnancesurvey.co.uk/id/4000000074748930,Creag na Liùgh,,,,landform,Other Coastal Landform,139640,780459,1000,50000,139391,780225,139891,780725,PH41,http://data.ordnancesurvey.co.uk/id/postcodedistrict/PH41,,,,,,,Highland,http://data.ordnancesurvey.co.uk/id/7000000000186625,http://data.ordnancesurvey.co.uk/ontology/admingeo/UnitaryAuthority,Scotland,http://data.ordnancesurvey.co.uk/id/7000000000041429,Scotland,http://data.ordnancesurvey.co.uk/id/country/scotland,,,
osgb4000000074732090,http://data.ordnancesurvey.co.uk/id/4000000074732090,Monadh Mhiltich,,,,landcover,Other Landcover,135232,799505,9000,1300000,134515,799067,135960,799942,PH43,http://data.ordnancesurvey.co.uk/id/postcodedistrict/PH43,,,,,,,Highland,http://data.ordnancesurvey.co.uk/id/7000000000186625,http://data.ordnancesurvey.co.uk/ontology/admingeo/UnitaryAuthority,Scotland,http://data.ordnancesurvey.co.uk/id/7000000000041429,Scotland,http://data.ordnancesurvey.co.uk/id/country/scotland,,,
osgb4000000074719499,http://data.ordnancesurvey.co.uk/id/4000000074719499,Glen Dibidil,,,,landform,Valley,139056,793562,10000,800000,138617,792848,139495,794436,PH43,http://data.ordnancesurvey.co.uk/id/postcodedistrict/PH43,,,,,,,Highland,http://data.ordnancesurvey.co.uk/id/7000000000186625,http://data.ordnancesurvey.co.uk/ontology/admingeo/UnitaryAuthority,Scotland,http://data.ordnancesurvey.co.uk/id/7000000000041429,Scotland,http://data.ordnancesurvey.co.uk/id/country/scotland,,,
osgb4000000074719503,http://data.ordnancesurvey.co.uk/id/4000000074719503,Glen Duian,,,,landform,Valley,133711,797857,8000,800000,133383,797080,134039,798376,PH43,http://data.ordnancesurvey.co.uk/id/postcodedistrict/PH43,,,,,,,Highland,http://data.ordnancesurvey.co.uk/id/7000000000186625,http://data.ordnancesurvey.co.uk/ontology/admingeo/UnitaryAuthority,Scotland,http://data.ordnancesurvey.co.uk/id/7000000000041429,Scotland,http://data.ordnancesurvey.co.uk/id/country/scotland,,,
osgb4000000074719502,http://data.ordnancesurvey.co.uk/id/4000000074719502,Coire Dubh,,,,landform,Cirque Or Hollow,138833,797782,5000,30000,138502,797492,139235,798072,PH43,http://data.ordnancesurvey.co.uk/id/postcodedistrict/PH43,,,,,,,Highland,http://data.ordnancesurvey.co.uk/id/7000000000186625,http://data.ordnancesurvey.co.uk/ontology/admingeo/UnitaryAuthority,Scotland,http://data.ordnancesurvey.co.uk/id/7000000000041429,Scotland,http://data.ordnancesurvey.co.uk/id/country/scotland,,,
osgb4000000074821806,http://data.ordnancesurvey.co.uk/id/4000000074821806,Triangular Buttress,,,,landform,Cliff Or Slope,137294,795306,1000,15000,137035,795057,137535,795557,PH43,http://data.ordnancesurvey.co.uk/id/postcodedistrict/PH43,,,,,,,Highland,http://data.ordnancesurvey.co.uk/id/7000000000186625,http://data.ordnancesurvey.co.uk/ontology/admingeo/UnitaryAuthority,Scotland,http://data.ordnancesurvey.co.uk/id/7000000000041429,Scotland,http://data.ordnancesurvey.co.uk/id/country/scotland,,,
osgb4000000074821671,http://data.ordnancesurvey.co.uk/id/4000000074821671,Fiachanais Face,,,,landform,Cliff Or Slope,135686,794122,1000,15000,135436,793872,135936,794372,PH43,http://data.ordnancesurvey.co.uk/id/postcodedistrict/PH43,,,,,,,Highland,http://data.ordnancesurvey.co.uk/id/7000000000186625,http://data.ordnancesurvey.co.uk/ontology/admingeo/UnitaryAuthority,Scotland,http://data.ordnancesurvey.co.uk/id/7000000000041429,Scotland,http://data.ordnancesurvey.co.uk/id/country/scotland,,,
osgb4000000074821675,http://data.ordnancesurvey.co.uk/id/4000000074821675,South Buttress,,,,landform,Cliff Or Slope,135386,794113,1000,15000,135136,793863,135636,794363,PH43,http://data.ordnancesurvey.co.uk/id/postcodedistrict/PH43,,,,,,,Highland,http://data.ordnancesurvey.co.uk/id/7000000000186625,http://data.ordnancesurvey.co.uk/ontology/admingeo/UnitaryAuthority,Scotland,http://data.ordnancesurvey.co.uk/id/7000000000041429,Scotland,http://data.ordnancesurvey.co.uk/id/country/scotland,,,
osgb4000000074715130,http://data.ordnancesurvey.co.uk/id/4000000074715130,Sròn na h-Iolaire,,,,landform,Other Coastal Landform,138723,791427,1000,20000,138475,791177,138975,791677,PH43,http://data.ordnancesurvey.co.uk/id/postcodedistrict/PH43,,,,,,,Highland,http://data.ordnancesurvey.co.uk/id/7000000000186625,http://data.ordnancesurvey.co.uk/ontology/admingeo/UnitaryAuthority,Scotland,http://data.ordnancesurvey.co.uk/id/7000000000041429,Scotland,http://data.ordnancesurvey.co.uk/id/country/scotland,,,
osgb4000000074797129,http://data.ordnancesurvey.co.uk/id/4000000074797129,Lochan Dubh a' Mhaim,,,,hydrography,Inland Water,138219,799118,1000,500000,137969,798862,138469,799362,PH43,http://data.ordnancesurvey.co.uk/id/postcodedistrict/PH43,,,,,,,Highland,http://data.ordnancesurvey.co.uk/id/7000000000186625,http://data.ordnancesurvey.co.uk/ontology/admingeo/UnitaryAuthority,Scotland,http://data.ordnancesurvey.co.uk/id/7000000000041429,Scotland,http://data.ordnancesurvey.co.uk/id/country/scotland,,,
osgb4000000074591882,http://data.ordnancesurvey.co.uk/id/4000000074591882,Sròn an t-Saighdeir,,,,landform,Hill Or Mountain,132306,798957,1000,300000,132056,798707,132556,799207,PH43,http://data.ordnancesurvey.co.uk/id/postcodedistrict/PH43,,,,,,,Highland,http://data.ordnancesurvey.co.uk/id/7000000000186625,http://data.ordnancesurvey.co.uk/ontology/admingeo/UnitaryAuthority,Scotland,http://data.ordnancesurvey.co.uk/id/7000000000041429,Scotland,http://data.ordnancesurvey.co.uk/id/country/scotland,,,
osgb4000000074821673,http://data.ordnancesurvey.co.uk/id/4000000074821673,Highlander Buttress,,,,landform,Cliff Or Slope,135505,794152,1000,15000,135255,793903,135755,794403,PH43,http://data.ordnancesurvey.co.uk/id/postcodedistrict/PH43,,,,,,,Highland,http://data.ordnancesurvey.co.uk/id/7000000000186625,http://data.ordnancesurvey.co.uk/ontology/admingeo/UnitaryAuthority,Scotland,http://data.ordnancesurvey.co.uk/id/7000000000041429,Scotland,http://data.ordnancesurvey.co.uk/id/country/scotland,,,
osgb4000000074797286,http://data.ordnancesurvey.co.uk/id/4000000074797286,Loch a' Ghille Reamhra,,,,hydrography,Inland Water,134504,799620,1000,500000,134254,799369,134754,799869,PH43,http://data.ordnancesurvey.co.uk/id/postcodedistrict/PH43,,,,,,,Highland,http://data.ordnancesurvey.co.uk/id/7000000000186625,http://data.ordnancesurvey.co.uk/ontology/admingeo/UnitaryAuthority,Scotland,http://data.ordnancesurvey.co.uk/id/7000000000041429,Scotland,http://data.ordnancesurvey.co.uk/id/country/scotland,,,
osgb4000000074750955,http://data.ordnancesurvey.co.uk/id/4000000074750955,Inbhir Ghil,,,,landform,Other Coastal Landform,135801,792695,1000,20000,135551,792443,136051,792943,PH43,http://data.ordnancesurvey.co.uk/id/postcodedistrict/PH43,,,,,,,Highland,http://data.ordnancesurvey.co.uk/id/7000000000186625,http://data.ordnancesurvey.co.uk/ontology/admingeo/UnitaryAuthority,Scotland,http://data.ordnancesurvey.co.uk/id/7000000000041429,Scotland,http://data.ordnancesurvey.co.uk/id/country/scotland,,,
osgb4000000074604485,http://data.ordnancesurvey.co.uk/id/4000000074604485,Ruinsival,,,,landform,Hill Or Mountain,135617,794074,1000,300000,135367,793824,135867,794324,PH43,http://data.ordnancesurvey.co.uk/id/postcodedistrict/PH43,,,,,,,Highland,http://data.ordnancesurvey.co.uk/id/7000000000186625,http://data.ordnancesurvey.co.uk/ontology/admingeo/UnitaryAuthority,Scotland,http://data.ordnancesurvey.co.uk/id/7000000000041429,Scotland,http://data.ordnancesurvey.co.uk/id/country/scotland,,,
osgb4000000074588971,http://data.ordnancesurvey.co.uk/id/4000000074588971,Eilean Àird nan Uan,,,,landform,Island,139997,780946,4000,800000,139747,780769,140247,781355,PH41,http://data.ordnancesurvey.co.uk/id/postcodedistrict/PH41,,,,,,,Highland,http://data.ordnancesurvey.co.uk/id/7000000000186625,http://data.ordnancesurvey.co.uk/ontology/admingeo/UnitaryAuthority,Scotland,http://data.ordnancesurvey.co.uk/id/7000000000041429,Scotland,http://data.ordnancesurvey.co.uk/id/country/scotland,,,
osgb4000000074622856,http://data.ordnancesurvey.co.uk/id/4000000074622856,Trollabhal,,,,landform,Hill Or Mountain,137737,795205,1000,300000,137487,794955,137987,795455,PH43,http://data.ordnancesurvey.co.uk/id/postcodedistrict/PH43,,,,,,,Highland,http://data.ordnancesurvey.co.uk/id/7000000000186625,http://data.ordnancesurvey.co.uk/ontology/admingeo/UnitaryAuthority,Scotland,http://data.ordnancesurvey.co.uk/id/7000000000041429,Scotland,http://data.ordnancesurvey.co.uk/id/country/scotland,,,
osgb4000000074797167,http://data.ordnancesurvey.co.uk/id/4000000074797167,Loch Papadil,,,,hydrography,Inland Water,136458,792116,3000,500000,136208,791854,136708,792354,PH43,http://data.ordnancesurvey.co.uk/id/postcodedistrict/PH43,,,,,,,Highland,http://data.ordnancesurvey.co.uk/id/7000000000186625,http://data.ordnancesurvey.co.uk/ontology/admingeo/UnitaryAuthority,Scotland,http://data.ordnancesurvey.co.uk/id/7000000000041429,Scotland,http://data.ordnancesurvey.co.uk/id/country/scotland,,,
osgb4000000074821785,http://data.ordnancesurvey.co.uk/id/4000000074821785,Sandy Corrie,,,,landform,Cirque Or Hollow,137260,794020,4000,30000,137038,793770,137606,794270,PH43,http://data.ordnancesurvey.co.uk/id/postcodedistrict/PH43,,,,,,,Highland,http://data.ordnancesurvey.co.uk/id/7000000000186625,http://data.ordnancesurvey.co.uk/ontology/admingeo/UnitaryAuthority,Scotland,http://data.ordnancesurvey.co.uk/id/7000000000041429,Scotland,http://data.ordnancesurvey.co.uk/id/country/scotland,,,
osgb4000000074748099,http://data.ordnancesurvey.co.uk/id/4000000074748099,Papadil Pinnacle,,,,landform,Other Coastal Landform,136426,791834,1000,50000,136177,791583,136677,792083,PH43,http://data.ordnancesurvey.co.uk/id/postcodedistrict/PH43,,,,,,,Highland,http://data.ordnancesurvey.co.uk/id/7000000000186625,http://data.ordnancesurvey.co.uk/ontology/admingeo/UnitaryAuthority,Scotland,http://data.ordnancesurvey.co.uk/id/7000000000041429,Scotland,http://data.ordnancesurvey.co.uk/id/country/scotland,,,
osgb4000000074586853,http://data.ordnancesurvey.co.uk/id/4000000074586853,Rùm,,,,landform,Island,136046,798099,92000,800000,129316,790875,142775,805000,PH43,http://data.ordnancesurvey.co.uk/id/postcodedistrict/PH43,,,,,,,Highland,http://data.ordnancesurvey.co.uk/id/7000000000186625,http://data.ordnancesurvey.co.uk/ontology/admingeo/UnitaryAuthority,Scotland,http://data.ordnancesurvey.co.uk/id/7000000000041429,Scotland,http://data.ordnancesurvey.co.uk/id/country/scotland,,,
osgb4000000074604487,http://data.ordnancesurvey.co.uk/id/4000000074604487,Àrd Nev,,,,landform,Hill Or Mountain,134602,798624,1000,300000,134352,798374,134852,798874,PH43,http://data.ordnancesurvey.co.uk/id/postcodedistrict/PH43,,,,,,,Highland,http://data.ordnancesurvey.co.uk/id/7000000000186625,http://data.ordnancesurvey.co.uk/ontology/admingeo/UnitaryAuthority,Scotland,http://data.ordnancesurvey.co.uk/id/7000000000041429,Scotland,http://data.ordnancesurvey.co.uk/id/country/scotland,,,
osgb4000000074748100,http://data.ordnancesurvey.co.uk/id/4000000074748100,Rubha Sgòrr an t-Snidhe,,,,landform,Other Coastal Landform,134384,793099,1000,50000,134155,792849,134655,793349,PH43,http://data.ordnancesurvey.co.uk/id/postcodedistrict/PH43,,,,,,,Highland,http://data.ordnancesurvey.co.uk/id/7000000000186625,http://data.ordnancesurvey.co.uk/ontology/admingeo/UnitaryAuthority,Scotland,http://data.ordnancesurvey.co.uk/id/7000000000041429,Scotland,http://data.ordnancesurvey.co.uk/id/country/scotland,,,
osgb4000000074588996,http://data.ordnancesurvey.co.uk/id/4000000074588996,Fist and Finger Stack,,,,landform,Other Coastal Landform,134779,792870,1000,50000,134530,792620,135030,793120,PH43,http://data.ordnancesurvey.co.uk/id/postcodedistrict/PH43,,,,,,,Highland,http://data.ordnancesurvey.co.uk/id/7000000000186625,http://data.ordnancesurvey.co.uk/ontology/admingeo/UnitaryAuthority,Scotland,http://data.ordnancesurvey.co.uk/id/7000000000041429,Scotland,http://data.ordnancesurvey.co.uk/id/country/scotland,,,
osgb4000000074784458,http://data.ordnancesurvey.co.uk/id/4000000074784458,Harris Buttress,,,,landform,Cliff Or Slope,137526,795159,2000,15000,137277,794909,137777,795409,PH43,http://data.ordnancesurvey.co.uk/id/postcodedistrict/PH43,,,,,,,Highland,http://data.ordnancesurvey.co.uk/id/7000000000186625,http://data.ordnancesurvey.co.uk/ontology/admingeo/UnitaryAuthority,Scotland,http://data.ordnancesurvey.co.uk/id/7000000000041429,Scotland,http://data.ordnancesurvey.co.uk/id/country/scotland,,,
