﻿osgb4000000074543030,http://data.ordnancesurvey.co.uk/id/4000000074543030,Gearr Lochaidh,gla,Gairlochy,eng,populatedPlace,Other Settlement,217574,784227,15000,25000,217201,783369,218999,784646,PH34,http://data.ordnancesurvey.co.uk/id/postcodedistrict/PH34,,,,,,,Highland,http://data.ordnancesurvey.co.uk/id/7000000000186625,http://data.ordnancesurvey.co.uk/ontology/admingeo/UnitaryAuthority,Scotland,http://data.ordnancesurvey.co.uk/id/7000000000041429,Scotland,http://data.ordnancesurvey.co.uk/id/country/scotland,,http://dbpedia.org/resource/Gairlochy,http://sws.geonames.org/2648939
osgb4000000074548668,http://data.ordnancesurvey.co.uk/id/4000000074548668,Highbridge,,,,populatedPlace,Hamlet,219888,782012,5000,25000,219625,781753,220125,782253,PH34,http://data.ordnancesurvey.co.uk/id/postcodedistrict/PH34,,,,,,,Highland,http://data.ordnancesurvey.co.uk/id/7000000000186625,http://data.ordnancesurvey.co.uk/ontology/admingeo/UnitaryAuthority,Scotland,http://data.ordnancesurvey.co.uk/id/7000000000041429,Scotland,http://data.ordnancesurvey.co.uk/id/country/scotland,,,
osgb4000000074541301,http://data.ordnancesurvey.co.uk/id/4000000074541301,Muirshearlich,,,,populatedPlace,Hamlet,213937,780580,5000,25000,213593,780147,214397,780973,PH33,http://data.ordnancesurvey.co.uk/id/postcodedistrict/PH33,,,,,,,Highland,http://data.ordnancesurvey.co.uk/id/7000000000186625,http://data.ordnancesurvey.co.uk/ontology/admingeo/UnitaryAuthority,Scotland,http://data.ordnancesurvey.co.uk/id/7000000000041429,Scotland,http://data.ordnancesurvey.co.uk/id/country/scotland,,http://dbpedia.org/resource/Muirshearlich,
osgb4000000074549048,http://data.ordnancesurvey.co.uk/id/4000000074549048,Achnacarry,,,,populatedPlace,Hamlet,217526,787906,5000,25000,217236,787614,217740,788114,PH34,http://data.ordnancesurvey.co.uk/id/postcodedistrict/PH34,,,,,,,Highland,http://data.ordnancesurvey.co.uk/id/7000000000186625,http://data.ordnancesurvey.co.uk/ontology/admingeo/UnitaryAuthority,Scotland,http://data.ordnancesurvey.co.uk/id/7000000000041429,Scotland,http://data.ordnancesurvey.co.uk/id/country/scotland,,http://dbpedia.org/resource/Achnacarry,
osgb4000000074548669,http://data.ordnancesurvey.co.uk/id/4000000074548669,Kilmonivaig,,,,populatedPlace,Hamlet,217122,783120,5000,25000,216830,782694,217330,783231,PH34,http://data.ordnancesurvey.co.uk/id/postcodedistrict/PH34,,,,,,,Highland,http://data.ordnancesurvey.co.uk/id/7000000000186625,http://data.ordnancesurvey.co.uk/ontology/admingeo/UnitaryAuthority,Scotland,http://data.ordnancesurvey.co.uk/id/7000000000041429,Scotland,http://data.ordnancesurvey.co.uk/id/country/scotland,,http://dbpedia.org/resource/Kilmonivaig,
PH344EX,http://data.ordnancesurvey.co.uk/id/postcodeunit/PH344EX,PH34 4EX,,,,other,Postcode,219403,781343,3500,18000,,,,,,,,,,,,,Highland,http://data.ordnancesurvey.co.uk/id/7000000000186625,http://data.ordnancesurvey.co.uk/ontology/admingeo/UnitaryAuthority,Scotland,http://data.ordnancesurvey.co.uk/id/7000000000041429,Scotland,http://data.ordnancesurvey.co.uk/id/country/scotland,,,
PH344EJ,http://data.ordnancesurvey.co.uk/id/postcodeunit/PH344EJ,PH34 4EJ,,,,other,Postcode,218706,787792,3500,18000,,,,,,,,,,,,,Highland,http://data.ordnancesurvey.co.uk/id/7000000000186625,http://data.ordnancesurvey.co.uk/ontology/admingeo/UnitaryAuthority,Scotland,http://data.ordnancesurvey.co.uk/id/7000000000041429,Scotland,http://data.ordnancesurvey.co.uk/id/country/scotland,,,
PH344EQ,http://data.ordnancesurvey.co.uk/id/postcodeunit/PH344EQ,PH34 4EQ,,,,other,Postcode,218256,783875,3500,18000,,,,,,,Gearr Lochaidh / Gairlochy,http://data.ordnancesurvey.co.uk/id/4000000074543030,http://www.ordnancesurvey.co.uk/xml/codelists/localtype.xml#otherSettlement,,,,Highland,http://data.ordnancesurvey.co.uk/id/7000000000186625,http://data.ordnancesurvey.co.uk/ontology/admingeo/UnitaryAuthority,Scotland,http://data.ordnancesurvey.co.uk/id/7000000000041429,Scotland,http://data.ordnancesurvey.co.uk/id/country/scotland,,,
PH337PD,http://data.ordnancesurvey.co.uk/id/postcodeunit/PH337PD,PH33 7PD,,,,other,Postcode,214537,781934,3500,18000,,,,,,,,,,,,,Highland,http://data.ordnancesurvey.co.uk/id/7000000000186625,http://data.ordnancesurvey.co.uk/ontology/admingeo/UnitaryAuthority,Scotland,http://data.ordnancesurvey.co.uk/id/7000000000041429,Scotland,http://data.ordnancesurvey.co.uk/id/country/scotland,,,
PH344EL,http://data.ordnancesurvey.co.uk/id/postcodeunit/PH344EL,PH34 4EL,,,,other,Postcode,206318,792250,3500,18000,,,,,,,,,,,,,Highland,http://data.ordnancesurvey.co.uk/id/7000000000186625,http://data.ordnancesurvey.co.uk/ontology/admingeo/UnitaryAuthority,Scotland,http://data.ordnancesurvey.co.uk/id/7000000000041429,Scotland,http://data.ordnancesurvey.co.uk/id/country/scotland,,,
osgb4000000004306068,http://data.ordnancesurvey.co.uk/id/4000000004306068,B8005,,,,transportNetwork,Numbered Road,218670,786464,31000,250000,217227,784131,220085,788848,PH34,http://data.ordnancesurvey.co.uk/id/postcodedistrict/PH34,,,,,,,Highland,http://data.ordnancesurvey.co.uk/id/7000000000186625,http://data.ordnancesurvey.co.uk/ontology/admingeo/UnitaryAuthority,Scotland,http://data.ordnancesurvey.co.uk/id/7000000000041429,Scotland,http://data.ordnancesurvey.co.uk/id/country/scotland,,,
osgb5000005230795681,http://data.ordnancesurvey.co.uk/id/5000005230795681,General Wade's Military Road,,,,transportNetwork,Named Road,219864,783106,13000,20000,219863,782573,220788,784537,PH34,http://data.ordnancesurvey.co.uk/id/postcodedistrict/PH34,,,,,,,Highland,http://data.ordnancesurvey.co.uk/id/7000000000186625,http://data.ordnancesurvey.co.uk/ontology/admingeo/UnitaryAuthority,Scotland,http://data.ordnancesurvey.co.uk/id/7000000000041429,Scotland,http://data.ordnancesurvey.co.uk/id/country/scotland,,,
osgb4000000074793424,http://data.ordnancesurvey.co.uk/id/4000000074793424,Lochan Druim na Giùthsaich,,,,hydrography,Inland Water,207377,788709,1000,500000,207127,788460,207627,788960,PH34,http://data.ordnancesurvey.co.uk/id/postcodedistrict/PH34,,,,,,,Highland,http://data.ordnancesurvey.co.uk/id/7000000000186625,http://data.ordnancesurvey.co.uk/ontology/admingeo/UnitaryAuthority,Scotland,http://data.ordnancesurvey.co.uk/id/7000000000041429,Scotland,http://data.ordnancesurvey.co.uk/id/country/scotland,,,
osgb4000000074592090,http://data.ordnancesurvey.co.uk/id/4000000074592090,Còmhnard Coire nan Geur-Oirean,,,,landform,Hill Or Mountain,203775,790197,1000,300000,203525,789947,204025,790447,PH34,http://data.ordnancesurvey.co.uk/id/postcodedistrict/PH34,,,,,,,Highland,http://data.ordnancesurvey.co.uk/id/7000000000186625,http://data.ordnancesurvey.co.uk/ontology/admingeo/UnitaryAuthority,Scotland,http://data.ordnancesurvey.co.uk/id/7000000000041429,Scotland,http://data.ordnancesurvey.co.uk/id/country/scotland,,,
osgb4000000074718819,http://data.ordnancesurvey.co.uk/id/4000000074718819,Gleann Cia-aig,,,,landform,Valley,218305,791493,23000,800000,217708,789321,218902,792887,PH34,http://data.ordnancesurvey.co.uk/id/postcodedistrict/PH34,,,,,,,Highland,http://data.ordnancesurvey.co.uk/id/7000000000186625,http://data.ordnancesurvey.co.uk/ontology/admingeo/UnitaryAuthority,Scotland,http://data.ordnancesurvey.co.uk/id/7000000000041429,Scotland,http://data.ordnancesurvey.co.uk/id/country/scotland,,,
osgb4000000074793476,http://data.ordnancesurvey.co.uk/id/4000000074793476,Lochan na Curra,,,,hydrography,Inland Water,210258,799532,1000,500000,210005,799283,210505,799783,PH35,http://data.ordnancesurvey.co.uk/id/postcodedistrict/PH35,,,,,,,Highland,http://data.ordnancesurvey.co.uk/id/7000000000186625,http://data.ordnancesurvey.co.uk/ontology/admingeo/UnitaryAuthority,Scotland,http://data.ordnancesurvey.co.uk/id/7000000000041429,Scotland,http://data.ordnancesurvey.co.uk/id/country/scotland,,,
osgb4000000074778538,http://data.ordnancesurvey.co.uk/id/4000000074778538,Rubha Giubhais,,,,landform,Other Landform,202338,792145,2000,15000,202093,791896,202593,792396,PH34,http://data.ordnancesurvey.co.uk/id/postcodedistrict/PH34,,,,,,,Highland,http://data.ordnancesurvey.co.uk/id/7000000000186625,http://data.ordnancesurvey.co.uk/ontology/admingeo/UnitaryAuthority,Scotland,http://data.ordnancesurvey.co.uk/id/7000000000041429,Scotland,http://data.ordnancesurvey.co.uk/id/country/scotland,,,
osgb4000000074605826,http://data.ordnancesurvey.co.uk/id/4000000074605826,Meall na h-Eilde,,,,landform,Hill Or Mountain,218552,794623,1000,300000,218302,794373,218802,794873,PH34,http://data.ordnancesurvey.co.uk/id/postcodedistrict/PH34,,,,,,,Highland,http://data.ordnancesurvey.co.uk/id/7000000000186625,http://data.ordnancesurvey.co.uk/ontology/admingeo/UnitaryAuthority,Scotland,http://data.ordnancesurvey.co.uk/id/7000000000041429,Scotland,http://data.ordnancesurvey.co.uk/id/country/scotland,,,
osgb4000000074807377,http://data.ordnancesurvey.co.uk/id/4000000074807377,Lochan Dubh,,,,hydrography,Inland Water,206096,795430,4000,500000,205847,795176,206347,795848,PH34,http://data.ordnancesurvey.co.uk/id/postcodedistrict/PH34,,,,,,,Highland,http://data.ordnancesurvey.co.uk/id/7000000000186625,http://data.ordnancesurvey.co.uk/ontology/admingeo/UnitaryAuthority,Scotland,http://data.ordnancesurvey.co.uk/id/7000000000041429,Scotland,http://data.ordnancesurvey.co.uk/id/country/scotland,,,
osgb4000000074820098,http://data.ordnancesurvey.co.uk/id/4000000074820098,Eas Chia-aig,,,,hydrography,Waterfall,217585,788896,1000,15000,217336,788646,217836,789146,PH34,http://data.ordnancesurvey.co.uk/id/postcodedistrict/PH34,,,,,,,Highland,http://data.ordnancesurvey.co.uk/id/7000000000186625,http://data.ordnancesurvey.co.uk/ontology/admingeo/UnitaryAuthority,Scotland,http://data.ordnancesurvey.co.uk/id/7000000000041429,Scotland,http://data.ordnancesurvey.co.uk/id/country/scotland,,,
osgb4000000074719421,http://data.ordnancesurvey.co.uk/id/4000000074719421,Gleann a' Chàm Dhoire,,,,landform,Valley,205727,786566,22000,800000,204086,785999,207431,787133,PH34,http://data.ordnancesurvey.co.uk/id/postcodedistrict/PH34,,,,,,,Highland,http://data.ordnancesurvey.co.uk/id/7000000000186625,http://data.ordnancesurvey.co.uk/ontology/admingeo/UnitaryAuthority,Scotland,http://data.ordnancesurvey.co.uk/id/7000000000041429,Scotland,http://data.ordnancesurvey.co.uk/id/country/scotland,,,
osgb4000000074607085,http://data.ordnancesurvey.co.uk/id/4000000074607085,Sgùrr Mhurlagain,,,,landform,Hill Or Mountain,201260,794466,1000,300000,201010,794216,201510,794716,PH34,http://data.ordnancesurvey.co.uk/id/postcodedistrict/PH34,,,,,,,Highland,http://data.ordnancesurvey.co.uk/id/7000000000186625,http://data.ordnancesurvey.co.uk/ontology/admingeo/UnitaryAuthority,Scotland,http://data.ordnancesurvey.co.uk/id/7000000000041429,Scotland,http://data.ordnancesurvey.co.uk/id/country/scotland,,,
osgb4000000074806913,http://data.ordnancesurvey.co.uk/id/4000000074806913,Loch Blàir,,,,hydrography,Inland Water,205562,794480,9000,500000,205255,793784,205869,795095,PH34,http://data.ordnancesurvey.co.uk/id/postcodedistrict/PH34,,,,,,,Highland,http://data.ordnancesurvey.co.uk/id/7000000000186625,http://data.ordnancesurvey.co.uk/ontology/admingeo/UnitaryAuthority,Scotland,http://data.ordnancesurvey.co.uk/id/7000000000041429,Scotland,http://data.ordnancesurvey.co.uk/id/country/scotland,,,
osgb4000000074706460,http://data.ordnancesurvey.co.uk/id/4000000074706460,Doire Garbh,,,,landcover,Woodland Or Forest,216438,799350,4000,400000,216189,799089,216689,799680,PH35,http://data.ordnancesurvey.co.uk/id/postcodedistrict/PH35,,,,,,,Highland,http://data.ordnancesurvey.co.uk/id/7000000000186625,http://data.ordnancesurvey.co.uk/ontology/admingeo/UnitaryAuthority,Scotland,http://data.ordnancesurvey.co.uk/id/7000000000041429,Scotland,http://data.ordnancesurvey.co.uk/id/country/scotland,,,
osgb4000000074605821,http://data.ordnancesurvey.co.uk/id/4000000074605821,Meall an Tagraidh,eng,Meall an t-Sagairt,gla,landform,Hill Or Mountain,219465,794054,1000,300000,219215,793804,219715,794304,PH34,http://data.ordnancesurvey.co.uk/id/postcodedistrict/PH34,,,,,,,Highland,http://data.ordnancesurvey.co.uk/id/7000000000186625,http://data.ordnancesurvey.co.uk/ontology/admingeo/UnitaryAuthority,Scotland,http://data.ordnancesurvey.co.uk/id/7000000000041429,Scotland,http://data.ordnancesurvey.co.uk/id/country/scotland,,,
osgb4000000074718883,http://data.ordnancesurvey.co.uk/id/4000000074718883,Coire nan Geur-oirean,,,,landform,Valley,204993,789816,12000,800000,204649,789415,205338,791205,PH34,http://data.ordnancesurvey.co.uk/id/postcodedistrict/PH34,,,,,,,Highland,http://data.ordnancesurvey.co.uk/id/7000000000186625,http://data.ordnancesurvey.co.uk/ontology/admingeo/UnitaryAuthority,Scotland,http://data.ordnancesurvey.co.uk/id/7000000000041429,Scotland,http://data.ordnancesurvey.co.uk/id/country/scotland,,,
osgb4000000074732109,http://data.ordnancesurvey.co.uk/id/4000000074732109,Monadh Uisge Mhuilinn,,,,landcover,Other Landcover,214393,784330,19000,1300000,212871,783579,215760,785082,PH33,http://data.ordnancesurvey.co.uk/id/postcodedistrict/PH33,,,,,,,Highland,http://data.ordnancesurvey.co.uk/id/7000000000186625,http://data.ordnancesurvey.co.uk/ontology/admingeo/UnitaryAuthority,Scotland,http://data.ordnancesurvey.co.uk/id/7000000000041429,Scotland,http://data.ordnancesurvey.co.uk/id/country/scotland,,,
osgb4000000074778706,http://data.ordnancesurvey.co.uk/id/4000000074778706,Rubha Allt a' Bhradain,,,,landform,Other Landform,218763,786617,2000,15000,218514,786366,219014,786866,PH34,http://data.ordnancesurvey.co.uk/id/postcodedistrict/PH34,,,,,,,Highland,http://data.ordnancesurvey.co.uk/id/7000000000186625,http://data.ordnancesurvey.co.uk/ontology/admingeo/UnitaryAuthority,Scotland,http://data.ordnancesurvey.co.uk/id/7000000000041429,Scotland,http://data.ordnancesurvey.co.uk/id/country/scotland,,,
osgb4000000074606248,http://data.ordnancesurvey.co.uk/id/4000000074606248,Sgùrr Chòinnich,,,,landform,Hill Or Mountain,212774,794971,1000,300000,212524,794721,213024,795221,PH35,http://data.ordnancesurvey.co.uk/id/postcodedistrict/PH35,,,,,,,Highland,http://data.ordnancesurvey.co.uk/id/7000000000186625,http://data.ordnancesurvey.co.uk/ontology/admingeo/UnitaryAuthority,Scotland,http://data.ordnancesurvey.co.uk/id/7000000000041429,Scotland,http://data.ordnancesurvey.co.uk/id/country/scotland,,,
osgb4000000074718873,http://data.ordnancesurvey.co.uk/id/4000000074718873,Coire Mhuilinn,,,,landform,Valley,212968,785225,10000,800000,212521,783982,213416,785567,PH33,http://data.ordnancesurvey.co.uk/id/postcodedistrict/PH33,,,,,,,Highland,http://data.ordnancesurvey.co.uk/id/7000000000186625,http://data.ordnancesurvey.co.uk/ontology/admingeo/UnitaryAuthority,Scotland,http://data.ordnancesurvey.co.uk/id/7000000000041429,Scotland,http://data.ordnancesurvey.co.uk/id/country/scotland,,,
osgb4000000074588710,http://data.ordnancesurvey.co.uk/id/4000000074588710,Coire Dubh,,,,landform,Cirque Or Hollow,208243,782731,4000,30000,207919,782473,208580,782990,PH33,http://data.ordnancesurvey.co.uk/id/postcodedistrict/PH33,,,,,,,Highland,http://data.ordnancesurvey.co.uk/id/7000000000186625,http://data.ordnancesurvey.co.uk/ontology/admingeo/UnitaryAuthority,Scotland,http://data.ordnancesurvey.co.uk/id/7000000000041429,Scotland,http://data.ordnancesurvey.co.uk/id/country/scotland,,,
osgb4000000074706458,http://data.ordnancesurvey.co.uk/id/4000000074706458,Coille Achadh nan Sabhal,,,,landcover,Woodland Or Forest,216813,789181,15000,400000,215549,788749,217912,789614,PH34,http://data.ordnancesurvey.co.uk/id/postcodedistrict/PH34,,,,,,,Highland,http://data.ordnancesurvey.co.uk/id/7000000000186625,http://data.ordnancesurvey.co.uk/ontology/admingeo/UnitaryAuthority,Scotland,http://data.ordnancesurvey.co.uk/id/7000000000041429,Scotland,http://data.ordnancesurvey.co.uk/id/country/scotland,,,
osgb4000000074778764,http://data.ordnancesurvey.co.uk/id/4000000074778764,Rubha na Maoil Aird,,,,landform,Other Landform,213179,789568,2000,15000,212929,789324,213429,789824,PH34,http://data.ordnancesurvey.co.uk/id/postcodedistrict/PH34,,,,,,,Highland,http://data.ordnancesurvey.co.uk/id/7000000000186625,http://data.ordnancesurvey.co.uk/ontology/admingeo/UnitaryAuthority,Scotland,http://data.ordnancesurvey.co.uk/id/7000000000041429,Scotland,http://data.ordnancesurvey.co.uk/id/country/scotland,,,
osgb4000000074718879,http://data.ordnancesurvey.co.uk/id/4000000074718879,Coire na Còsaig,,,,landform,Cirque Or Hollow,217385,792389,3000,30000,217124,792139,217647,792639,PH34,http://data.ordnancesurvey.co.uk/id/postcodedistrict/PH34,,,,,,,Highland,http://data.ordnancesurvey.co.uk/id/7000000000186625,http://data.ordnancesurvey.co.uk/ontology/admingeo/UnitaryAuthority,Scotland,http://data.ordnancesurvey.co.uk/id/7000000000041429,Scotland,http://data.ordnancesurvey.co.uk/id/country/scotland,,,
osgb4000000074605397,http://data.ordnancesurvey.co.uk/id/4000000074605397,Beinn Mheadhoin,,,,landform,Hill Or Mountain,215767,792625,1000,300000,215517,792375,216017,792875,PH34,http://data.ordnancesurvey.co.uk/id/postcodedistrict/PH34,,,,,,,Highland,http://data.ordnancesurvey.co.uk/id/7000000000186625,http://data.ordnancesurvey.co.uk/ontology/admingeo/UnitaryAuthority,Scotland,http://data.ordnancesurvey.co.uk/id/7000000000041429,Scotland,http://data.ordnancesurvey.co.uk/id/country/scotland,,,
osgb4000000074793352,http://data.ordnancesurvey.co.uk/id/4000000074793352,Lochan na Geàrr Leacainn,,,,hydrography,Inland Water,218894,796618,1000,500000,218644,796381,219144,796881,PH35,http://data.ordnancesurvey.co.uk/id/postcodedistrict/PH35,,,,,,,Highland,http://data.ordnancesurvey.co.uk/id/7000000000186625,http://data.ordnancesurvey.co.uk/ontology/admingeo/UnitaryAuthority,Scotland,http://data.ordnancesurvey.co.uk/id/7000000000041429,Scotland,http://data.ordnancesurvey.co.uk/id/country/scotland,,,
osgb4000000074810410,http://data.ordnancesurvey.co.uk/id/4000000074810410,Glas Bheinn,,,,landform,Hill Or Mountain,213377,797475,1000,300000,213127,797225,213627,797725,PH35,http://data.ordnancesurvey.co.uk/id/postcodedistrict/PH35,,,,,,,Highland,http://data.ordnancesurvey.co.uk/id/7000000000186625,http://data.ordnancesurvey.co.uk/ontology/admingeo/UnitaryAuthority,Scotland,http://data.ordnancesurvey.co.uk/id/7000000000041429,Scotland,http://data.ordnancesurvey.co.uk/id/country/scotland,,,
osgb4000000074718876,http://data.ordnancesurvey.co.uk/id/4000000074718876,Gleann Sùileag,,,,landform,Valley,202375,780040,26000,800000,201593,779449,203157,783485,PH33,http://data.ordnancesurvey.co.uk/id/postcodedistrict/PH33,,,,,,,Highland,http://data.ordnancesurvey.co.uk/id/7000000000186625,http://data.ordnancesurvey.co.uk/ontology/admingeo/UnitaryAuthority,Scotland,http://data.ordnancesurvey.co.uk/id/7000000000041429,Scotland,http://data.ordnancesurvey.co.uk/id/country/scotland,,,
osgb4000000074606245,http://data.ordnancesurvey.co.uk/id/4000000074606245,Meall Tarsuinn,,,,landform,Hill Or Mountain,216829,796020,1000,300000,216579,795770,217079,796270,PH35,http://data.ordnancesurvey.co.uk/id/postcodedistrict/PH35,,,,,,,Highland,http://data.ordnancesurvey.co.uk/id/7000000000186625,http://data.ordnancesurvey.co.uk/ontology/admingeo/UnitaryAuthority,Scotland,http://data.ordnancesurvey.co.uk/id/7000000000041429,Scotland,http://data.ordnancesurvey.co.uk/id/country/scotland,,,
osgb4000000074718888,http://data.ordnancesurvey.co.uk/id/4000000074718888,Coire Loch Blàir,,,,landform,Cirque Or Hollow,204740,794391,5000,30000,204386,794036,205098,794745,PH34,http://data.ordnancesurvey.co.uk/id/postcodedistrict/PH34,,,,,,,Highland,http://data.ordnancesurvey.co.uk/id/7000000000186625,http://data.ordnancesurvey.co.uk/ontology/admingeo/UnitaryAuthority,Scotland,http://data.ordnancesurvey.co.uk/id/7000000000041429,Scotland,http://data.ordnancesurvey.co.uk/id/country/scotland,,,
osgb4000000074718874,http://data.ordnancesurvey.co.uk/id/4000000074718874,Coire Bhotrais,,,,landform,Cirque Or Hollow,212619,786215,4000,30000,212301,785924,212939,786506,PH33,http://data.ordnancesurvey.co.uk/id/postcodedistrict/PH33,,,,,,,Highland,http://data.ordnancesurvey.co.uk/id/7000000000186625,http://data.ordnancesurvey.co.uk/ontology/admingeo/UnitaryAuthority,Scotland,http://data.ordnancesurvey.co.uk/id/7000000000041429,Scotland,http://data.ordnancesurvey.co.uk/id/country/scotland,,,
osgb4000000074607086,http://data.ordnancesurvey.co.uk/id/4000000074607086,Gairich,,,,landform,Hill Or Mountain,202589,799582,1000,300000,202339,799332,202839,799832,PH34,http://data.ordnancesurvey.co.uk/id/postcodedistrict/PH34,,,,,,,Highland,http://data.ordnancesurvey.co.uk/id/7000000000186625,http://data.ordnancesurvey.co.uk/ontology/admingeo/UnitaryAuthority,Scotland,http://data.ordnancesurvey.co.uk/id/7000000000041429,Scotland,http://data.ordnancesurvey.co.uk/id/country/scotland,,,
osgb4000000074718887,http://data.ordnancesurvey.co.uk/id/4000000074718887,Glen Kingie,,,,landform,Valley,204545,798071,88000,800000,196462,795771,209969,800371,PH34,http://data.ordnancesurvey.co.uk/id/postcodedistrict/PH34,,,,,,,Highland,http://data.ordnancesurvey.co.uk/id/7000000000186625,http://data.ordnancesurvey.co.uk/ontology/admingeo/UnitaryAuthority,Scotland,http://data.ordnancesurvey.co.uk/id/7000000000041429,Scotland,http://data.ordnancesurvey.co.uk/id/country/scotland,,,
osgb4000000004306060,http://data.ordnancesurvey.co.uk/id/4000000004306060,B8004,,,,transportNetwork,Numbered Road,214666,781312,63000,250000,211102,776910,220824,784227,PH33,http://data.ordnancesurvey.co.uk/id/postcodedistrict/PH33,,,,,,,Highland,http://data.ordnancesurvey.co.uk/id/7000000000186625,http://data.ordnancesurvey.co.uk/ontology/admingeo/UnitaryAuthority,Scotland,http://data.ordnancesurvey.co.uk/id/7000000000041429,Scotland,http://data.ordnancesurvey.co.uk/id/country/scotland,,,
osgb4000000074640536,http://data.ordnancesurvey.co.uk/id/4000000074640536,Doire Dubn,,,,landcover,Woodland Or Forest,202007,790976,6000,400000,201541,790644,202473,791481,PH34,http://data.ordnancesurvey.co.uk/id/postcodedistrict/PH34,,,,,,,Highland,http://data.ordnancesurvey.co.uk/id/7000000000186625,http://data.ordnancesurvey.co.uk/ontology/admingeo/UnitaryAuthority,Scotland,http://data.ordnancesurvey.co.uk/id/7000000000041429,Scotland,http://data.ordnancesurvey.co.uk/id/country/scotland,,,
osgb4000000074815912,http://data.ordnancesurvey.co.uk/id/4000000074815912,Torr a' Chrònain,,,,landform,Hill Or Mountain,218067,789139,1000,300000,217817,788889,218317,789389,PH34,http://data.ordnancesurvey.co.uk/id/postcodedistrict/PH34,,,,,,,Highland,http://data.ordnancesurvey.co.uk/id/7000000000186625,http://data.ordnancesurvey.co.uk/ontology/admingeo/UnitaryAuthority,Scotland,http://data.ordnancesurvey.co.uk/id/7000000000041429,Scotland,http://data.ordnancesurvey.co.uk/id/country/scotland,,,
osgb4000000074586726,http://data.ordnancesurvey.co.uk/id/4000000074586726,Lochaber,,,,landcover,Other Landcover,204921,791455,570000,1300000,160015,759310,247775,823599,PH34,http://data.ordnancesurvey.co.uk/id/postcodedistrict/PH34,,,,,,,Highland,http://data.ordnancesurvey.co.uk/id/7000000000186625,http://data.ordnancesurvey.co.uk/ontology/admingeo/UnitaryAuthority,Scotland,http://data.ordnancesurvey.co.uk/id/7000000000041429,Scotland,http://data.ordnancesurvey.co.uk/id/country/scotland,,,
osgb4000000074591689,http://data.ordnancesurvey.co.uk/id/4000000074591689,Coire an Tagraidh,,Coire an t-Sagairt,,landform,Cirque Or Hollow,219037,794545,4000,30000,218759,794295,219312,794795,PH34,http://data.ordnancesurvey.co.uk/id/postcodedistrict/PH34,,,,,,,Highland,http://data.ordnancesurvey.co.uk/id/7000000000186625,http://data.ordnancesurvey.co.uk/ontology/admingeo/UnitaryAuthority,Scotland,http://data.ordnancesurvey.co.uk/id/7000000000041429,Scotland,http://data.ordnancesurvey.co.uk/id/country/scotland,,,
osgb4000000074588990,http://data.ordnancesurvey.co.uk/id/4000000074588990,Eilean Tom nan Dròbhairean,,,,landform,Island,218832,787354,1000,800000,218583,787105,219083,787605,PH34,http://data.ordnancesurvey.co.uk/id/postcodedistrict/PH34,,,,,,,Highland,http://data.ordnancesurvey.co.uk/id/7000000000186625,http://data.ordnancesurvey.co.uk/ontology/admingeo/UnitaryAuthority,Scotland,http://data.ordnancesurvey.co.uk/id/7000000000041429,Scotland,http://data.ordnancesurvey.co.uk/id/country/scotland,,,
osgb4000000074793353,http://data.ordnancesurvey.co.uk/id/4000000074793353,Lochan an Fhithich,,,,hydrography,Inland Water,213700,794934,1000,500000,213450,794676,213950,795176,PH35,http://data.ordnancesurvey.co.uk/id/postcodedistrict/PH35,,,,,,,Highland,http://data.ordnancesurvey.co.uk/id/7000000000186625,http://data.ordnancesurvey.co.uk/ontology/admingeo/UnitaryAuthority,Scotland,http://data.ordnancesurvey.co.uk/id/7000000000041429,Scotland,http://data.ordnancesurvey.co.uk/id/country/scotland,,,
osgb4000000074806911,http://data.ordnancesurvey.co.uk/id/4000000074806911,Loch na Cairidh,,,,hydrography,Inland Water,218121,787880,1000,35000,217875,787631,218375,788131,PH34,http://data.ordnancesurvey.co.uk/id/postcodedistrict/PH34,,,,,,,Highland,http://data.ordnancesurvey.co.uk/id/7000000000186625,http://data.ordnancesurvey.co.uk/ontology/admingeo/UnitaryAuthority,Scotland,http://data.ordnancesurvey.co.uk/id/7000000000041429,Scotland,http://data.ordnancesurvey.co.uk/id/country/scotland,,,
osgb4000000074793384,http://data.ordnancesurvey.co.uk/id/4000000074793384,Lochan na Glas Bheinn,,,,hydrography,Inland Water,214356,798482,1000,500000,214107,798232,214607,798732,PH35,http://data.ordnancesurvey.co.uk/id/postcodedistrict/PH35,,,,,,,Highland,http://data.ordnancesurvey.co.uk/id/7000000000186625,http://data.ordnancesurvey.co.uk/ontology/admingeo/UnitaryAuthority,Scotland,http://data.ordnancesurvey.co.uk/id/7000000000041429,Scotland,http://data.ordnancesurvey.co.uk/id/country/scotland,,,
osgb4000000074793385,http://data.ordnancesurvey.co.uk/id/4000000074793385,Loch Briobaig,,,,hydrography,Inland Water,211133,789193,2000,500000,210884,788982,211384,789482,PH34,http://data.ordnancesurvey.co.uk/id/postcodedistrict/PH34,,,,,,,Highland,http://data.ordnancesurvey.co.uk/id/7000000000186625,http://data.ordnancesurvey.co.uk/ontology/admingeo/UnitaryAuthority,Scotland,http://data.ordnancesurvey.co.uk/id/7000000000041429,Scotland,http://data.ordnancesurvey.co.uk/id/country/scotland,,,
osgb4000000074606244,http://data.ordnancesurvey.co.uk/id/4000000074606244,Meall Coire nan Saobhaidh,,,,landform,Hill Or Mountain,217455,795129,1000,300000,217205,794879,217705,795379,PH35,http://data.ordnancesurvey.co.uk/id/postcodedistrict/PH35,,,,,,,Highland,http://data.ordnancesurvey.co.uk/id/7000000000186625,http://data.ordnancesurvey.co.uk/ontology/admingeo/UnitaryAuthority,Scotland,http://data.ordnancesurvey.co.uk/id/7000000000041429,Scotland,http://data.ordnancesurvey.co.uk/id/country/scotland,,,
osgb4000000074728942,http://data.ordnancesurvey.co.uk/id/4000000074728942,Àird Nòis,,,,landform,Other Landform,208216,790791,2000,15000,207959,790542,208459,791042,PH34,http://data.ordnancesurvey.co.uk/id/postcodedistrict/PH34,,,,,,,Highland,http://data.ordnancesurvey.co.uk/id/7000000000186625,http://data.ordnancesurvey.co.uk/ontology/admingeo/UnitaryAuthority,Scotland,http://data.ordnancesurvey.co.uk/id/7000000000041429,Scotland,http://data.ordnancesurvey.co.uk/id/country/scotland,,,
osgb4000000074622252,http://data.ordnancesurvey.co.uk/id/4000000074622252,Bac nam Fòid,,,,landform,Hill Or Mountain,204028,799685,1000,300000,203778,799435,204278,799935,PH34,http://data.ordnancesurvey.co.uk/id/postcodedistrict/PH34,,,,,,,Highland,http://data.ordnancesurvey.co.uk/id/7000000000186625,http://data.ordnancesurvey.co.uk/ontology/admingeo/UnitaryAuthority,Scotland,http://data.ordnancesurvey.co.uk/id/7000000000041429,Scotland,http://data.ordnancesurvey.co.uk/id/country/scotland,,,
osgb4000000074719420,http://data.ordnancesurvey.co.uk/id/4000000074719420,Coire na h-Iolaire,,,,landform,Cirque Or Hollow,207087,785875,4000,30000,206796,785617,207384,786133,PH34,http://data.ordnancesurvey.co.uk/id/postcodedistrict/PH34,,,,,,,Highland,http://data.ordnancesurvey.co.uk/id/7000000000186625,http://data.ordnancesurvey.co.uk/ontology/admingeo/UnitaryAuthority,Scotland,http://data.ordnancesurvey.co.uk/id/7000000000041429,Scotland,http://data.ordnancesurvey.co.uk/id/country/scotland,,,
osgb4000000074605396,http://data.ordnancesurvey.co.uk/id/4000000074605396,Torr a' Mhuilt,,Creag an t-Saighdeir,,landform,Hill Or Mountain,218120,788534,1000,300000,217870,788284,218370,788784,PH34,http://data.ordnancesurvey.co.uk/id/postcodedistrict/PH34,,,,,,,Highland,http://data.ordnancesurvey.co.uk/id/7000000000186625,http://data.ordnancesurvey.co.uk/ontology/admingeo/UnitaryAuthority,Scotland,http://data.ordnancesurvey.co.uk/id/7000000000041429,Scotland,http://data.ordnancesurvey.co.uk/id/country/scotland,,,
osgb4000000074606671,http://data.ordnancesurvey.co.uk/id/4000000074606671,Druim na Luibe Duibhe,,,,landform,Hill Or Mountain,209653,797150,1000,300000,209403,796900,209903,797400,PH35,http://data.ordnancesurvey.co.uk/id/postcodedistrict/PH35,,,,,,,Highland,http://data.ordnancesurvey.co.uk/id/7000000000186625,http://data.ordnancesurvey.co.uk/ontology/admingeo/UnitaryAuthority,Scotland,http://data.ordnancesurvey.co.uk/id/7000000000041429,Scotland,http://data.ordnancesurvey.co.uk/id/country/scotland,,,
osgb4000000074718818,http://data.ordnancesurvey.co.uk/id/4000000074718818,Coire Chraoibhe,,,,landform,Cirque Or Hollow,215339,784718,8000,30000,214768,784392,215930,785043,PH33,http://data.ordnancesurvey.co.uk/id/postcodedistrict/PH33,,,,,,,Highland,http://data.ordnancesurvey.co.uk/id/7000000000186625,http://data.ordnancesurvey.co.uk/ontology/admingeo/UnitaryAuthority,Scotland,http://data.ordnancesurvey.co.uk/id/7000000000041429,Scotland,http://data.ordnancesurvey.co.uk/id/country/scotland,,,
osgb4000000074815925,http://data.ordnancesurvey.co.uk/id/4000000074815925,Torr a' Chromain,,,,landform,Hill Or Mountain,219559,788192,1000,300000,219309,787942,219809,788442,PH34,http://data.ordnancesurvey.co.uk/id/postcodedistrict/PH34,,,,,,,Highland,http://data.ordnancesurvey.co.uk/id/7000000000186625,http://data.ordnancesurvey.co.uk/ontology/admingeo/UnitaryAuthority,Scotland,http://data.ordnancesurvey.co.uk/id/7000000000041429,Scotland,http://data.ordnancesurvey.co.uk/id/country/scotland,,,
osgb4000000074778746,http://data.ordnancesurvey.co.uk/id/4000000074778746,Sròn na Geid Salaich,,,,landform,Other Landform,205420,798351,5000,15000,205045,798018,205882,798683,PH34,http://data.ordnancesurvey.co.uk/id/postcodedistrict/PH34,,,,,,,Highland,http://data.ordnancesurvey.co.uk/id/7000000000186625,http://data.ordnancesurvey.co.uk/ontology/admingeo/UnitaryAuthority,Scotland,http://data.ordnancesurvey.co.uk/id/7000000000041429,Scotland,http://data.ordnancesurvey.co.uk/id/country/scotland,,,
osgb4000000074605398,http://data.ordnancesurvey.co.uk/id/4000000074605398,Beinn Chraoibh,,,,landform,Hill Or Mountain,214171,792633,1000,300000,213921,792383,214421,792883,PH34,http://data.ordnancesurvey.co.uk/id/postcodedistrict/PH34,,,,,,,Highland,http://data.ordnancesurvey.co.uk/id/7000000000186625,http://data.ordnancesurvey.co.uk/ontology/admingeo/UnitaryAuthority,Scotland,http://data.ordnancesurvey.co.uk/id/7000000000041429,Scotland,http://data.ordnancesurvey.co.uk/id/country/scotland,,,
osgb4000000074604984,http://data.ordnancesurvey.co.uk/id/4000000074604984,Ruighe na Beinne,,,,landform,Hill Or Mountain,219515,790562,1000,300000,219265,790312,219765,790812,PH34,http://data.ordnancesurvey.co.uk/id/postcodedistrict/PH34,,,,,,,Highland,http://data.ordnancesurvey.co.uk/id/7000000000186625,http://data.ordnancesurvey.co.uk/ontology/admingeo/UnitaryAuthority,Scotland,http://data.ordnancesurvey.co.uk/id/7000000000041429,Scotland,http://data.ordnancesurvey.co.uk/id/country/scotland,,,
osgb4000000074732273,http://data.ordnancesurvey.co.uk/id/4000000074732273,Frìth Loch Iall,gla,Locheil Forest,eng,landcover,Other Landcover,209786,786230,130000,1300000,198990,780845,218929,791615,PH33,http://data.ordnancesurvey.co.uk/id/postcodedistrict/PH33,,,,,,,Highland,http://data.ordnancesurvey.co.uk/id/7000000000186625,http://data.ordnancesurvey.co.uk/ontology/admingeo/UnitaryAuthority,Scotland,http://data.ordnancesurvey.co.uk/id/7000000000041429,Scotland,http://data.ordnancesurvey.co.uk/id/country/scotland,,,
osgb4000000074817944,http://data.ordnancesurvey.co.uk/id/4000000074817944,Mucomir Cut,,,,hydrography,Inland Water,218410,784476,1000,35000,218160,784226,218660,784726,PH34,http://data.ordnancesurvey.co.uk/id/postcodedistrict/PH34,,,,,,,Highland,http://data.ordnancesurvey.co.uk/id/7000000000186625,http://data.ordnancesurvey.co.uk/ontology/admingeo/UnitaryAuthority,Scotland,http://data.ordnancesurvey.co.uk/id/7000000000041429,Scotland,http://data.ordnancesurvey.co.uk/id/country/scotland,,,
osgb4000000074606670,http://data.ordnancesurvey.co.uk/id/4000000074606670,Meall Blàir,,,,landform,Hill Or Mountain,207741,795045,1000,300000,207491,794795,207991,795295,PH34,http://data.ordnancesurvey.co.uk/id/postcodedistrict/PH34,,,,,,,Highland,http://data.ordnancesurvey.co.uk/id/7000000000186625,http://data.ordnancesurvey.co.uk/ontology/admingeo/UnitaryAuthority,Scotland,http://data.ordnancesurvey.co.uk/id/7000000000041429,Scotland,http://data.ordnancesurvey.co.uk/id/country/scotland,,,
osgb4000000074706459,http://data.ordnancesurvey.co.uk/id/4000000074706459,Doirean na h-Earba,,,,landcover,Woodland Or Forest,217993,798618,9000,400000,217532,797877,218455,799208,PH35,http://data.ordnancesurvey.co.uk/id/postcodedistrict/PH35,,,,,,,Highland,http://data.ordnancesurvey.co.uk/id/7000000000186625,http://data.ordnancesurvey.co.uk/ontology/admingeo/UnitaryAuthority,Scotland,http://data.ordnancesurvey.co.uk/id/7000000000041429,Scotland,http://data.ordnancesurvey.co.uk/id/country/scotland,,,
osgb4000000074793475,http://data.ordnancesurvey.co.uk/id/4000000074793475,Lochan an Staic,,,,hydrography,Inland Water,211466,799636,3000,500000,211292,799386,211792,799886,PH35,http://data.ordnancesurvey.co.uk/id/postcodedistrict/PH35,,,,,,,Highland,http://data.ordnancesurvey.co.uk/id/7000000000186625,http://data.ordnancesurvey.co.uk/ontology/admingeo/UnitaryAuthority,Scotland,http://data.ordnancesurvey.co.uk/id/7000000000041429,Scotland,http://data.ordnancesurvey.co.uk/id/country/scotland,,,
osgb4000000074719432,http://data.ordnancesurvey.co.uk/id/4000000074719432,Coire an Stangain Mhòir,,,,landform,Valley,201824,795793,10000,800000,201144,794873,202503,796435,PH34,http://data.ordnancesurvey.co.uk/id/postcodedistrict/PH34,,,,,,,Highland,http://data.ordnancesurvey.co.uk/id/7000000000186625,http://data.ordnancesurvey.co.uk/ontology/admingeo/UnitaryAuthority,Scotland,http://data.ordnancesurvey.co.uk/id/7000000000041429,Scotland,http://data.ordnancesurvey.co.uk/id/country/scotland,,,
osgb4000000074806909,http://data.ordnancesurvey.co.uk/id/4000000074806909,Poll Garbh Buidhe,,,,hydrography,Inland Water,215783,781663,2000,35000,215460,781413,215960,781913,PH33,http://data.ordnancesurvey.co.uk/id/postcodedistrict/PH33,,,,,,,Highland,http://data.ordnancesurvey.co.uk/id/7000000000186625,http://data.ordnancesurvey.co.uk/ontology/admingeo/UnitaryAuthority,Scotland,http://data.ordnancesurvey.co.uk/id/7000000000041429,Scotland,http://data.ordnancesurvey.co.uk/id/country/scotland,,,
osgb4000000074606246,http://data.ordnancesurvey.co.uk/id/4000000074606246,Geal Charn,,,,landform,Hill Or Mountain,215616,794265,1000,300000,215366,794015,215866,794515,PH34,http://data.ordnancesurvey.co.uk/id/postcodedistrict/PH34,,,,,,,Highland,http://data.ordnancesurvey.co.uk/id/7000000000186625,http://data.ordnancesurvey.co.uk/ontology/admingeo/UnitaryAuthority,Scotland,http://data.ordnancesurvey.co.uk/id/7000000000041429,Scotland,http://data.ordnancesurvey.co.uk/id/country/scotland,,,
osgb4000000074815924,http://data.ordnancesurvey.co.uk/id/4000000074815924,Torr an Rathaid,,,,landform,Hill Or Mountain,219409,787905,1000,300000,219159,787655,219659,788155,PH34,http://data.ordnancesurvey.co.uk/id/postcodedistrict/PH34,,,,,,,Highland,http://data.ordnancesurvey.co.uk/id/7000000000186625,http://data.ordnancesurvey.co.uk/ontology/admingeo/UnitaryAuthority,Scotland,http://data.ordnancesurvey.co.uk/id/7000000000041429,Scotland,http://data.ordnancesurvey.co.uk/id/country/scotland,,,
osgb4000000074604146,http://data.ordnancesurvey.co.uk/id/4000000074604146,Beinn Bhàn,,,,landform,Hill Or Mountain,214057,785711,1000,300000,213807,785461,214307,785961,PH33,http://data.ordnancesurvey.co.uk/id/postcodedistrict/PH33,,,,,,,Highland,http://data.ordnancesurvey.co.uk/id/7000000000186625,http://data.ordnancesurvey.co.uk/ontology/admingeo/UnitaryAuthority,Scotland,http://data.ordnancesurvey.co.uk/id/7000000000041429,Scotland,http://data.ordnancesurvey.co.uk/id/country/scotland,,,
osgb4000000074727783,http://data.ordnancesurvey.co.uk/id/4000000074727783,Coire a' Chaorainn,,,,landform,Valley,200709,786662,5000,800000,200293,786373,201106,786951,PH33,http://data.ordnancesurvey.co.uk/id/postcodedistrict/PH33,,,,,,,Highland,http://data.ordnancesurvey.co.uk/id/7000000000186625,http://data.ordnancesurvey.co.uk/ontology/admingeo/UnitaryAuthority,Scotland,http://data.ordnancesurvey.co.uk/id/7000000000041429,Scotland,http://data.ordnancesurvey.co.uk/id/country/scotland,,,
osgb4000000074640122,http://data.ordnancesurvey.co.uk/id/4000000074640122,Glenloy Forest,,,,landcover,Woodland Or Forest,213286,782742,44000,400000,208701,780908,215498,784575,PH33,http://data.ordnancesurvey.co.uk/id/postcodedistrict/PH33,,,,,,,Highland,http://data.ordnancesurvey.co.uk/id/7000000000186625,http://data.ordnancesurvey.co.uk/ontology/admingeo/UnitaryAuthority,Scotland,http://data.ordnancesurvey.co.uk/id/7000000000041429,Scotland,http://data.ordnancesurvey.co.uk/id/country/scotland,,,
osgb4000000074817421,http://data.ordnancesurvey.co.uk/id/4000000074817421,Glac a' Bhodaich,,,,landform,Valley,201170,791395,3000,800000,200924,791145,201424,791645,PH34,http://data.ordnancesurvey.co.uk/id/postcodedistrict/PH34,,,,,,,Highland,http://data.ordnancesurvey.co.uk/id/7000000000186625,http://data.ordnancesurvey.co.uk/ontology/admingeo/UnitaryAuthority,Scotland,http://data.ordnancesurvey.co.uk/id/7000000000041429,Scotland,http://data.ordnancesurvey.co.uk/id/country/scotland,,,
osgb4000000074793270,http://data.ordnancesurvey.co.uk/id/4000000074793270,Poll Garbh,,,,hydrography,Inland Water,219537,783078,1000,35000,219281,782829,219781,783329,PH34,http://data.ordnancesurvey.co.uk/id/postcodedistrict/PH34,,,,,,,Highland,http://data.ordnancesurvey.co.uk/id/7000000000186625,http://data.ordnancesurvey.co.uk/ontology/admingeo/UnitaryAuthority,Scotland,http://data.ordnancesurvey.co.uk/id/7000000000041429,Scotland,http://data.ordnancesurvey.co.uk/id/country/scotland,,,
osgb4000000074806908,http://data.ordnancesurvey.co.uk/id/4000000074806908,Goit-rèis,,,,hydrography,Inland Water,218852,783361,1000,35000,218602,783089,219102,783589,PH34,http://data.ordnancesurvey.co.uk/id/postcodedistrict/PH34,,,,,,,Highland,http://data.ordnancesurvey.co.uk/id/7000000000186625,http://data.ordnancesurvey.co.uk/ontology/admingeo/UnitaryAuthority,Scotland,http://data.ordnancesurvey.co.uk/id/7000000000041429,Scotland,http://data.ordnancesurvey.co.uk/id/country/scotland,,,
osgb4000000074719431,http://data.ordnancesurvey.co.uk/id/4000000074719431,Coire Leacach,,,,landform,Cirque Or Hollow,201784,787719,5000,30000,201423,787396,202150,788042,PH34,http://data.ordnancesurvey.co.uk/id/postcodedistrict/PH34,,,,,,,Highland,http://data.ordnancesurvey.co.uk/id/7000000000186625,http://data.ordnancesurvey.co.uk/ontology/admingeo/UnitaryAuthority,Scotland,http://data.ordnancesurvey.co.uk/id/7000000000041429,Scotland,http://data.ordnancesurvey.co.uk/id/country/scotland,,,
osgb4000000074718872,http://data.ordnancesurvey.co.uk/id/4000000074718872,Coire Chnàmh,,,,landform,Cirque Or Hollow,214444,785214,4000,30000,214119,784885,214769,785541,PH33,http://data.ordnancesurvey.co.uk/id/postcodedistrict/PH33,,,,,,,Highland,http://data.ordnancesurvey.co.uk/id/7000000000186625,http://data.ordnancesurvey.co.uk/ontology/admingeo/UnitaryAuthority,Scotland,http://data.ordnancesurvey.co.uk/id/7000000000041429,Scotland,http://data.ordnancesurvey.co.uk/id/country/scotland,,,
osgb4000000074606666,http://data.ordnancesurvey.co.uk/id/4000000074606666,Mullach na Briobaig,,,,landform,Hill Or Mountain,210335,788990,1000,300000,210085,788740,210585,789240,PH34,http://data.ordnancesurvey.co.uk/id/postcodedistrict/PH34,,,,,,,Highland,http://data.ordnancesurvey.co.uk/id/7000000000186625,http://data.ordnancesurvey.co.uk/ontology/admingeo/UnitaryAuthority,Scotland,http://data.ordnancesurvey.co.uk/id/7000000000041429,Scotland,http://data.ordnancesurvey.co.uk/id/country/scotland,,,
osgb4000000074719427,http://data.ordnancesurvey.co.uk/id/4000000074719427,Coire an Duill,,,,landform,Cirque Or Hollow,213495,797951,3000,30000,213247,797701,213747,798201,PH35,http://data.ordnancesurvey.co.uk/id/postcodedistrict/PH35,,,,,,,Highland,http://data.ordnancesurvey.co.uk/id/7000000000186625,http://data.ordnancesurvey.co.uk/ontology/admingeo/UnitaryAuthority,Scotland,http://data.ordnancesurvey.co.uk/id/7000000000041429,Scotland,http://data.ordnancesurvey.co.uk/id/country/scotland,,,
osgb4000000074718886,http://data.ordnancesurvey.co.uk/id/4000000074718886,Coire Beithich,,,,landform,Cirque Or Hollow,207223,795939,5000,30000,206865,795689,207579,796189,PH34,http://data.ordnancesurvey.co.uk/id/postcodedistrict/PH34,,,,,,,Highland,http://data.ordnancesurvey.co.uk/id/7000000000186625,http://data.ordnancesurvey.co.uk/ontology/admingeo/UnitaryAuthority,Scotland,http://data.ordnancesurvey.co.uk/id/7000000000041429,Scotland,http://data.ordnancesurvey.co.uk/id/country/scotland,,,
osgb4000000074606249,http://data.ordnancesurvey.co.uk/id/4000000074606249,Meall Doir' an Daimh,,,,landform,Hill Or Mountain,217001,796943,1000,300000,216751,796693,217251,797193,PH35,http://data.ordnancesurvey.co.uk/id/postcodedistrict/PH35,,,,,,,Highland,http://data.ordnancesurvey.co.uk/id/7000000000186625,http://data.ordnancesurvey.co.uk/ontology/admingeo/UnitaryAuthority,Scotland,http://data.ordnancesurvey.co.uk/id/7000000000041429,Scotland,http://data.ordnancesurvey.co.uk/id/country/scotland,,,
osgb4000000074604142,http://data.ordnancesurvey.co.uk/id/4000000074604142,Cruim Leacainn,,,,landform,Hill Or Mountain,216668,780755,1000,300000,216418,780505,216918,781005,PH33,http://data.ordnancesurvey.co.uk/id/postcodedistrict/PH33,,,,,,,Highland,http://data.ordnancesurvey.co.uk/id/7000000000186625,http://data.ordnancesurvey.co.uk/ontology/admingeo/UnitaryAuthority,Scotland,http://data.ordnancesurvey.co.uk/id/7000000000041429,Scotland,http://data.ordnancesurvey.co.uk/id/country/scotland,,,
osgb4000000074718298,http://data.ordnancesurvey.co.uk/id/4000000074718298,Coire Sgreamhach,,,,landform,Cirque Or Hollow,201247,788314,6000,30000,200811,788015,201698,788613,PH34,http://data.ordnancesurvey.co.uk/id/postcodedistrict/PH34,,,,,,,Highland,http://data.ordnancesurvey.co.uk/id/7000000000186625,http://data.ordnancesurvey.co.uk/ontology/admingeo/UnitaryAuthority,Scotland,http://data.ordnancesurvey.co.uk/id/7000000000041429,Scotland,http://data.ordnancesurvey.co.uk/id/country/scotland,,,
osgb4000000074604567,http://data.ordnancesurvey.co.uk/id/4000000074604567,Meall a' Phubuill,,,,landform,Hill Or Mountain,202949,785422,1000,300000,202699,785172,203199,785672,PH33,http://data.ordnancesurvey.co.uk/id/postcodedistrict/PH33,,,,,,,Highland,http://data.ordnancesurvey.co.uk/id/7000000000186625,http://data.ordnancesurvey.co.uk/ontology/admingeo/UnitaryAuthority,Scotland,http://data.ordnancesurvey.co.uk/id/7000000000041429,Scotland,http://data.ordnancesurvey.co.uk/id/country/scotland,,,
osgb4000000074718877,http://data.ordnancesurvey.co.uk/id/4000000074718877,Coire an Lightuinn,,,,landform,Cirque Or Hollow,210407,781959,8000,30000,209805,781673,211009,782245,PH33,http://data.ordnancesurvey.co.uk/id/postcodedistrict/PH33,,,,,,,Highland,http://data.ordnancesurvey.co.uk/id/7000000000186625,http://data.ordnancesurvey.co.uk/ontology/admingeo/UnitaryAuthority,Scotland,http://data.ordnancesurvey.co.uk/id/7000000000041429,Scotland,http://data.ordnancesurvey.co.uk/id/country/scotland,,,
osgb4000000074716786,http://data.ordnancesurvey.co.uk/id/4000000074716786,Glas Bheinn,,,,landform,Hill Or Mountain,217142,791907,1000,300000,216892,791657,217392,792157,PH34,http://data.ordnancesurvey.co.uk/id/postcodedistrict/PH34,,,,,,,Highland,http://data.ordnancesurvey.co.uk/id/7000000000186625,http://data.ordnancesurvey.co.uk/ontology/admingeo/UnitaryAuthority,Scotland,http://data.ordnancesurvey.co.uk/id/7000000000041429,Scotland,http://data.ordnancesurvey.co.uk/id/country/scotland,,,
osgb4000000074718889,http://data.ordnancesurvey.co.uk/id/4000000074718889,Coire an Stangain Bhig,,,,landform,Cirque Or Hollow,203742,795682,4000,30000,203422,795432,204068,795932,PH34,http://data.ordnancesurvey.co.uk/id/postcodedistrict/PH34,,,,,,,Highland,http://data.ordnancesurvey.co.uk/id/7000000000186625,http://data.ordnancesurvey.co.uk/ontology/admingeo/UnitaryAuthority,Scotland,http://data.ordnancesurvey.co.uk/id/7000000000041429,Scotland,http://data.ordnancesurvey.co.uk/id/country/scotland,,,
osgb4000000074795590,http://data.ordnancesurvey.co.uk/id/4000000074795590,Gray Mare's Tail,,,,hydrography,Inland Water,217593,787013,1000,35000,217345,786764,217845,787264,PH34,http://data.ordnancesurvey.co.uk/id/postcodedistrict/PH34,,,,,,,Highland,http://data.ordnancesurvey.co.uk/id/7000000000186625,http://data.ordnancesurvey.co.uk/ontology/admingeo/UnitaryAuthority,Scotland,http://data.ordnancesurvey.co.uk/id/7000000000041429,Scotland,http://data.ordnancesurvey.co.uk/id/country/scotland,,,
osgb4000000074794298,http://data.ordnancesurvey.co.uk/id/4000000074794298,Eas Allt Cheanna Mhuir,,,,hydrography,Waterfall,210525,792403,1000,15000,210275,792153,210775,792653,PH34,http://data.ordnancesurvey.co.uk/id/postcodedistrict/PH34,,,,,,,Highland,http://data.ordnancesurvey.co.uk/id/7000000000186625,http://data.ordnancesurvey.co.uk/ontology/admingeo/UnitaryAuthority,Scotland,http://data.ordnancesurvey.co.uk/id/7000000000041429,Scotland,http://data.ordnancesurvey.co.uk/id/country/scotland,,,
osgb4000000074588709,http://data.ordnancesurvey.co.uk/id/4000000074588709,Coire Dubh,,,,landform,Cirque Or Hollow,213722,786315,5000,30000,213364,786019,214084,786611,PH33,http://data.ordnancesurvey.co.uk/id/postcodedistrict/PH33,,,,,,,Highland,http://data.ordnancesurvey.co.uk/id/7000000000186625,http://data.ordnancesurvey.co.uk/ontology/admingeo/UnitaryAuthority,Scotland,http://data.ordnancesurvey.co.uk/id/7000000000041429,Scotland,http://data.ordnancesurvey.co.uk/id/country/scotland,,,
osgb4000000074591003,http://data.ordnancesurvey.co.uk/id/4000000074591003,Gleannan Dubh,,,,landform,Valley,216772,789774,1000,800000,216525,789524,217025,790024,PH34,http://data.ordnancesurvey.co.uk/id/postcodedistrict/PH34,,,,,,,Highland,http://data.ordnancesurvey.co.uk/id/7000000000186625,http://data.ordnancesurvey.co.uk/ontology/admingeo/UnitaryAuthority,Scotland,http://data.ordnancesurvey.co.uk/id/7000000000041429,Scotland,http://data.ordnancesurvey.co.uk/id/country/scotland,,,
osgb4000000074604565,http://data.ordnancesurvey.co.uk/id/4000000074604565,Druim Gleann Laoigh,,,,landform,Hill Or Mountain,206196,785354,1000,300000,205946,785104,206446,785604,PH34,http://data.ordnancesurvey.co.uk/id/postcodedistrict/PH34,,,,,,,Highland,http://data.ordnancesurvey.co.uk/id/7000000000186625,http://data.ordnancesurvey.co.uk/ontology/admingeo/UnitaryAuthority,Scotland,http://data.ordnancesurvey.co.uk/id/7000000000041429,Scotland,http://data.ordnancesurvey.co.uk/id/country/scotland,,,
osgb4000000074732108,http://data.ordnancesurvey.co.uk/id/4000000074732108,Dail Riabhach,,,,landcover,Woodland Or Forest,215381,781246,8000,400000,214762,780540,216000,781731,PH33,http://data.ordnancesurvey.co.uk/id/postcodedistrict/PH33,,,,,,,Highland,http://data.ordnancesurvey.co.uk/id/7000000000186625,http://data.ordnancesurvey.co.uk/ontology/admingeo/UnitaryAuthority,Scotland,http://data.ordnancesurvey.co.uk/id/7000000000041429,Scotland,http://data.ordnancesurvey.co.uk/id/country/scotland,,,
osgb4000000074778782,http://data.ordnancesurvey.co.uk/id/4000000074778782,Sròn Gharbh,,,,landform,Other Landform,203368,796222,3000,15000,203105,795969,203613,796475,PH34,http://data.ordnancesurvey.co.uk/id/postcodedistrict/PH34,,,,,,,Highland,http://data.ordnancesurvey.co.uk/id/7000000000186625,http://data.ordnancesurvey.co.uk/ontology/admingeo/UnitaryAuthority,Scotland,http://data.ordnancesurvey.co.uk/id/7000000000041429,Scotland,http://data.ordnancesurvey.co.uk/id/country/scotland,,,
osgb4000000074778633,http://data.ordnancesurvey.co.uk/id/4000000074778633,Sròn Coire nan Each,,,,landform,Other Landform,217872,797587,6000,15000,217484,797186,218261,798082,PH35,http://data.ordnancesurvey.co.uk/id/postcodedistrict/PH35,,,,,,,Highland,http://data.ordnancesurvey.co.uk/id/7000000000186625,http://data.ordnancesurvey.co.uk/ontology/admingeo/UnitaryAuthority,Scotland,http://data.ordnancesurvey.co.uk/id/7000000000041429,Scotland,http://data.ordnancesurvey.co.uk/id/country/scotland,,,
osgb4000000074794284,http://data.ordnancesurvey.co.uk/id/4000000074794284,Port Bàn,,,,hydrography,Bay,215807,788429,1000,150000,215553,788180,216053,788680,PH34,http://data.ordnancesurvey.co.uk/id/postcodedistrict/PH34,,,,,,,Highland,http://data.ordnancesurvey.co.uk/id/7000000000186625,http://data.ordnancesurvey.co.uk/ontology/admingeo/UnitaryAuthority,Scotland,http://data.ordnancesurvey.co.uk/id/7000000000041429,Scotland,http://data.ordnancesurvey.co.uk/id/country/scotland,,,
osgb4000000074793425,http://data.ordnancesurvey.co.uk/id/4000000074793425,Loch Arkaig,,,,hydrography,Inland Water,212688,790408,120000,500000,198808,788372,217222,792445,PH34,http://data.ordnancesurvey.co.uk/id/postcodedistrict/PH34,,,,,,,Highland,http://data.ordnancesurvey.co.uk/id/7000000000186625,http://data.ordnancesurvey.co.uk/ontology/admingeo/UnitaryAuthority,Scotland,http://data.ordnancesurvey.co.uk/id/7000000000041429,Scotland,http://data.ordnancesurvey.co.uk/id/country/scotland,,,
osgb4000000074719433,http://data.ordnancesurvey.co.uk/id/4000000074719433,Coire na Maroch,,,,landform,Cirque Or Hollow,200452,798085,4000,30000,200130,797835,200771,798335,PH34,http://data.ordnancesurvey.co.uk/id/postcodedistrict/PH34,,,,,,,Highland,http://data.ordnancesurvey.co.uk/id/7000000000186625,http://data.ordnancesurvey.co.uk/ontology/admingeo/UnitaryAuthority,Scotland,http://data.ordnancesurvey.co.uk/id/7000000000041429,Scotland,http://data.ordnancesurvey.co.uk/id/country/scotland,,,
osgb4000000074607084,http://data.ordnancesurvey.co.uk/id/4000000074607084,Màm an Doire Dhuinn,,,,landform,Hill Or Mountain,204375,795508,1000,300000,204125,795258,204625,795758,PH34,http://data.ordnancesurvey.co.uk/id/postcodedistrict/PH34,,,,,,,Highland,http://data.ordnancesurvey.co.uk/id/7000000000186625,http://data.ordnancesurvey.co.uk/ontology/admingeo/UnitaryAuthority,Scotland,http://data.ordnancesurvey.co.uk/id/7000000000041429,Scotland,http://data.ordnancesurvey.co.uk/id/country/scotland,,,
osgb4000000074778823,http://data.ordnancesurvey.co.uk/id/4000000074778823,Cnoc Dhoire Mhartuin,,,,landform,Hill Or Mountain,209793,799470,1000,300000,209543,799220,210043,799720,PH35,http://data.ordnancesurvey.co.uk/id/postcodedistrict/PH35,,,,,,,Highland,http://data.ordnancesurvey.co.uk/id/7000000000186625,http://data.ordnancesurvey.co.uk/ontology/admingeo/UnitaryAuthority,Scotland,http://data.ordnancesurvey.co.uk/id/7000000000041429,Scotland,http://data.ordnancesurvey.co.uk/id/country/scotland,,,
osgb4000000074793427,http://data.ordnancesurvey.co.uk/id/4000000074793427,Lochan na Beinne Bàine,,,,hydrography,Inland Water,208361,794531,1000,500000,208111,794289,208611,794789,PH34,http://data.ordnancesurvey.co.uk/id/postcodedistrict/PH34,,,,,,,Highland,http://data.ordnancesurvey.co.uk/id/7000000000186625,http://data.ordnancesurvey.co.uk/ontology/admingeo/UnitaryAuthority,Scotland,http://data.ordnancesurvey.co.uk/id/7000000000041429,Scotland,http://data.ordnancesurvey.co.uk/id/country/scotland,,,
osgb4000000074719434,http://data.ordnancesurvey.co.uk/id/4000000074719434,Coire Mhic Eòghain Oig,,,,landform,Cirque Or Hollow,200989,799158,4000,30000,200710,798908,201266,799408,PH34,http://data.ordnancesurvey.co.uk/id/postcodedistrict/PH34,,,,,,,Highland,http://data.ordnancesurvey.co.uk/id/7000000000186625,http://data.ordnancesurvey.co.uk/ontology/admingeo/UnitaryAuthority,Scotland,http://data.ordnancesurvey.co.uk/id/7000000000041429,Scotland,http://data.ordnancesurvey.co.uk/id/country/scotland,,,
osgb4000000074604145,http://data.ordnancesurvey.co.uk/id/4000000074604145,Monadh Beag,,,,landform,Hill Or Mountain,215666,785172,1000,300000,215416,784922,215916,785422,PH34,http://data.ordnancesurvey.co.uk/id/postcodedistrict/PH34,,,,,,,Highland,http://data.ordnancesurvey.co.uk/id/7000000000186625,http://data.ordnancesurvey.co.uk/ontology/admingeo/UnitaryAuthority,Scotland,http://data.ordnancesurvey.co.uk/id/7000000000041429,Scotland,http://data.ordnancesurvey.co.uk/id/country/scotland,,,
osgb4000000074793271,http://data.ordnancesurvey.co.uk/id/4000000074793271,Lochan Tri Chrìoch,,,,hydrography,Inland Water,212508,781414,1000,500000,212258,781164,212758,781664,PH33,http://data.ordnancesurvey.co.uk/id/postcodedistrict/PH33,,,,,,,Highland,http://data.ordnancesurvey.co.uk/id/7000000000186625,http://data.ordnancesurvey.co.uk/ontology/admingeo/UnitaryAuthority,Scotland,http://data.ordnancesurvey.co.uk/id/7000000000041429,Scotland,http://data.ordnancesurvey.co.uk/id/country/scotland,,,
osgb4000000074778565,http://data.ordnancesurvey.co.uk/id/4000000074778565,Rubha Cheanna Mhuir,,,,landform,Other Landform,210118,791291,2000,15000,209867,791042,210367,791542,PH34,http://data.ordnancesurvey.co.uk/id/postcodedistrict/PH34,,,,,,,Highland,http://data.ordnancesurvey.co.uk/id/7000000000186625,http://data.ordnancesurvey.co.uk/ontology/admingeo/UnitaryAuthority,Scotland,http://data.ordnancesurvey.co.uk/id/7000000000041429,Scotland,http://data.ordnancesurvey.co.uk/id/country/scotland,,,
osgb4000000074732272,http://data.ordnancesurvey.co.uk/id/4000000074732272,Doire an t-Siosalaich,,,,landcover,Other Landcover,211182,788157,9000,1300000,210464,787726,211875,788588,PH34,http://data.ordnancesurvey.co.uk/id/postcodedistrict/PH34,,,,,,,Highland,http://data.ordnancesurvey.co.uk/id/7000000000186625,http://data.ordnancesurvey.co.uk/ontology/admingeo/UnitaryAuthority,Scotland,http://data.ordnancesurvey.co.uk/id/7000000000041429,Scotland,http://data.ordnancesurvey.co.uk/id/country/scotland,,,
osgb4000000074592396,http://data.ordnancesurvey.co.uk/id/4000000074592396,Stob Coire Loch Blàir,,,,landform,Hill Or Mountain,204773,793750,1000,300000,204523,793500,205023,794000,PH34,http://data.ordnancesurvey.co.uk/id/postcodedistrict/PH34,,,,,,,Highland,http://data.ordnancesurvey.co.uk/id/7000000000186625,http://data.ordnancesurvey.co.uk/ontology/admingeo/UnitaryAuthority,Scotland,http://data.ordnancesurvey.co.uk/id/7000000000041429,Scotland,http://data.ordnancesurvey.co.uk/id/country/scotland,,,
osgb4000000074727782,http://data.ordnancesurvey.co.uk/id/4000000074727782,Coire Fada,,,,landform,Valley,204896,782531,5000,800000,204491,782281,205301,782781,PH33,http://data.ordnancesurvey.co.uk/id/postcodedistrict/PH33,,,,,,,Highland,http://data.ordnancesurvey.co.uk/id/7000000000186625,http://data.ordnancesurvey.co.uk/ontology/admingeo/UnitaryAuthority,Scotland,http://data.ordnancesurvey.co.uk/id/7000000000041429,Scotland,http://data.ordnancesurvey.co.uk/id/country/scotland,,,
osgb4000000074718878,http://data.ordnancesurvey.co.uk/id/4000000074718878,Coire Odhar,,,,landform,Cirque Or Hollow,209046,782694,4000,30000,208756,782436,209351,782952,PH33,http://data.ordnancesurvey.co.uk/id/postcodedistrict/PH33,,,,,,,Highland,http://data.ordnancesurvey.co.uk/id/7000000000186625,http://data.ordnancesurvey.co.uk/ontology/admingeo/UnitaryAuthority,Scotland,http://data.ordnancesurvey.co.uk/id/7000000000041429,Scotland,http://data.ordnancesurvey.co.uk/id/country/scotland,,,
osgb4000000074605824,http://data.ordnancesurvey.co.uk/id/4000000074605824,Geàrr Leacann,,,,landform,Hill Or Mountain,219247,797105,1000,300000,218997,796855,219497,797355,PH35,http://data.ordnancesurvey.co.uk/id/postcodedistrict/PH35,,,,,,,Highland,http://data.ordnancesurvey.co.uk/id/7000000000186625,http://data.ordnancesurvey.co.uk/ontology/admingeo/UnitaryAuthority,Scotland,http://data.ordnancesurvey.co.uk/id/7000000000041429,Scotland,http://data.ordnancesurvey.co.uk/id/country/scotland,,,
osgb4000000074778765,http://data.ordnancesurvey.co.uk/id/4000000074778765,Rubha nan Laogh,,,,landform,Other Landform,213943,788889,1000,15000,213692,788639,214192,789139,PH34,http://data.ordnancesurvey.co.uk/id/postcodedistrict/PH34,,,,,,,Highland,http://data.ordnancesurvey.co.uk/id/7000000000186625,http://data.ordnancesurvey.co.uk/ontology/admingeo/UnitaryAuthority,Scotland,http://data.ordnancesurvey.co.uk/id/7000000000041429,Scotland,http://data.ordnancesurvey.co.uk/id/country/scotland,,,
osgb4000000074606668,http://data.ordnancesurvey.co.uk/id/4000000074606668,Mullach Coire nan Geur-oirean,,,,landform,Hill Or Mountain,204896,789272,1000,300000,204646,789022,205146,789522,PH34,http://data.ordnancesurvey.co.uk/id/postcodedistrict/PH34,,,,,,,Highland,http://data.ordnancesurvey.co.uk/id/7000000000186625,http://data.ordnancesurvey.co.uk/ontology/admingeo/UnitaryAuthority,Scotland,http://data.ordnancesurvey.co.uk/id/7000000000041429,Scotland,http://data.ordnancesurvey.co.uk/id/country/scotland,,,
osgb4000000074606247,http://data.ordnancesurvey.co.uk/id/4000000074606247,Carn Dubh,,,,landform,Hill Or Mountain,214039,794465,1000,300000,213789,794215,214289,794715,PH35,http://data.ordnancesurvey.co.uk/id/postcodedistrict/PH35,,,,,,,Highland,http://data.ordnancesurvey.co.uk/id/7000000000186625,http://data.ordnancesurvey.co.uk/ontology/admingeo/UnitaryAuthority,Scotland,http://data.ordnancesurvey.co.uk/id/7000000000041429,Scotland,http://data.ordnancesurvey.co.uk/id/country/scotland,,,
osgb4000000074810095,http://data.ordnancesurvey.co.uk/id/4000000074810095,Aobran Allt a' Ghiubhais,,,,hydrography,Inland Water,208266,799235,10000,35000,207473,798870,209059,799818,PH35,http://data.ordnancesurvey.co.uk/id/postcodedistrict/PH35,,,,,,,Highland,http://data.ordnancesurvey.co.uk/id/7000000000186625,http://data.ordnancesurvey.co.uk/ontology/admingeo/UnitaryAuthority,Scotland,http://data.ordnancesurvey.co.uk/id/7000000000041429,Scotland,http://data.ordnancesurvey.co.uk/id/country/scotland,,,
osgb4000000074599170,http://data.ordnancesurvey.co.uk/id/4000000074599170,Coire nam Fuaran,,,,landform,Cirque Or Hollow,204896,788893,4000,30000,204564,788598,205202,789188,PH34,http://data.ordnancesurvey.co.uk/id/postcodedistrict/PH34,,,,,,,Highland,http://data.ordnancesurvey.co.uk/id/7000000000186625,http://data.ordnancesurvey.co.uk/ontology/admingeo/UnitaryAuthority,Scotland,http://data.ordnancesurvey.co.uk/id/7000000000041429,Scotland,http://data.ordnancesurvey.co.uk/id/country/scotland,,,
osgb4000000074706461,http://data.ordnancesurvey.co.uk/id/4000000074706461,Coille nan Geur-oirean,,,,landcover,Woodland Or Forest,204039,791119,8000,400000,203497,790800,204675,791439,PH34,http://data.ordnancesurvey.co.uk/id/postcodedistrict/PH34,,,,,,,Highland,http://data.ordnancesurvey.co.uk/id/7000000000186625,http://data.ordnancesurvey.co.uk/ontology/admingeo/UnitaryAuthority,Scotland,http://data.ordnancesurvey.co.uk/id/7000000000041429,Scotland,http://data.ordnancesurvey.co.uk/id/country/scotland,,,
osgb4000000074592043,http://data.ordnancesurvey.co.uk/id/4000000074592043,Tòrr an Eas,,,,landform,Hill Or Mountain,219713,783468,1000,300000,219463,783218,219963,783718,PH34,http://data.ordnancesurvey.co.uk/id/postcodedistrict/PH34,,,,,,,Highland,http://data.ordnancesurvey.co.uk/id/7000000000186625,http://data.ordnancesurvey.co.uk/ontology/admingeo/UnitaryAuthority,Scotland,http://data.ordnancesurvey.co.uk/id/7000000000041429,Scotland,http://data.ordnancesurvey.co.uk/id/country/scotland,,,
osgb4000000074778591,http://data.ordnancesurvey.co.uk/id/4000000074778591,Sròn nan Leac,,,,landform,Other Landform,210672,788694,5000,15000,210346,788445,211039,788945,PH34,http://data.ordnancesurvey.co.uk/id/postcodedistrict/PH34,,,,,,,Highland,http://data.ordnancesurvey.co.uk/id/7000000000186625,http://data.ordnancesurvey.co.uk/ontology/admingeo/UnitaryAuthority,Scotland,http://data.ordnancesurvey.co.uk/id/7000000000041429,Scotland,http://data.ordnancesurvey.co.uk/id/country/scotland,,,
osgb4000000074604561,http://data.ordnancesurvey.co.uk/id/4000000074604561,Sròn Liath,,,,landform,Hill Or Mountain,211382,781464,1000,300000,211132,781214,211632,781714,PH33,http://data.ordnancesurvey.co.uk/id/postcodedistrict/PH33,,,,,,,Highland,http://data.ordnancesurvey.co.uk/id/7000000000186625,http://data.ordnancesurvey.co.uk/ontology/admingeo/UnitaryAuthority,Scotland,http://data.ordnancesurvey.co.uk/id/7000000000041429,Scotland,http://data.ordnancesurvey.co.uk/id/country/scotland,,,
osgb4000000074818550,http://data.ordnancesurvey.co.uk/id/4000000074818550,Comhnard a' Ghiubhais,,,,landcover,Other Landcover,209417,788871,8000,1300000,208802,788500,210014,789241,PH34,http://data.ordnancesurvey.co.uk/id/postcodedistrict/PH34,,,,,,,Highland,http://data.ordnancesurvey.co.uk/id/7000000000186625,http://data.ordnancesurvey.co.uk/ontology/admingeo/UnitaryAuthority,Scotland,http://data.ordnancesurvey.co.uk/id/7000000000041429,Scotland,http://data.ordnancesurvey.co.uk/id/country/scotland,,,
osgb4000000074778567,http://data.ordnancesurvey.co.uk/id/4000000074778567,Sròn a' Bhuiridh,,,,landform,Other Landform,213054,786417,4000,15000,212804,786125,213304,786664,PH33,http://data.ordnancesurvey.co.uk/id/postcodedistrict/PH33,,,,,,,Highland,http://data.ordnancesurvey.co.uk/id/7000000000186625,http://data.ordnancesurvey.co.uk/ontology/admingeo/UnitaryAuthority,Scotland,http://data.ordnancesurvey.co.uk/id/7000000000041429,Scotland,http://data.ordnancesurvey.co.uk/id/country/scotland,,,
osgb4000000074718816,http://data.ordnancesurvey.co.uk/id/4000000074718816,Glen Loy,,,,landform,Valley,211904,783437,51000,800000,207047,781736,214906,785139,PH33,http://data.ordnancesurvey.co.uk/id/postcodedistrict/PH33,,,,,,,Highland,http://data.ordnancesurvey.co.uk/id/7000000000186625,http://data.ordnancesurvey.co.uk/ontology/admingeo/UnitaryAuthority,Scotland,http://data.ordnancesurvey.co.uk/id/7000000000041429,Scotland,http://data.ordnancesurvey.co.uk/id/country/scotland,,,
osgb4000000074592132,http://data.ordnancesurvey.co.uk/id/4000000074592132,Gulvain,eng,Gaor Bheinn,gla,landform,Hill Or Mountain,200269,787576,1000,300000,200019,787326,200519,787826,PH34,http://data.ordnancesurvey.co.uk/id/postcodedistrict/PH34,,,,,,,Highland,http://data.ordnancesurvey.co.uk/id/7000000000186625,http://data.ordnancesurvey.co.uk/ontology/admingeo/UnitaryAuthority,Scotland,http://data.ordnancesurvey.co.uk/id/7000000000041429,Scotland,http://data.ordnancesurvey.co.uk/id/country/scotland,,,
osgb4000000074604563,http://data.ordnancesurvey.co.uk/id/4000000074604563,Coille Mhòr,,,,landform,Hill Or Mountain,203903,782112,1000,300000,203653,781862,204153,782362,PH33,http://data.ordnancesurvey.co.uk/id/postcodedistrict/PH33,,,,,,,Highland,http://data.ordnancesurvey.co.uk/id/7000000000186625,http://data.ordnancesurvey.co.uk/ontology/admingeo/UnitaryAuthority,Scotland,http://data.ordnancesurvey.co.uk/id/7000000000041429,Scotland,http://data.ordnancesurvey.co.uk/id/country/scotland,,,
osgb4000000074778616,http://data.ordnancesurvey.co.uk/id/4000000074778616,Ruighe an Lòin,,,,landform,Hill Or Mountain,205996,783973,1000,300000,205746,783723,206246,784223,PH33,http://data.ordnancesurvey.co.uk/id/postcodedistrict/PH33,,,,,,,Highland,http://data.ordnancesurvey.co.uk/id/7000000000186625,http://data.ordnancesurvey.co.uk/ontology/admingeo/UnitaryAuthority,Scotland,http://data.ordnancesurvey.co.uk/id/7000000000041429,Scotland,http://data.ordnancesurvey.co.uk/id/country/scotland,,,
osgb4000000074640534,http://data.ordnancesurvey.co.uk/id/4000000074640534,Coille Meall Onfhaidh,,,,landcover,Woodland Or Forest,200200,784377,6000,400000,199708,784028,200692,784852,PH33,http://data.ordnancesurvey.co.uk/id/postcodedistrict/PH33,,,,,,,Highland,http://data.ordnancesurvey.co.uk/id/7000000000186625,http://data.ordnancesurvey.co.uk/ontology/admingeo/UnitaryAuthority,Scotland,http://data.ordnancesurvey.co.uk/id/7000000000041429,Scotland,http://data.ordnancesurvey.co.uk/id/country/scotland,,,
osgb4000000074806912,http://data.ordnancesurvey.co.uk/id/4000000074806912,Lochan nan Sgùd,,,,hydrography,Inland Water,206466,798356,3000,500000,206207,798106,206727,798606,PH34,http://data.ordnancesurvey.co.uk/id/postcodedistrict/PH34,,,,,,,Highland,http://data.ordnancesurvey.co.uk/id/7000000000186625,http://data.ordnancesurvey.co.uk/ontology/admingeo/UnitaryAuthority,Scotland,http://data.ordnancesurvey.co.uk/id/7000000000041429,Scotland,http://data.ordnancesurvey.co.uk/id/country/scotland,,,
osgb4000000074609321,http://data.ordnancesurvey.co.uk/id/4000000074609321,Eilean Loch Airceig,,,,landform,Island,215984,788850,1000,800000,215734,788601,216234,789101,PH34,http://data.ordnancesurvey.co.uk/id/postcodedistrict/PH34,,,,,,,Highland,http://data.ordnancesurvey.co.uk/id/7000000000186625,http://data.ordnancesurvey.co.uk/ontology/admingeo/UnitaryAuthority,Scotland,http://data.ordnancesurvey.co.uk/id/7000000000041429,Scotland,http://data.ordnancesurvey.co.uk/id/country/scotland,,,
osgb4000000074732274,http://data.ordnancesurvey.co.uk/id/4000000074732274,Coille an Ruighe Mhòir,,,,landcover,Other Landcover,205828,788404,9000,1300000,205138,787771,206593,789038,PH34,http://data.ordnancesurvey.co.uk/id/postcodedistrict/PH34,,,,,,,Highland,http://data.ordnancesurvey.co.uk/id/7000000000186625,http://data.ordnancesurvey.co.uk/ontology/admingeo/UnitaryAuthority,Scotland,http://data.ordnancesurvey.co.uk/id/7000000000041429,Scotland,http://data.ordnancesurvey.co.uk/id/country/scotland,,,
osgb4000000074778745,http://data.ordnancesurvey.co.uk/id/4000000074778745,Sròn na Buiteinich,,,,landform,Other Landform,202737,797103,4000,15000,202418,796836,203016,797370,PH34,http://data.ordnancesurvey.co.uk/id/postcodedistrict/PH34,,,,,,,Highland,http://data.ordnancesurvey.co.uk/id/7000000000186625,http://data.ordnancesurvey.co.uk/ontology/admingeo/UnitaryAuthority,Scotland,http://data.ordnancesurvey.co.uk/id/7000000000041429,Scotland,http://data.ordnancesurvey.co.uk/id/country/scotland,,,
osgb4000000074718881,http://data.ordnancesurvey.co.uk/id/4000000074718881,Coire Mhuic,,,,landform,Cirque Or Hollow,213236,793527,6000,30000,212814,793139,213669,793914,PH34,http://data.ordnancesurvey.co.uk/id/postcodedistrict/PH34,,,,,,,Highland,http://data.ordnancesurvey.co.uk/id/7000000000186625,http://data.ordnancesurvey.co.uk/ontology/admingeo/UnitaryAuthority,Scotland,http://data.ordnancesurvey.co.uk/id/7000000000041429,Scotland,http://data.ordnancesurvey.co.uk/id/country/scotland,,,
osgb4000000074718884,http://data.ordnancesurvey.co.uk/id/4000000074718884,Coire Cheanna Mhuir,,,,landform,Cirque Or Hollow,209747,794242,7000,30000,209190,793817,210306,794668,PH34,http://data.ordnancesurvey.co.uk/id/postcodedistrict/PH34,,,,,,,Highland,http://data.ordnancesurvey.co.uk/id/7000000000186625,http://data.ordnancesurvey.co.uk/ontology/admingeo/UnitaryAuthority,Scotland,http://data.ordnancesurvey.co.uk/id/7000000000041429,Scotland,http://data.ordnancesurvey.co.uk/id/country/scotland,,,
osgb4000000074606250,http://data.ordnancesurvey.co.uk/id/4000000074606250,Meall nan Ruadhag,,,,landform,Hill Or Mountain,216487,798113,1000,300000,216237,797863,216737,798363,PH35,http://data.ordnancesurvey.co.uk/id/postcodedistrict/PH35,,,,,,,Highland,http://data.ordnancesurvey.co.uk/id/7000000000186625,http://data.ordnancesurvey.co.uk/ontology/admingeo/UnitaryAuthority,Scotland,http://data.ordnancesurvey.co.uk/id/7000000000041429,Scotland,http://data.ordnancesurvey.co.uk/id/country/scotland,,,
osgb4000000074778783,http://data.ordnancesurvey.co.uk/id/4000000074778783,Sròn Ghorm-achadh an t-Seilich,,,,landform,Other Landform,204598,795842,3000,15000,204330,795592,204846,796092,PH34,http://data.ordnancesurvey.co.uk/id/postcodedistrict/PH34,,,,,,,Highland,http://data.ordnancesurvey.co.uk/id/7000000000186625,http://data.ordnancesurvey.co.uk/ontology/admingeo/UnitaryAuthority,Scotland,http://data.ordnancesurvey.co.uk/id/7000000000041429,Scotland,http://data.ordnancesurvey.co.uk/id/country/scotland,,,
osgb4000000074711239,http://data.ordnancesurvey.co.uk/id/4000000074711239,Coille-ras,,,,landcover,Woodland Or Forest,218612,785727,14000,400000,218362,785022,218862,787112,PH34,http://data.ordnancesurvey.co.uk/id/postcodedistrict/PH34,,,,,,,Highland,http://data.ordnancesurvey.co.uk/id/7000000000186625,http://data.ordnancesurvey.co.uk/ontology/admingeo/UnitaryAuthority,Scotland,http://data.ordnancesurvey.co.uk/id/7000000000041429,Scotland,http://data.ordnancesurvey.co.uk/id/country/scotland,,,
osgb4000000074640119,http://data.ordnancesurvey.co.uk/id/4000000074640119,Coille a' Cham Uisge,,,,landcover,Woodland Or Forest,215675,780770,37000,400000,213665,778550,219318,782989,PH33,http://data.ordnancesurvey.co.uk/id/postcodedistrict/PH33,,,,,,,Highland,http://data.ordnancesurvey.co.uk/id/7000000000186625,http://data.ordnancesurvey.co.uk/ontology/admingeo/UnitaryAuthority,Scotland,http://data.ordnancesurvey.co.uk/id/7000000000041429,Scotland,http://data.ordnancesurvey.co.uk/id/country/scotland,,,
osgb4000000074606669,http://data.ordnancesurvey.co.uk/id/4000000074606669,Meall Lochan nan Dubh Lochan,,,,landform,Hill Or Mountain,208936,794563,1000,300000,208686,794313,209186,794813,PH34,http://data.ordnancesurvey.co.uk/id/postcodedistrict/PH34,,,,,,,Highland,http://data.ordnancesurvey.co.uk/id/7000000000186625,http://data.ordnancesurvey.co.uk/ontology/admingeo/UnitaryAuthority,Scotland,http://data.ordnancesurvey.co.uk/id/7000000000041429,Scotland,http://data.ordnancesurvey.co.uk/id/country/scotland,,,
osgb4000000074598821,http://data.ordnancesurvey.co.uk/id/4000000074598821,Coire Glas,,,,landform,Cirque Or Hollow,206732,789568,5000,30000,206377,789268,207105,789868,PH34,http://data.ordnancesurvey.co.uk/id/postcodedistrict/PH34,,,,,,,Highland,http://data.ordnancesurvey.co.uk/id/7000000000186625,http://data.ordnancesurvey.co.uk/ontology/admingeo/UnitaryAuthority,Scotland,http://data.ordnancesurvey.co.uk/id/7000000000041429,Scotland,http://data.ordnancesurvey.co.uk/id/country/scotland,,,
osgb4000000074732271,http://data.ordnancesurvey.co.uk/id/4000000074732271,Bad an t-Seobhaig,,,,landcover,Woodland Or Forest,213408,799747,8000,400000,212816,799400,214043,800094,PH35,http://data.ordnancesurvey.co.uk/id/postcodedistrict/PH35,,,,,,,Highland,http://data.ordnancesurvey.co.uk/id/7000000000186625,http://data.ordnancesurvey.co.uk/ontology/admingeo/UnitaryAuthority,Scotland,http://data.ordnancesurvey.co.uk/id/7000000000041429,Scotland,http://data.ordnancesurvey.co.uk/id/country/scotland,,,
osgb4000000074793426,http://data.ordnancesurvey.co.uk/id/4000000074793426,Lochan Ceann Caol Glas Bheinn,,,,hydrography,Inland Water,211368,796515,1000,500000,211119,796266,211619,796766,PH35,http://data.ordnancesurvey.co.uk/id/postcodedistrict/PH35,,,,,,,Highland,http://data.ordnancesurvey.co.uk/id/7000000000186625,http://data.ordnancesurvey.co.uk/ontology/admingeo/UnitaryAuthority,Scotland,http://data.ordnancesurvey.co.uk/id/7000000000041429,Scotland,http://data.ordnancesurvey.co.uk/id/country/scotland,,,
osgb4000000074607087,http://data.ordnancesurvey.co.uk/id/4000000074607087,Gairich Beag,,,,landform,Hill Or Mountain,201367,799138,1000,300000,201117,798888,201617,799388,PH34,http://data.ordnancesurvey.co.uk/id/postcodedistrict/PH34,,,,,,,Highland,http://data.ordnancesurvey.co.uk/id/7000000000186625,http://data.ordnancesurvey.co.uk/ontology/admingeo/UnitaryAuthority,Scotland,http://data.ordnancesurvey.co.uk/id/7000000000041429,Scotland,http://data.ordnancesurvey.co.uk/id/country/scotland,,,
osgb4000000074727787,http://data.ordnancesurvey.co.uk/id/4000000074727787,Coire nam Fuaran,,,,landform,Valley,206574,785001,3000,800000,206319,784751,206819,785251,PH33,http://data.ordnancesurvey.co.uk/id/postcodedistrict/PH33,,,,,,,Highland,http://data.ordnancesurvey.co.uk/id/7000000000186625,http://data.ordnancesurvey.co.uk/ontology/admingeo/UnitaryAuthority,Scotland,http://data.ordnancesurvey.co.uk/id/7000000000041429,Scotland,http://data.ordnancesurvey.co.uk/id/country/scotland,,,
osgb4000000074595514,http://data.ordnancesurvey.co.uk/id/4000000074595514,Coire Thollaidh,,,,landform,Cirque Or Hollow,203391,799811,4000,30000,203046,799469,203736,800154,PH34,http://data.ordnancesurvey.co.uk/id/postcodedistrict/PH34,,,,,,,Highland,http://data.ordnancesurvey.co.uk/id/7000000000186625,http://data.ordnancesurvey.co.uk/ontology/admingeo/UnitaryAuthority,Scotland,http://data.ordnancesurvey.co.uk/id/7000000000041429,Scotland,http://data.ordnancesurvey.co.uk/id/country/scotland,,,
osgb4000000074606667,http://data.ordnancesurvey.co.uk/id/4000000074606667,Druim na Giùthsaich,,,,landform,Hill Or Mountain,206765,789015,1000,300000,206515,788765,207015,789265,PH34,http://data.ordnancesurvey.co.uk/id/postcodedistrict/PH34,,,,,,,Highland,http://data.ordnancesurvey.co.uk/id/7000000000186625,http://data.ordnancesurvey.co.uk/ontology/admingeo/UnitaryAuthority,Scotland,http://data.ordnancesurvey.co.uk/id/7000000000041429,Scotland,http://data.ordnancesurvey.co.uk/id/country/scotland,,,
osgb4000000074718880,http://data.ordnancesurvey.co.uk/id/4000000074718880,Gleann Tarsuinn,,,,landform,Valley,217817,793317,8000,800000,217107,793068,218360,793568,PH34,http://data.ordnancesurvey.co.uk/id/postcodedistrict/PH34,,,,,,,Highland,http://data.ordnancesurvey.co.uk/id/7000000000186625,http://data.ordnancesurvey.co.uk/ontology/admingeo/UnitaryAuthority,Scotland,http://data.ordnancesurvey.co.uk/id/7000000000041429,Scotland,http://data.ordnancesurvey.co.uk/id/country/scotland,,,
osgb4000000074718817,http://data.ordnancesurvey.co.uk/id/4000000074718817,Coire Choille-Rais,,,,landform,Valley,217247,785500,9000,800000,216588,785251,217924,785751,PH34,http://data.ordnancesurvey.co.uk/id/postcodedistrict/PH34,,,,,,,Highland,http://data.ordnancesurvey.co.uk/id/7000000000186625,http://data.ordnancesurvey.co.uk/ontology/admingeo/UnitaryAuthority,Scotland,http://data.ordnancesurvey.co.uk/id/7000000000041429,Scotland,http://data.ordnancesurvey.co.uk/id/country/scotland,,,
osgb4000000074597321,http://data.ordnancesurvey.co.uk/id/4000000074597321,Monadh Ceann Lochairceig,,,,landcover,Other Landcover,200261,790516,19000,1300000,198935,789588,201856,791444,PH34,http://data.ordnancesurvey.co.uk/id/postcodedistrict/PH34,,,,,,,Highland,http://data.ordnancesurvey.co.uk/id/7000000000186625,http://data.ordnancesurvey.co.uk/ontology/admingeo/UnitaryAuthority,Scotland,http://data.ordnancesurvey.co.uk/id/7000000000041429,Scotland,http://data.ordnancesurvey.co.uk/id/country/scotland,,,
osgb4000000074719419,http://data.ordnancesurvey.co.uk/id/4000000074719419,Coire an Fhuidhir,,,,landform,Cirque Or Hollow,206779,782459,4000,30000,206440,782180,207120,782738,PH33,http://data.ordnancesurvey.co.uk/id/postcodedistrict/PH33,,,,,,,Highland,http://data.ordnancesurvey.co.uk/id/7000000000186625,http://data.ordnancesurvey.co.uk/ontology/admingeo/UnitaryAuthority,Scotland,http://data.ordnancesurvey.co.uk/id/7000000000041429,Scotland,http://data.ordnancesurvey.co.uk/id/country/scotland,,,
osgb4000000074622250,http://data.ordnancesurvey.co.uk/id/4000000074622250,Am Màm,,,,landform,Hill Or Mountain,209997,785700,1000,300000,209747,785450,210247,785950,PH33,http://data.ordnancesurvey.co.uk/id/postcodedistrict/PH33,,,,,,,Highland,http://data.ordnancesurvey.co.uk/id/7000000000186625,http://data.ordnancesurvey.co.uk/ontology/admingeo/UnitaryAuthority,Scotland,http://data.ordnancesurvey.co.uk/id/7000000000041429,Scotland,http://data.ordnancesurvey.co.uk/id/country/scotland,,,
osgb4000000074640121,http://data.ordnancesurvey.co.uk/id/4000000074640121,Coille na Dubh Chlaise,,,,landcover,Woodland Or Forest,213437,782237,8000,400000,212791,781771,214092,782703,PH33,http://data.ordnancesurvey.co.uk/id/postcodedistrict/PH33,,,,,,,Highland,http://data.ordnancesurvey.co.uk/id/7000000000186625,http://data.ordnancesurvey.co.uk/ontology/admingeo/UnitaryAuthority,Scotland,http://data.ordnancesurvey.co.uk/id/7000000000041429,Scotland,http://data.ordnancesurvey.co.uk/id/country/scotland,,,
osgb4000000074604562,http://data.ordnancesurvey.co.uk/id/4000000074604562,Stob a' Ghrianain,,,,landform,Hill Or Mountain,208707,782405,1000,300000,208457,782155,208957,782655,PH33,http://data.ordnancesurvey.co.uk/id/postcodedistrict/PH33,,,,,,,Highland,http://data.ordnancesurvey.co.uk/id/7000000000186625,http://data.ordnancesurvey.co.uk/ontology/admingeo/UnitaryAuthority,Scotland,http://data.ordnancesurvey.co.uk/id/7000000000041429,Scotland,http://data.ordnancesurvey.co.uk/id/country/scotland,,,
osgb4000000074711241,http://data.ordnancesurvey.co.uk/id/4000000074711241,Coille Phuiteachain,,,,landcover,Woodland Or Forest,209864,784073,9000,400000,209207,783550,210649,784597,PH33,http://data.ordnancesurvey.co.uk/id/postcodedistrict/PH33,,,,,,,Highland,http://data.ordnancesurvey.co.uk/id/7000000000186625,http://data.ordnancesurvey.co.uk/ontology/admingeo/UnitaryAuthority,Scotland,http://data.ordnancesurvey.co.uk/id/7000000000041429,Scotland,http://data.ordnancesurvey.co.uk/id/country/scotland,,,
osgb4000000074717932,http://data.ordnancesurvey.co.uk/id/4000000074717932,Coire nan Laogh,,,,landform,Cirque Or Hollow,203650,785130,4000,30000,203373,784880,203914,785380,PH33,http://data.ordnancesurvey.co.uk/id/postcodedistrict/PH33,,,,,,,Highland,http://data.ordnancesurvey.co.uk/id/7000000000186625,http://data.ordnancesurvey.co.uk/ontology/admingeo/UnitaryAuthority,Scotland,http://data.ordnancesurvey.co.uk/id/7000000000041429,Scotland,http://data.ordnancesurvey.co.uk/id/country/scotland,,,
osgb4000000074604564,http://data.ordnancesurvey.co.uk/id/4000000074604564,Meall Onfhaidh,,,,landform,Hill Or Mountain,201042,784079,1000,300000,200792,783829,201292,784329,PH33,http://data.ordnancesurvey.co.uk/id/postcodedistrict/PH33,,,,,,,Highland,http://data.ordnancesurvey.co.uk/id/7000000000186625,http://data.ordnancesurvey.co.uk/ontology/admingeo/UnitaryAuthority,Scotland,http://data.ordnancesurvey.co.uk/id/7000000000041429,Scotland,http://data.ordnancesurvey.co.uk/id/country/scotland,,,
osgb4000000073301806,http://data.ordnancesurvey.co.uk/id/4000000073301806,Mucomir Power Station,,,,other,Electricity Production,218348,783866,1000,50000,218090,783616,218590,784116,PH34,http://data.ordnancesurvey.co.uk/id/postcodedistrict/PH34,Gearr Lochaidh / Gairlochy,http://data.ordnancesurvey.co.uk/id/4000000074543030,http://www.ordnancesurvey.co.uk/xml/codelists/localtype.xml#otherSettlement,,,,Highland,http://data.ordnancesurvey.co.uk/id/7000000000186625,http://data.ordnancesurvey.co.uk/ontology/admingeo/UnitaryAuthority,Scotland,http://data.ordnancesurvey.co.uk/id/7000000000041429,Scotland,http://data.ordnancesurvey.co.uk/id/country/scotland,,,
osgb4000000074604566,http://data.ordnancesurvey.co.uk/id/4000000074604566,Monadh Beag,,,,landform,Hill Or Mountain,204283,786806,1000,300000,204033,786556,204533,787056,PH34,http://data.ordnancesurvey.co.uk/id/postcodedistrict/PH34,,,,,,,Highland,http://data.ordnancesurvey.co.uk/id/7000000000186625,http://data.ordnancesurvey.co.uk/ontology/admingeo/UnitaryAuthority,Scotland,http://data.ordnancesurvey.co.uk/id/7000000000041429,Scotland,http://data.ordnancesurvey.co.uk/id/country/scotland,,,
osgb4000000074719430,http://data.ordnancesurvey.co.uk/id/4000000074719430,Coire na h-Aire,,,,landform,Cirque Or Hollow,203925,789795,4000,30000,203644,789545,204205,790045,PH34,http://data.ordnancesurvey.co.uk/id/postcodedistrict/PH34,,,,,,,Highland,http://data.ordnancesurvey.co.uk/id/7000000000186625,http://data.ordnancesurvey.co.uk/ontology/admingeo/UnitaryAuthority,Scotland,http://data.ordnancesurvey.co.uk/id/7000000000041429,Scotland,http://data.ordnancesurvey.co.uk/id/country/scotland,,,
osgb4000000074719428,http://data.ordnancesurvey.co.uk/id/4000000074719428,Coire Dubh na Giubhsaich,,,,landform,Cirque Or Hollow,207648,789104,8000,30000,207158,788807,208312,789402,PH34,http://data.ordnancesurvey.co.uk/id/postcodedistrict/PH34,,,,,,,Highland,http://data.ordnancesurvey.co.uk/id/7000000000186625,http://data.ordnancesurvey.co.uk/ontology/admingeo/UnitaryAuthority,Scotland,http://data.ordnancesurvey.co.uk/id/7000000000041429,Scotland,http://data.ordnancesurvey.co.uk/id/country/scotland,,,
osgb4000000074778566,http://data.ordnancesurvey.co.uk/id/4000000074778566,Sròn na Feàrnaig,,,,landform,Other Landform,206153,789861,4000,15000,205836,789582,206469,790194,PH34,http://data.ordnancesurvey.co.uk/id/postcodedistrict/PH34,,,,,,,Highland,http://data.ordnancesurvey.co.uk/id/7000000000186625,http://data.ordnancesurvey.co.uk/ontology/admingeo/UnitaryAuthority,Scotland,http://data.ordnancesurvey.co.uk/id/7000000000041429,Scotland,http://data.ordnancesurvey.co.uk/id/country/scotland,,,
osgb4000000074718885,http://data.ordnancesurvey.co.uk/id/4000000074718885,Coire a' Bhalachain,,,,landform,Cirque Or Hollow,208935,795339,5000,30000,208516,794977,209356,795701,PH34,http://data.ordnancesurvey.co.uk/id/postcodedistrict/PH34,,,,,,,Highland,http://data.ordnancesurvey.co.uk/id/7000000000186625,http://data.ordnancesurvey.co.uk/ontology/admingeo/UnitaryAuthority,Scotland,http://data.ordnancesurvey.co.uk/id/7000000000041429,Scotland,http://data.ordnancesurvey.co.uk/id/country/scotland,,,
