﻿osgb4000000074335510,http://data.ordnancesurvey.co.uk/id/4000000074335510,Innerwick,,,,populatedPlace,Hamlet,258425,747113,5000,25000,258383,746988,258999,747488,PH15,http://data.ordnancesurvey.co.uk/id/postcodedistrict/PH15,,,,,,,Perth and Kinross,http://data.ordnancesurvey.co.uk/id/7000000000030110,http://data.ordnancesurvey.co.uk/ontology/admingeo/UnitaryAuthority,Scotland,http://data.ordnancesurvey.co.uk/id/7000000000041429,Scotland,http://data.ordnancesurvey.co.uk/id/country/scotland,,,
osgb4000000074549046,http://data.ordnancesurvey.co.uk/id/4000000074549046,Killichonan,,,,populatedPlace,Hamlet,254461,758069,5000,25000,253502,757849,254910,758356,PH17,http://data.ordnancesurvey.co.uk/id/postcodedistrict/PH17,,,,,,,Perth and Kinross,http://data.ordnancesurvey.co.uk/id/7000000000030110,http://data.ordnancesurvey.co.uk/ontology/admingeo/UnitaryAuthority,Scotland,http://data.ordnancesurvey.co.uk/id/7000000000041429,Scotland,http://data.ordnancesurvey.co.uk/id/country/scotland,,,http://sws.geonames.org/2645638
osgb4000000074550139,http://data.ordnancesurvey.co.uk/id/4000000074550139,Gallin,,,,populatedPlace,Hamlet,254089,745681,5000,25000,253865,745409,254365,745909,PH15,http://data.ordnancesurvey.co.uk/id/postcodedistrict/PH15,,,,,,,Perth and Kinross,http://data.ordnancesurvey.co.uk/id/7000000000030110,http://data.ordnancesurvey.co.uk/ontology/admingeo/UnitaryAuthority,Scotland,http://data.ordnancesurvey.co.uk/id/7000000000041429,Scotland,http://data.ordnancesurvey.co.uk/id/country/scotland,,,
osgb4000000074541334,http://data.ordnancesurvey.co.uk/id/4000000074541334,Pubil,,,,populatedPlace,Hamlet,246344,741939,5000,25000,246105,741801,246605,742301,PH15,http://data.ordnancesurvey.co.uk/id/postcodedistrict/PH15,,,,,,,Perth and Kinross,http://data.ordnancesurvey.co.uk/id/7000000000030110,http://data.ordnancesurvey.co.uk/ontology/admingeo/UnitaryAuthority,Scotland,http://data.ordnancesurvey.co.uk/id/7000000000041429,Scotland,http://data.ordnancesurvey.co.uk/id/country/scotland,,,http://sws.geonames.org/6694225
osgb4000000074334461,http://data.ordnancesurvey.co.uk/id/4000000074334461,Bridge of Gaur,,,,populatedPlace,Other Settlement,250149,756662,15000,25000,249460,756363,250606,757189,PH17,http://data.ordnancesurvey.co.uk/id/postcodedistrict/PH17,,,,,,,Perth and Kinross,http://data.ordnancesurvey.co.uk/id/7000000000030110,http://data.ordnancesurvey.co.uk/ontology/admingeo/UnitaryAuthority,Scotland,http://data.ordnancesurvey.co.uk/id/7000000000041429,Scotland,http://data.ordnancesurvey.co.uk/id/country/scotland,,,
osgb4000000074334937,http://data.ordnancesurvey.co.uk/id/4000000074334937,Rannoch,,,,populatedPlace,Hamlet,242285,757774,5000,25000,241530,757595,242425,758095,PH17,http://data.ordnancesurvey.co.uk/id/postcodedistrict/PH17,,,,,,,Perth and Kinross,http://data.ordnancesurvey.co.uk/id/7000000000030110,http://data.ordnancesurvey.co.uk/ontology/admingeo/UnitaryAuthority,Scotland,http://data.ordnancesurvey.co.uk/id/7000000000041429,Scotland,http://data.ordnancesurvey.co.uk/id/country/scotland,,,
PH152PX,http://data.ordnancesurvey.co.uk/id/postcodeunit/PH152PX,PH15 2PX,,,,other,Postcode,246406,742079,3500,18000,,,,,,,Pubil,http://data.ordnancesurvey.co.uk/id/4000000074541334,http://www.ordnancesurvey.co.uk/xml/codelists/localtype.xml#hamlet,,,,Perth and Kinross,http://data.ordnancesurvey.co.uk/id/7000000000030110,http://data.ordnancesurvey.co.uk/ontology/admingeo/UnitaryAuthority,Scotland,http://data.ordnancesurvey.co.uk/id/7000000000041429,Scotland,http://data.ordnancesurvey.co.uk/id/country/scotland,,,
PH152PR,http://data.ordnancesurvey.co.uk/id/postcodeunit/PH152PR,PH15 2PR,,,,other,Postcode,254271,745624,3500,18000,,,,,,,Gallin,http://data.ordnancesurvey.co.uk/id/4000000074550139,http://www.ordnancesurvey.co.uk/xml/codelists/localtype.xml#hamlet,,,,Perth and Kinross,http://data.ordnancesurvey.co.uk/id/7000000000030110,http://data.ordnancesurvey.co.uk/ontology/admingeo/UnitaryAuthority,Scotland,http://data.ordnancesurvey.co.uk/id/7000000000041429,Scotland,http://data.ordnancesurvey.co.uk/id/country/scotland,,,
PH172QB,http://data.ordnancesurvey.co.uk/id/postcodeunit/PH172QB,PH17 2QB,,,,other,Postcode,246536,757001,3500,18000,,,,,,,,,,,,,Perth and Kinross,http://data.ordnancesurvey.co.uk/id/7000000000030110,http://data.ordnancesurvey.co.uk/ontology/admingeo/UnitaryAuthority,Scotland,http://data.ordnancesurvey.co.uk/id/7000000000041429,Scotland,http://data.ordnancesurvey.co.uk/id/country/scotland,,,
PH172QD,http://data.ordnancesurvey.co.uk/id/postcodeunit/PH172QD,PH17 2QD,,,,other,Postcode,250360,757134,3500,18000,,,,,,,Bridge of Gaur,http://data.ordnancesurvey.co.uk/id/4000000074334461,http://www.ordnancesurvey.co.uk/xml/codelists/localtype.xml#otherSettlement,,,,Perth and Kinross,http://data.ordnancesurvey.co.uk/id/7000000000030110,http://data.ordnancesurvey.co.uk/ontology/admingeo/UnitaryAuthority,Scotland,http://data.ordnancesurvey.co.uk/id/7000000000041429,Scotland,http://data.ordnancesurvey.co.uk/id/country/scotland,,,
PH152PT,http://data.ordnancesurvey.co.uk/id/postcodeunit/PH152PT,PH15 2PT,,,,other,Postcode,257667,746542,3500,18000,,,,,,,,,,,,,Perth and Kinross,http://data.ordnancesurvey.co.uk/id/7000000000030110,http://data.ordnancesurvey.co.uk/ontology/admingeo/UnitaryAuthority,Scotland,http://data.ordnancesurvey.co.uk/id/7000000000041429,Scotland,http://data.ordnancesurvey.co.uk/id/country/scotland,,,
PH152PU,http://data.ordnancesurvey.co.uk/id/postcodeunit/PH152PU,PH15 2PU,,,,other,Postcode,253382,744394,3500,18000,,,,,,,,,,,,,Perth and Kinross,http://data.ordnancesurvey.co.uk/id/7000000000030110,http://data.ordnancesurvey.co.uk/ontology/admingeo/UnitaryAuthority,Scotland,http://data.ordnancesurvey.co.uk/id/7000000000041429,Scotland,http://data.ordnancesurvey.co.uk/id/country/scotland,,,
PH172QA,http://data.ordnancesurvey.co.uk/id/postcodeunit/PH172QA,PH17 2QA,,,,other,Postcode,242285,757860,3500,18000,,,,,,,Rannoch,http://data.ordnancesurvey.co.uk/id/4000000074334937,http://www.ordnancesurvey.co.uk/xml/codelists/localtype.xml#hamlet,,,,Perth and Kinross,http://data.ordnancesurvey.co.uk/id/7000000000030110,http://data.ordnancesurvey.co.uk/ontology/admingeo/UnitaryAuthority,Scotland,http://data.ordnancesurvey.co.uk/id/7000000000041429,Scotland,http://data.ordnancesurvey.co.uk/id/country/scotland,,,
PH172QE,http://data.ordnancesurvey.co.uk/id/postcodeunit/PH172QE,PH17 2QE,,,,other,Postcode,250455,756550,3500,18000,,,,,,,Bridge of Gaur,http://data.ordnancesurvey.co.uk/id/4000000074334461,http://www.ordnancesurvey.co.uk/xml/codelists/localtype.xml#otherSettlement,,,,Perth and Kinross,http://data.ordnancesurvey.co.uk/id/7000000000030110,http://data.ordnancesurvey.co.uk/ontology/admingeo/UnitaryAuthority,Scotland,http://data.ordnancesurvey.co.uk/id/7000000000041429,Scotland,http://data.ordnancesurvey.co.uk/id/country/scotland,,,
PH172QP,http://data.ordnancesurvey.co.uk/id/postcodeunit/PH172QP,PH17 2QP,,,,other,Postcode,252794,758393,3500,18000,,,,,,,,,,,,,Perth and Kinross,http://data.ordnancesurvey.co.uk/id/7000000000030110,http://data.ordnancesurvey.co.uk/ontology/admingeo/UnitaryAuthority,Scotland,http://data.ordnancesurvey.co.uk/id/7000000000041429,Scotland,http://data.ordnancesurvey.co.uk/id/country/scotland,,,
PH172QG,http://data.ordnancesurvey.co.uk/id/postcodeunit/PH172QG,PH17 2QG,,,,other,Postcode,254957,756362,3500,18000,,,,,,,,,,,,,Perth and Kinross,http://data.ordnancesurvey.co.uk/id/7000000000030110,http://data.ordnancesurvey.co.uk/ontology/admingeo/UnitaryAuthority,Scotland,http://data.ordnancesurvey.co.uk/id/7000000000041429,Scotland,http://data.ordnancesurvey.co.uk/id/country/scotland,,,
PH152PP,http://data.ordnancesurvey.co.uk/id/postcodeunit/PH152PP,PH15 2PP,,,,other,Postcode,258170,747123,3500,18000,,,,,,,,,,,,,Perth and Kinross,http://data.ordnancesurvey.co.uk/id/7000000000030110,http://data.ordnancesurvey.co.uk/ontology/admingeo/UnitaryAuthority,Scotland,http://data.ordnancesurvey.co.uk/id/7000000000041429,Scotland,http://data.ordnancesurvey.co.uk/id/country/scotland,,,
PH172QH,http://data.ordnancesurvey.co.uk/id/postcodeunit/PH172QH,PH17 2QH,,,,other,Postcode,259385,756536,3500,18000,,,,,,,,,,,,,Perth and Kinross,http://data.ordnancesurvey.co.uk/id/7000000000030110,http://data.ordnancesurvey.co.uk/ontology/admingeo/UnitaryAuthority,Scotland,http://data.ordnancesurvey.co.uk/id/7000000000041429,Scotland,http://data.ordnancesurvey.co.uk/id/country/scotland,,,
PH172QR,http://data.ordnancesurvey.co.uk/id/postcodeunit/PH172QR,PH17 2QR,,,,other,Postcode,259271,756302,3500,18000,,,,,,,,,,,,,Perth and Kinross,http://data.ordnancesurvey.co.uk/id/7000000000030110,http://data.ordnancesurvey.co.uk/ontology/admingeo/UnitaryAuthority,Scotland,http://data.ordnancesurvey.co.uk/id/7000000000041429,Scotland,http://data.ordnancesurvey.co.uk/id/country/scotland,,,
PH172QF,http://data.ordnancesurvey.co.uk/id/postcodeunit/PH172QF,PH17 2QF,,,,other,Postcode,251722,757081,3500,18000,,,,,,,,,,,,,Perth and Kinross,http://data.ordnancesurvey.co.uk/id/7000000000030110,http://data.ordnancesurvey.co.uk/ontology/admingeo/UnitaryAuthority,Scotland,http://data.ordnancesurvey.co.uk/id/7000000000041429,Scotland,http://data.ordnancesurvey.co.uk/id/country/scotland,,,
osgb4000000074814879,http://data.ordnancesurvey.co.uk/id/4000000074814879,Lochan nan Cat,,,,hydrography,Inland Water,248646,744938,1000,500000,248396,744690,248896,745190,PH15,http://data.ordnancesurvey.co.uk/id/postcodedistrict/PH15,,,,,,,Perth and Kinross,http://data.ordnancesurvey.co.uk/id/7000000000030110,http://data.ordnancesurvey.co.uk/ontology/admingeo/UnitaryAuthority,Scotland,http://data.ordnancesurvey.co.uk/id/7000000000041429,Scotland,http://data.ordnancesurvey.co.uk/id/country/scotland,,,
osgb4000000074762277,http://data.ordnancesurvey.co.uk/id/4000000074762277,Druim nan Calum,,,,landform,Hill Or Mountain,251240,746130,1000,300000,250990,745880,251490,746380,PH15,http://data.ordnancesurvey.co.uk/id/postcodedistrict/PH15,,,,,,,Perth and Kinross,http://data.ordnancesurvey.co.uk/id/7000000000030110,http://data.ordnancesurvey.co.uk/ontology/admingeo/UnitaryAuthority,Scotland,http://data.ordnancesurvey.co.uk/id/7000000000041429,Scotland,http://data.ordnancesurvey.co.uk/id/country/scotland,,,
osgb4000000074805948,http://data.ordnancesurvey.co.uk/id/4000000074805948,Garbh Ghaoir,,,,hydrography,Inland Water,241801,756884,10000,500000,241189,756634,242742,757134,PH17,http://data.ordnancesurvey.co.uk/id/postcodedistrict/PH17,,,,,,,Perth and Kinross,http://data.ordnancesurvey.co.uk/id/7000000000030110,http://data.ordnancesurvey.co.uk/ontology/admingeo/UnitaryAuthority,Scotland,http://data.ordnancesurvey.co.uk/id/7000000000041429,Scotland,http://data.ordnancesurvey.co.uk/id/country/scotland,,,
osgb4000000074603666,http://data.ordnancesurvey.co.uk/id/4000000074603666,Cnoc na h-Iolaire,,,,landform,Hill Or Mountain,253848,742466,1000,300000,253598,742216,254098,742716,PH15,http://data.ordnancesurvey.co.uk/id/postcodedistrict/PH15,,,,,,,Perth and Kinross,http://data.ordnancesurvey.co.uk/id/7000000000030110,http://data.ordnancesurvey.co.uk/ontology/admingeo/UnitaryAuthority,Scotland,http://data.ordnancesurvey.co.uk/id/7000000000041429,Scotland,http://data.ordnancesurvey.co.uk/id/country/scotland,,,
osgb4000000074762149,http://data.ordnancesurvey.co.uk/id/4000000074762149,Carn Dhomhnaill Duibh,,,,landform,Hill Or Mountain,242389,750801,1000,300000,242139,750551,242639,751051,PH17,http://data.ordnancesurvey.co.uk/id/postcodedistrict/PH17,,,,,,,Perth and Kinross,http://data.ordnancesurvey.co.uk/id/7000000000030110,http://data.ordnancesurvey.co.uk/ontology/admingeo/UnitaryAuthority,Scotland,http://data.ordnancesurvey.co.uk/id/7000000000041429,Scotland,http://data.ordnancesurvey.co.uk/id/country/scotland,,,
osgb4000000074602854,http://data.ordnancesurvey.co.uk/id/4000000074602854,Carabad,,,,landform,Hill Or Mountain,248574,751626,1000,300000,248324,751376,248824,751876,PH17,http://data.ordnancesurvey.co.uk/id/postcodedistrict/PH17,,,,,,,Perth and Kinross,http://data.ordnancesurvey.co.uk/id/7000000000030110,http://data.ordnancesurvey.co.uk/ontology/admingeo/UnitaryAuthority,Scotland,http://data.ordnancesurvey.co.uk/id/7000000000041429,Scotland,http://data.ordnancesurvey.co.uk/id/country/scotland,,,
osgb4000000074733571,http://data.ordnancesurvey.co.uk/id/4000000074733571,Dail an Eas,,,,landcover,Woodland Or Forest,251219,759200,3000,400000,250966,758950,251466,759450,PH17,http://data.ordnancesurvey.co.uk/id/postcodedistrict/PH17,,,,,,,Perth and Kinross,http://data.ordnancesurvey.co.uk/id/7000000000030110,http://data.ordnancesurvey.co.uk/ontology/admingeo/UnitaryAuthority,Scotland,http://data.ordnancesurvey.co.uk/id/7000000000041429,Scotland,http://data.ordnancesurvey.co.uk/id/country/scotland,,,
osgb4000000074793628,http://data.ordnancesurvey.co.uk/id/4000000074793628,Lochan Dubh Grunnd nan Darachan,,,,hydrography,Inland Water,247249,753756,1000,500000,246999,753506,247499,754006,PH17,http://data.ordnancesurvey.co.uk/id/postcodedistrict/PH17,,,,,,,Perth and Kinross,http://data.ordnancesurvey.co.uk/id/7000000000030110,http://data.ordnancesurvey.co.uk/ontology/admingeo/UnitaryAuthority,Scotland,http://data.ordnancesurvey.co.uk/id/7000000000041429,Scotland,http://data.ordnancesurvey.co.uk/id/country/scotland,,,
osgb4000000074718234,http://data.ordnancesurvey.co.uk/id/4000000074718234,Glas Choire,,,,landform,Cirque Or Hollow,250380,749332,4000,30000,250090,749066,250677,749598,PH15,http://data.ordnancesurvey.co.uk/id/postcodedistrict/PH15,,,,,,,Perth and Kinross,http://data.ordnancesurvey.co.uk/id/7000000000030110,http://data.ordnancesurvey.co.uk/ontology/admingeo/UnitaryAuthority,Scotland,http://data.ordnancesurvey.co.uk/id/7000000000041429,Scotland,http://data.ordnancesurvey.co.uk/id/country/scotland,,,
osgb4000000074603256,http://data.ordnancesurvey.co.uk/id/4000000074603256,Meallan Odhar,,,,landform,Hill Or Mountain,247180,744824,1000,300000,246930,744574,247430,745074,PH15,http://data.ordnancesurvey.co.uk/id/postcodedistrict/PH15,,,,,,,Perth and Kinross,http://data.ordnancesurvey.co.uk/id/7000000000030110,http://data.ordnancesurvey.co.uk/ontology/admingeo/UnitaryAuthority,Scotland,http://data.ordnancesurvey.co.uk/id/7000000000041429,Scotland,http://data.ordnancesurvey.co.uk/id/country/scotland,,,
osgb4000000074588658,http://data.ordnancesurvey.co.uk/id/4000000074588658,Coire Bàn,,,,landform,Cirque Or Hollow,253782,742217,3000,30000,253534,741968,254034,742468,PH15,http://data.ordnancesurvey.co.uk/id/postcodedistrict/PH15,,,,,,,Perth and Kinross,http://data.ordnancesurvey.co.uk/id/7000000000030110,http://data.ordnancesurvey.co.uk/ontology/admingeo/UnitaryAuthority,Scotland,http://data.ordnancesurvey.co.uk/id/7000000000041429,Scotland,http://data.ordnancesurvey.co.uk/id/country/scotland,,,
osgb4000000074719052,http://data.ordnancesurvey.co.uk/id/4000000074719052,Coire Allt Fearna,,,,landform,Cirque Or Hollow,247202,755518,3000,30000,246942,755268,247453,755768,PH17,http://data.ordnancesurvey.co.uk/id/postcodedistrict/PH17,,,,,,,Perth and Kinross,http://data.ordnancesurvey.co.uk/id/7000000000030110,http://data.ordnancesurvey.co.uk/ontology/admingeo/UnitaryAuthority,Scotland,http://data.ordnancesurvey.co.uk/id/7000000000041429,Scotland,http://data.ordnancesurvey.co.uk/id/country/scotland,,,
osgb4000000074604090,http://data.ordnancesurvey.co.uk/id/4000000074604090,Creag Dhubh,,,,landform,Hill Or Mountain,255821,743929,1000,300000,255571,743679,256071,744179,PH15,http://data.ordnancesurvey.co.uk/id/postcodedistrict/PH15,,,,,,,Perth and Kinross,http://data.ordnancesurvey.co.uk/id/7000000000030110,http://data.ordnancesurvey.co.uk/ontology/admingeo/UnitaryAuthority,Scotland,http://data.ordnancesurvey.co.uk/id/7000000000041429,Scotland,http://data.ordnancesurvey.co.uk/id/country/scotland,,,
osgb4000000074778544,http://data.ordnancesurvey.co.uk/id/4000000074778544,Cnoc Chenan,,,,landform,Hill Or Mountain,251508,758748,1000,300000,251258,758498,251758,758998,PH17,http://data.ordnancesurvey.co.uk/id/postcodedistrict/PH17,,,,,,,Perth and Kinross,http://data.ordnancesurvey.co.uk/id/7000000000030110,http://data.ordnancesurvey.co.uk/ontology/admingeo/UnitaryAuthority,Scotland,http://data.ordnancesurvey.co.uk/id/7000000000041429,Scotland,http://data.ordnancesurvey.co.uk/id/country/scotland,,,
osgb4000000074603667,http://data.ordnancesurvey.co.uk/id/4000000074603667,Creag an Tulabhain,,,,landform,Hill Or Mountain,252513,741664,1000,300000,252263,741414,252763,741914,PH15,http://data.ordnancesurvey.co.uk/id/postcodedistrict/PH15,,,,,,,Perth and Kinross,http://data.ordnancesurvey.co.uk/id/7000000000030110,http://data.ordnancesurvey.co.uk/ontology/admingeo/UnitaryAuthority,Scotland,http://data.ordnancesurvey.co.uk/id/7000000000041429,Scotland,http://data.ordnancesurvey.co.uk/id/country/scotland,,,
osgb4000000074602843,http://data.ordnancesurvey.co.uk/id/4000000074602843,Meall a' Bhobuir,,,,landform,Hill Or Mountain,251808,752028,1000,300000,251558,751778,252058,752278,PH17,http://data.ordnancesurvey.co.uk/id/postcodedistrict/PH17,,,,,,,Perth and Kinross,http://data.ordnancesurvey.co.uk/id/7000000000030110,http://data.ordnancesurvey.co.uk/ontology/admingeo/UnitaryAuthority,Scotland,http://data.ordnancesurvey.co.uk/id/7000000000041429,Scotland,http://data.ordnancesurvey.co.uk/id/country/scotland,,,
osgb4000000074614213,http://data.ordnancesurvey.co.uk/id/4000000074614213,Eilean Moloch,,,,landform,Island,252327,742843,1000,800000,252068,742594,252568,743094,PH15,http://data.ordnancesurvey.co.uk/id/postcodedistrict/PH15,,,,,,,Perth and Kinross,http://data.ordnancesurvey.co.uk/id/7000000000030110,http://data.ordnancesurvey.co.uk/ontology/admingeo/UnitaryAuthority,Scotland,http://data.ordnancesurvey.co.uk/id/7000000000041429,Scotland,http://data.ordnancesurvey.co.uk/id/country/scotland,,,
osgb4000000074602857,http://data.ordnancesurvey.co.uk/id/4000000074602857,Meall Chomraidh,,,,landform,Hill Or Mountain,248390,755675,1000,300000,248140,755425,248640,755925,PH17,http://data.ordnancesurvey.co.uk/id/postcodedistrict/PH17,,,,,,,Perth and Kinross,http://data.ordnancesurvey.co.uk/id/7000000000030110,http://data.ordnancesurvey.co.uk/ontology/admingeo/UnitaryAuthority,Scotland,http://data.ordnancesurvey.co.uk/id/7000000000041429,Scotland,http://data.ordnancesurvey.co.uk/id/country/scotland,,,
osgb4000000074795588,http://data.ordnancesurvey.co.uk/id/4000000074795588,Eas an Torra Mhòir,,,,hydrography,Waterfall,246126,755816,1000,15000,245876,755567,246376,756067,PH17,http://data.ordnancesurvey.co.uk/id/postcodedistrict/PH17,,,,,,,Perth and Kinross,http://data.ordnancesurvey.co.uk/id/7000000000030110,http://data.ordnancesurvey.co.uk/ontology/admingeo/UnitaryAuthority,Scotland,http://data.ordnancesurvey.co.uk/id/7000000000041429,Scotland,http://data.ordnancesurvey.co.uk/id/country/scotland,,,
osgb4000000074603676,http://data.ordnancesurvey.co.uk/id/4000000074603676,Meall Cruinn,,,,landform,Hill Or Mountain,245880,747807,1000,300000,245630,747557,246130,748057,PH15,http://data.ordnancesurvey.co.uk/id/postcodedistrict/PH15,,,,,,,Perth and Kinross,http://data.ordnancesurvey.co.uk/id/7000000000030110,http://data.ordnancesurvey.co.uk/ontology/admingeo/UnitaryAuthority,Scotland,http://data.ordnancesurvey.co.uk/id/7000000000041429,Scotland,http://data.ordnancesurvey.co.uk/id/country/scotland,,,
osgb4000000074718233,http://data.ordnancesurvey.co.uk/id/4000000074718233,Coire nam Miseach,,,,landform,Cirque Or Hollow,250417,748248,4000,30000,250137,747999,250693,748499,PH15,http://data.ordnancesurvey.co.uk/id/postcodedistrict/PH15,,,,,,,Perth and Kinross,http://data.ordnancesurvey.co.uk/id/7000000000030110,http://data.ordnancesurvey.co.uk/ontology/admingeo/UnitaryAuthority,Scotland,http://data.ordnancesurvey.co.uk/id/7000000000041429,Scotland,http://data.ordnancesurvey.co.uk/id/country/scotland,,,
osgb4000000074602855,http://data.ordnancesurvey.co.uk/id/4000000074602855,Meall Caol,,,,landform,Hill Or Mountain,249583,753469,1000,300000,249333,753219,249833,753719,PH17,http://data.ordnancesurvey.co.uk/id/postcodedistrict/PH17,,,,,,,Perth and Kinross,http://data.ordnancesurvey.co.uk/id/7000000000030110,http://data.ordnancesurvey.co.uk/ontology/admingeo/UnitaryAuthority,Scotland,http://data.ordnancesurvey.co.uk/id/7000000000041429,Scotland,http://data.ordnancesurvey.co.uk/id/country/scotland,,,
osgb4000000074594047,http://data.ordnancesurvey.co.uk/id/4000000074594047,Coire Gorm,,,,landform,Cirque Or Hollow,247799,749020,5000,30000,247401,748649,248209,749391,PH15,http://data.ordnancesurvey.co.uk/id/postcodedistrict/PH15,,,,,,,Perth and Kinross,http://data.ordnancesurvey.co.uk/id/7000000000030110,http://data.ordnancesurvey.co.uk/ontology/admingeo/UnitaryAuthority,Scotland,http://data.ordnancesurvey.co.uk/id/7000000000041429,Scotland,http://data.ordnancesurvey.co.uk/id/country/scotland,,,
osgb4000000074602842,http://data.ordnancesurvey.co.uk/id/4000000074602842,Garbh Mheall,,,,landform,Hill Or Mountain,250038,750577,1000,300000,249788,750327,250288,750827,PH17,http://data.ordnancesurvey.co.uk/id/postcodedistrict/PH17,,,,,,,Perth and Kinross,http://data.ordnancesurvey.co.uk/id/7000000000030110,http://data.ordnancesurvey.co.uk/ontology/admingeo/UnitaryAuthority,Scotland,http://data.ordnancesurvey.co.uk/id/7000000000041429,Scotland,http://data.ordnancesurvey.co.uk/id/country/scotland,,,
osgb4000000074817938,http://data.ordnancesurvey.co.uk/id/4000000074817938,Easan Garbh Dhùin,,,,hydrography,Inland Water,246380,756968,2000,35000,246095,756719,246595,757219,PH17,http://data.ordnancesurvey.co.uk/id/postcodedistrict/PH17,,,,,,,Perth and Kinross,http://data.ordnancesurvey.co.uk/id/7000000000030110,http://data.ordnancesurvey.co.uk/ontology/admingeo/UnitaryAuthority,Scotland,http://data.ordnancesurvey.co.uk/id/7000000000041429,Scotland,http://data.ordnancesurvey.co.uk/id/country/scotland,,,
osgb4000000074718163,http://data.ordnancesurvey.co.uk/id/4000000074718163,Gleann Daimh,,,,landform,Valley,244397,746410,16000,800000,243132,746049,245625,746770,PH15,http://data.ordnancesurvey.co.uk/id/postcodedistrict/PH15,,,,,,,Perth and Kinross,http://data.ordnancesurvey.co.uk/id/7000000000030110,http://data.ordnancesurvey.co.uk/ontology/admingeo/UnitaryAuthority,Scotland,http://data.ordnancesurvey.co.uk/id/7000000000041429,Scotland,http://data.ordnancesurvey.co.uk/id/country/scotland,,,
osgb4000000074614214,http://data.ordnancesurvey.co.uk/id/4000000074614214,Eilean Eonain,,,,landform,Island,257380,746479,1000,800000,257159,746229,257659,746729,PH15,http://data.ordnancesurvey.co.uk/id/postcodedistrict/PH15,,,,,,,Perth and Kinross,http://data.ordnancesurvey.co.uk/id/7000000000030110,http://data.ordnancesurvey.co.uk/ontology/admingeo/UnitaryAuthority,Scotland,http://data.ordnancesurvey.co.uk/id/7000000000041429,Scotland,http://data.ordnancesurvey.co.uk/id/country/scotland,,,
osgb4000000074728176,http://data.ordnancesurvey.co.uk/id/4000000074728176,Coire Creagach,,,,landform,Valley,243815,753498,4000,800000,243495,753249,244149,753749,PH17,http://data.ordnancesurvey.co.uk/id/postcodedistrict/PH17,,,,,,,Perth and Kinross,http://data.ordnancesurvey.co.uk/id/7000000000030110,http://data.ordnancesurvey.co.uk/ontology/admingeo/UnitaryAuthority,Scotland,http://data.ordnancesurvey.co.uk/id/7000000000041429,Scotland,http://data.ordnancesurvey.co.uk/id/country/scotland,,,
osgb4000000074643844,http://data.ordnancesurvey.co.uk/id/4000000074643844,Cnoc Chenan Wood,,,,landcover,Woodland Or Forest,251424,758500,5000,400000,251070,758210,251861,758790,PH17,http://data.ordnancesurvey.co.uk/id/postcodedistrict/PH17,,,,,,,Perth and Kinross,http://data.ordnancesurvey.co.uk/id/7000000000030110,http://data.ordnancesurvey.co.uk/ontology/admingeo/UnitaryAuthority,Scotland,http://data.ordnancesurvey.co.uk/id/7000000000041429,Scotland,http://data.ordnancesurvey.co.uk/id/country/scotland,,,
osgb4000000074793810,http://data.ordnancesurvey.co.uk/id/4000000074793810,Lochan a' Chibeir,,,,hydrography,Inland Water,243402,754800,1000,500000,243149,754551,243649,755051,PH17,http://data.ordnancesurvey.co.uk/id/postcodedistrict/PH17,,,,,,,Perth and Kinross,http://data.ordnancesurvey.co.uk/id/7000000000030110,http://data.ordnancesurvey.co.uk/ontology/admingeo/UnitaryAuthority,Scotland,http://data.ordnancesurvey.co.uk/id/7000000000041429,Scotland,http://data.ordnancesurvey.co.uk/id/country/scotland,,,
osgb4000000074718636,http://data.ordnancesurvey.co.uk/id/4000000074718636,Coire Chall,,,,landform,Cirque Or Hollow,243170,740412,2000,30000,242920,740163,243420,740663,PH15,http://data.ordnancesurvey.co.uk/id/postcodedistrict/PH15,,,,,,,Perth and Kinross,http://data.ordnancesurvey.co.uk/id/7000000000030110,http://data.ordnancesurvey.co.uk/ontology/admingeo/UnitaryAuthority,Scotland,http://data.ordnancesurvey.co.uk/id/7000000000041429,Scotland,http://data.ordnancesurvey.co.uk/id/country/scotland,,,
osgb4000000074591922,http://data.ordnancesurvey.co.uk/id/4000000074591922,Beinn nan Oighreag,,,,landform,Hill Or Mountain,254168,741200,1000,300000,253918,740950,254418,741450,PH15,http://data.ordnancesurvey.co.uk/id/postcodedistrict/PH15,,,,,,,Stirling,http://data.ordnancesurvey.co.uk/id/7000000000030502,http://data.ordnancesurvey.co.uk/ontology/admingeo/UnitaryAuthority,Scotland,http://data.ordnancesurvey.co.uk/id/7000000000041429,Scotland,http://data.ordnancesurvey.co.uk/id/country/scotland,,,
osgb4000000074602829,http://data.ordnancesurvey.co.uk/id/4000000074602829,An Grianan,,,,landform,Hill Or Mountain,248095,742925,1000,300000,247845,742675,248345,743175,PH15,http://data.ordnancesurvey.co.uk/id/postcodedistrict/PH15,,,,,,,Perth and Kinross,http://data.ordnancesurvey.co.uk/id/7000000000030110,http://data.ordnancesurvey.co.uk/ontology/admingeo/UnitaryAuthority,Scotland,http://data.ordnancesurvey.co.uk/id/7000000000041429,Scotland,http://data.ordnancesurvey.co.uk/id/country/scotland,,,
osgb4000000074623478,http://data.ordnancesurvey.co.uk/id/4000000074623478,Sròn Chona Choirein,,,,landform,Hill Or Mountain,249339,744541,1000,300000,249089,744291,249589,744791,PH15,http://data.ordnancesurvey.co.uk/id/postcodedistrict/PH15,,,,,,,Perth and Kinross,http://data.ordnancesurvey.co.uk/id/7000000000030110,http://data.ordnancesurvey.co.uk/ontology/admingeo/UnitaryAuthority,Scotland,http://data.ordnancesurvey.co.uk/id/7000000000041429,Scotland,http://data.ordnancesurvey.co.uk/id/country/scotland,,,
osgb4000000074718139,http://data.ordnancesurvey.co.uk/id/4000000074718139,Cona Choirein,,,,landform,Cirque Or Hollow,249965,743638,4000,30000,249661,743388,250266,743888,PH15,http://data.ordnancesurvey.co.uk/id/postcodedistrict/PH15,,,,,,,Perth and Kinross,http://data.ordnancesurvey.co.uk/id/7000000000030110,http://data.ordnancesurvey.co.uk/ontology/admingeo/UnitaryAuthority,Scotland,http://data.ordnancesurvey.co.uk/id/7000000000041429,Scotland,http://data.ordnancesurvey.co.uk/id/country/scotland,,,
osgb4000000074718055,http://data.ordnancesurvey.co.uk/id/4000000074718055,Coire Seileich,,,,landform,Cirque Or Hollow,240643,743883,3000,30000,240390,743633,240890,744133,PH15,http://data.ordnancesurvey.co.uk/id/postcodedistrict/PH15,,,,,,,Perth and Kinross,http://data.ordnancesurvey.co.uk/id/7000000000030110,http://data.ordnancesurvey.co.uk/ontology/admingeo/UnitaryAuthority,Scotland,http://data.ordnancesurvey.co.uk/id/7000000000041429,Scotland,http://data.ordnancesurvey.co.uk/id/country/scotland,,,
osgb4000000074793808,http://data.ordnancesurvey.co.uk/id/4000000074793808,Lochan a' Mhàidseir,,,,hydrography,Inland Water,241286,754779,2000,500000,241109,754529,241609,755029,PH17,http://data.ordnancesurvey.co.uk/id/postcodedistrict/PH17,,,,,,,Perth and Kinross,http://data.ordnancesurvey.co.uk/id/7000000000030110,http://data.ordnancesurvey.co.uk/ontology/admingeo/UnitaryAuthority,Scotland,http://data.ordnancesurvey.co.uk/id/7000000000041429,Scotland,http://data.ordnancesurvey.co.uk/id/country/scotland,,,
osgb4000000074725747,http://data.ordnancesurvey.co.uk/id/4000000074725747,Coire Bàn,,,,landform,Cirque Or Hollow,250548,745587,4000,30000,250271,745337,250815,745837,PH15,http://data.ordnancesurvey.co.uk/id/postcodedistrict/PH15,,,,,,,Perth and Kinross,http://data.ordnancesurvey.co.uk/id/7000000000030110,http://data.ordnancesurvey.co.uk/ontology/admingeo/UnitaryAuthority,Scotland,http://data.ordnancesurvey.co.uk/id/7000000000041429,Scotland,http://data.ordnancesurvey.co.uk/id/country/scotland,,,
osgb4000000074793263,http://data.ordnancesurvey.co.uk/id/4000000074793263,Loch Eigheach Gaur Reservoir,,,,hydrography,Inland Water,244786,757056,13000,500000,244042,756328,246072,757783,PH17,http://data.ordnancesurvey.co.uk/id/postcodedistrict/PH17,,,,,,,Perth and Kinross,http://data.ordnancesurvey.co.uk/id/7000000000030110,http://data.ordnancesurvey.co.uk/ontology/admingeo/UnitaryAuthority,Scotland,http://data.ordnancesurvey.co.uk/id/7000000000041429,Scotland,http://data.ordnancesurvey.co.uk/id/country/scotland,,,
osgb4000000074603267,http://data.ordnancesurvey.co.uk/id/4000000074603267,Leagag,,,,landform,Hill Or Mountain,251883,753908,1000,300000,251633,753658,252133,754158,PH17,http://data.ordnancesurvey.co.uk/id/postcodedistrict/PH17,,,,,,,Perth and Kinross,http://data.ordnancesurvey.co.uk/id/7000000000030110,http://data.ordnancesurvey.co.uk/ontology/admingeo/UnitaryAuthority,Scotland,http://data.ordnancesurvey.co.uk/id/7000000000041429,Scotland,http://data.ordnancesurvey.co.uk/id/country/scotland,,,
osgb4000000074793678,http://data.ordnancesurvey.co.uk/id/4000000074793678,Lochan Eòin,,,,hydrography,Inland Water,244573,755116,1000,500000,244323,754861,244823,755361,PH17,http://data.ordnancesurvey.co.uk/id/postcodedistrict/PH17,,,,,,,Perth and Kinross,http://data.ordnancesurvey.co.uk/id/7000000000030110,http://data.ordnancesurvey.co.uk/ontology/admingeo/UnitaryAuthority,Scotland,http://data.ordnancesurvey.co.uk/id/7000000000041429,Scotland,http://data.ordnancesurvey.co.uk/id/country/scotland,,,
osgb4000000074793057,http://data.ordnancesurvey.co.uk/id/4000000074793057,Loch an Daimh,,,,hydrography,Inland Water,250302,746382,34000,500000,245584,745590,250891,747174,PH15,http://data.ordnancesurvey.co.uk/id/postcodedistrict/PH15,,,,,,,Perth and Kinross,http://data.ordnancesurvey.co.uk/id/7000000000030110,http://data.ordnancesurvey.co.uk/ontology/admingeo/UnitaryAuthority,Scotland,http://data.ordnancesurvey.co.uk/id/7000000000041429,Scotland,http://data.ordnancesurvey.co.uk/id/country/scotland,,,
osgb4000000074706456,http://data.ordnancesurvey.co.uk/id/4000000074706456,Coille Bad a' Chlamhain,,,,landcover,Woodland Or Forest,240562,757134,2000,400000,240293,756884,240793,757384,PH17,http://data.ordnancesurvey.co.uk/id/postcodedistrict/PH17,,,,,,,Perth and Kinross,http://data.ordnancesurvey.co.uk/id/7000000000030110,http://data.ordnancesurvey.co.uk/ontology/admingeo/UnitaryAuthority,Scotland,http://data.ordnancesurvey.co.uk/id/7000000000041429,Scotland,http://data.ordnancesurvey.co.uk/id/country/scotland,,,
osgb4000000074792525,http://data.ordnancesurvey.co.uk/id/4000000074792525,Cùl Lochan,,,,hydrography,Inland Water,253714,751298,1000,500000,253465,751049,253965,751549,PH17,http://data.ordnancesurvey.co.uk/id/postcodedistrict/PH17,,,,,,,Perth and Kinross,http://data.ordnancesurvey.co.uk/id/7000000000030110,http://data.ordnancesurvey.co.uk/ontology/admingeo/UnitaryAuthority,Scotland,http://data.ordnancesurvey.co.uk/id/7000000000041429,Scotland,http://data.ordnancesurvey.co.uk/id/country/scotland,,,
osgb4000000074591930,http://data.ordnancesurvey.co.uk/id/4000000074591930,Sròn a' Choire Chnapanaich,,,,landform,Hill Or Mountain,245603,745302,1000,300000,245353,745052,245853,745552,PH15,http://data.ordnancesurvey.co.uk/id/postcodedistrict/PH15,,,,,,,Perth and Kinross,http://data.ordnancesurvey.co.uk/id/7000000000030110,http://data.ordnancesurvey.co.uk/ontology/admingeo/UnitaryAuthority,Scotland,http://data.ordnancesurvey.co.uk/id/7000000000041429,Scotland,http://data.ordnancesurvey.co.uk/id/country/scotland,,,
osgb4000000074718164,http://data.ordnancesurvey.co.uk/id/4000000074718164,Coire Pharlain,,,,landform,Cirque Or Hollow,249115,748575,6000,30000,248755,748148,249475,749005,PH15,http://data.ordnancesurvey.co.uk/id/postcodedistrict/PH15,,,,,,,Perth and Kinross,http://data.ordnancesurvey.co.uk/id/7000000000030110,http://data.ordnancesurvey.co.uk/ontology/admingeo/UnitaryAuthority,Scotland,http://data.ordnancesurvey.co.uk/id/7000000000041429,Scotland,http://data.ordnancesurvey.co.uk/id/country/scotland,,,
osgb4000000074602830,http://data.ordnancesurvey.co.uk/id/4000000074602830,Meall Phubaill,,,,landform,Hill Or Mountain,244278,743833,1000,300000,244028,743583,244528,744083,PH15,http://data.ordnancesurvey.co.uk/id/postcodedistrict/PH15,,,,,,,Perth and Kinross,http://data.ordnancesurvey.co.uk/id/7000000000030110,http://data.ordnancesurvey.co.uk/ontology/admingeo/UnitaryAuthority,Scotland,http://data.ordnancesurvey.co.uk/id/7000000000041429,Scotland,http://data.ordnancesurvey.co.uk/id/country/scotland,,,
osgb4000000074778666,http://data.ordnancesurvey.co.uk/id/4000000074778666,Sròn Sìtheag,,,,landform,Other Landform,246136,747237,4000,15000,245805,746875,246468,747493,PH15,http://data.ordnancesurvey.co.uk/id/postcodedistrict/PH15,,,,,,,Perth and Kinross,http://data.ordnancesurvey.co.uk/id/7000000000030110,http://data.ordnancesurvey.co.uk/ontology/admingeo/UnitaryAuthority,Scotland,http://data.ordnancesurvey.co.uk/id/7000000000041429,Scotland,http://data.ordnancesurvey.co.uk/id/country/scotland,,,
osgb4000000074718166,http://data.ordnancesurvey.co.uk/id/4000000074718166,Coire an Uillt Ghairbh,,,,landform,Cirque Or Hollow,249073,749888,4000,30000,248803,749638,249348,750138,PH15,http://data.ordnancesurvey.co.uk/id/postcodedistrict/PH15,,,,,,,Perth and Kinross,http://data.ordnancesurvey.co.uk/id/7000000000030110,http://data.ordnancesurvey.co.uk/ontology/admingeo/UnitaryAuthority,Scotland,http://data.ordnancesurvey.co.uk/id/7000000000041429,Scotland,http://data.ordnancesurvey.co.uk/id/country/scotland,,,
osgb4000000074719053,http://data.ordnancesurvey.co.uk/id/4000000074719053,Coire a' Bhad Dhuinn,,,,landform,Cirque Or Hollow,246483,755277,3000,30000,246228,755027,246741,755527,PH17,http://data.ordnancesurvey.co.uk/id/postcodedistrict/PH17,,,,,,,Perth and Kinross,http://data.ordnancesurvey.co.uk/id/7000000000030110,http://data.ordnancesurvey.co.uk/ontology/admingeo/UnitaryAuthority,Scotland,http://data.ordnancesurvey.co.uk/id/7000000000041429,Scotland,http://data.ordnancesurvey.co.uk/id/country/scotland,,,
osgb4000000074602840,http://data.ordnancesurvey.co.uk/id/4000000074602840,Meall nan Sac,,,,landform,Hill Or Mountain,256132,751719,1000,300000,255882,751469,256382,751969,PH17,http://data.ordnancesurvey.co.uk/id/postcodedistrict/PH17,,,,,,,Perth and Kinross,http://data.ordnancesurvey.co.uk/id/7000000000030110,http://data.ordnancesurvey.co.uk/ontology/admingeo/UnitaryAuthority,Scotland,http://data.ordnancesurvey.co.uk/id/7000000000041429,Scotland,http://data.ordnancesurvey.co.uk/id/country/scotland,,,
osgb4000000074793809,http://data.ordnancesurvey.co.uk/id/4000000074793809,Lochan Caol Fada,,,,hydrography,Inland Water,241054,756008,2000,500000,240804,755765,241304,756265,PH17,http://data.ordnancesurvey.co.uk/id/postcodedistrict/PH17,,,,,,,Perth and Kinross,http://data.ordnancesurvey.co.uk/id/7000000000030110,http://data.ordnancesurvey.co.uk/ontology/admingeo/UnitaryAuthority,Scotland,http://data.ordnancesurvey.co.uk/id/7000000000041429,Scotland,http://data.ordnancesurvey.co.uk/id/country/scotland,,,
osgb4000000074603271,http://data.ordnancesurvey.co.uk/id/4000000074603271,Am Beannan,,,,landform,Hill Or Mountain,256171,758883,1000,300000,255921,758633,256421,759133,PH17,http://data.ordnancesurvey.co.uk/id/postcodedistrict/PH17,,,,,,,Perth and Kinross,http://data.ordnancesurvey.co.uk/id/7000000000030110,http://data.ordnancesurvey.co.uk/ontology/admingeo/UnitaryAuthority,Scotland,http://data.ordnancesurvey.co.uk/id/7000000000041429,Scotland,http://data.ordnancesurvey.co.uk/id/country/scotland,,,
osgb4000000074778542,http://data.ordnancesurvey.co.uk/id/4000000074778542,Sìdhean Dubh,,,,landform,Hill Or Mountain,244392,756564,1000,300000,244142,756314,244642,756814,PH17,http://data.ordnancesurvey.co.uk/id/postcodedistrict/PH17,,,,,,,Perth and Kinross,http://data.ordnancesurvey.co.uk/id/7000000000030110,http://data.ordnancesurvey.co.uk/ontology/admingeo/UnitaryAuthority,Scotland,http://data.ordnancesurvey.co.uk/id/7000000000041429,Scotland,http://data.ordnancesurvey.co.uk/id/country/scotland,,,
osgb4000000074586923,http://data.ordnancesurvey.co.uk/id/4000000074586923,Rannoch,,,,landcover,Other Landcover,251237,755529,338000,1300000,225234,743689,277306,767369,PH17,http://data.ordnancesurvey.co.uk/id/postcodedistrict/PH17,,,,,,,Perth and Kinross,http://data.ordnancesurvey.co.uk/id/7000000000030110,http://data.ordnancesurvey.co.uk/ontology/admingeo/UnitaryAuthority,Scotland,http://data.ordnancesurvey.co.uk/id/7000000000041429,Scotland,http://data.ordnancesurvey.co.uk/id/country/scotland,,,
osgb4000000074588687,http://data.ordnancesurvey.co.uk/id/4000000074588687,Coire Buidhe,,,,landform,Cirque Or Hollow,258611,742336,4000,30000,258336,742086,258886,742586,PH15,http://data.ordnancesurvey.co.uk/id/postcodedistrict/PH15,,,,,,,Perth and Kinross,http://data.ordnancesurvey.co.uk/id/7000000000030110,http://data.ordnancesurvey.co.uk/ontology/admingeo/UnitaryAuthority,Scotland,http://data.ordnancesurvey.co.uk/id/7000000000041429,Scotland,http://data.ordnancesurvey.co.uk/id/country/scotland,,,
osgb4000000074585909,http://data.ordnancesurvey.co.uk/id/4000000074585909,Glen Lyon Hills,,,,landform,Hill Or Mountain Ranges,249927,747355,248000,3000000,239330,736891,277414,757819,PH15,http://data.ordnancesurvey.co.uk/id/postcodedistrict/PH15,,,,,,,Perth and Kinross,http://data.ordnancesurvey.co.uk/id/7000000000030110,http://data.ordnancesurvey.co.uk/ontology/admingeo/UnitaryAuthority,Scotland,http://data.ordnancesurvey.co.uk/id/7000000000041429,Scotland,http://data.ordnancesurvey.co.uk/id/country/scotland,,,
osgb4000000074623776,http://data.ordnancesurvey.co.uk/id/4000000074623776,Meall Dubh,,,,landform,Hill Or Mountain,249828,743164,1000,300000,249578,742914,250078,743414,PH15,http://data.ordnancesurvey.co.uk/id/postcodedistrict/PH15,,,,,,,Perth and Kinross,http://data.ordnancesurvey.co.uk/id/7000000000030110,http://data.ordnancesurvey.co.uk/ontology/admingeo/UnitaryAuthority,Scotland,http://data.ordnancesurvey.co.uk/id/7000000000041429,Scotland,http://data.ordnancesurvey.co.uk/id/country/scotland,,,
osgb4000000074778718,http://data.ordnancesurvey.co.uk/id/4000000074778718,Sròn a' Mhill Bhuidhe,,,,landform,Other Landform,244687,745802,8000,15000,244122,745230,245335,746374,PH15,http://data.ordnancesurvey.co.uk/id/postcodedistrict/PH15,,,,,,,Perth and Kinross,http://data.ordnancesurvey.co.uk/id/7000000000030110,http://data.ordnancesurvey.co.uk/ontology/admingeo/UnitaryAuthority,Scotland,http://data.ordnancesurvey.co.uk/id/7000000000041429,Scotland,http://data.ordnancesurvey.co.uk/id/country/scotland,,,
osgb4000000074718138,http://data.ordnancesurvey.co.uk/id/4000000074718138,Coire an t-Seilich,,,,landform,Cirque Or Hollow,254792,740998,3000,30000,254541,740748,255041,741248,PH15,http://data.ordnancesurvey.co.uk/id/postcodedistrict/PH15,,,,,,,Stirling,http://data.ordnancesurvey.co.uk/id/7000000000030502,http://data.ordnancesurvey.co.uk/ontology/admingeo/UnitaryAuthority,Scotland,http://data.ordnancesurvey.co.uk/id/7000000000041429,Scotland,http://data.ordnancesurvey.co.uk/id/country/scotland,,,
osgb4000000074599571,http://data.ordnancesurvey.co.uk/id/4000000074599571,Cam Chreag,,,,landform,Hill Or Mountain,253639,749118,1000,300000,253389,748868,253889,749368,PH15,http://data.ordnancesurvey.co.uk/id/postcodedistrict/PH15,,,,,,,Perth and Kinross,http://data.ordnancesurvey.co.uk/id/7000000000030110,http://data.ordnancesurvey.co.uk/ontology/admingeo/UnitaryAuthority,Scotland,http://data.ordnancesurvey.co.uk/id/7000000000041429,Scotland,http://data.ordnancesurvey.co.uk/id/country/scotland,,,
osgb4000000074814297,http://data.ordnancesurvey.co.uk/id/4000000074814297,Dubh Lochan,,,,hydrography,Inland Water,241673,757684,2000,500000,241404,757434,241904,757934,PH17,http://data.ordnancesurvey.co.uk/id/postcodedistrict/PH17,,,,,,,Perth and Kinross,http://data.ordnancesurvey.co.uk/id/7000000000030110,http://data.ordnancesurvey.co.uk/ontology/admingeo/UnitaryAuthority,Scotland,http://data.ordnancesurvey.co.uk/id/7000000000041429,Scotland,http://data.ordnancesurvey.co.uk/id/country/scotland,,,
osgb4000000074792854,http://data.ordnancesurvey.co.uk/id/4000000074792854,Loch Archie,,,,hydrography,Inland Water,259514,747446,2000,500000,259249,747196,259749,747696,PH15,http://data.ordnancesurvey.co.uk/id/postcodedistrict/PH15,,,,,,,Perth and Kinross,http://data.ordnancesurvey.co.uk/id/7000000000030110,http://data.ordnancesurvey.co.uk/ontology/admingeo/UnitaryAuthority,Scotland,http://data.ordnancesurvey.co.uk/id/7000000000041429,Scotland,http://data.ordnancesurvey.co.uk/id/country/scotland,,,
osgb4000000074602844,http://data.ordnancesurvey.co.uk/id/4000000074602844,Meall an Stalcair,,,,landform,Hill Or Mountain,250253,752465,1000,300000,250003,752215,250503,752715,PH17,http://data.ordnancesurvey.co.uk/id/postcodedistrict/PH17,,,,,,,Perth and Kinross,http://data.ordnancesurvey.co.uk/id/7000000000030110,http://data.ordnancesurvey.co.uk/ontology/admingeo/UnitaryAuthority,Scotland,http://data.ordnancesurvey.co.uk/id/7000000000041429,Scotland,http://data.ordnancesurvey.co.uk/id/country/scotland,,,
osgb4000000074719051,http://data.ordnancesurvey.co.uk/id/4000000074719051,Gleann Chomraidh,,,,landform,Valley,248536,754420,17000,800000,247515,753284,249557,755901,PH17,http://data.ordnancesurvey.co.uk/id/postcodedistrict/PH17,,,,,,,Perth and Kinross,http://data.ordnancesurvey.co.uk/id/7000000000030110,http://data.ordnancesurvey.co.uk/ontology/admingeo/UnitaryAuthority,Scotland,http://data.ordnancesurvey.co.uk/id/7000000000041429,Scotland,http://data.ordnancesurvey.co.uk/id/country/scotland,,,
osgb4000000074602419,http://data.ordnancesurvey.co.uk/id/4000000074602419,Meall Glas,,,,landform,Hill Or Mountain,259853,750140,1000,300000,259603,749890,260103,750390,PH15,http://data.ordnancesurvey.co.uk/id/postcodedistrict/PH15,,,,,,,Perth and Kinross,http://data.ordnancesurvey.co.uk/id/7000000000030110,http://data.ordnancesurvey.co.uk/ontology/admingeo/UnitaryAuthority,Scotland,http://data.ordnancesurvey.co.uk/id/7000000000041429,Scotland,http://data.ordnancesurvey.co.uk/id/country/scotland,,,
osgb4000000074792527,http://data.ordnancesurvey.co.uk/id/4000000074792527,Loch Finnart,,,,hydrography,Inland Water,252266,755558,4000,500000,251846,755235,252537,755882,PH17,http://data.ordnancesurvey.co.uk/id/postcodedistrict/PH17,,,,,,,Perth and Kinross,http://data.ordnancesurvey.co.uk/id/7000000000030110,http://data.ordnancesurvey.co.uk/ontology/admingeo/UnitaryAuthority,Scotland,http://data.ordnancesurvey.co.uk/id/7000000000041429,Scotland,http://data.ordnancesurvey.co.uk/id/country/scotland,,,
osgb4000000074614724,http://data.ordnancesurvey.co.uk/id/4000000074614724,Eilean McEaragan,,,,landform,Island,251644,759130,1000,800000,251396,758881,251896,759381,PH17,http://data.ordnancesurvey.co.uk/id/postcodedistrict/PH17,,,,,,,Perth and Kinross,http://data.ordnancesurvey.co.uk/id/7000000000030110,http://data.ordnancesurvey.co.uk/ontology/admingeo/UnitaryAuthority,Scotland,http://data.ordnancesurvey.co.uk/id/7000000000041429,Scotland,http://data.ordnancesurvey.co.uk/id/country/scotland,,,
osgb4000000074598706,http://data.ordnancesurvey.co.uk/id/4000000074598706,Meall nam Maigheach,,,,landform,Hill Or Mountain,258561,743604,1000,300000,258311,743354,258811,743854,PH15,http://data.ordnancesurvey.co.uk/id/postcodedistrict/PH15,,,,,,,Perth and Kinross,http://data.ordnancesurvey.co.uk/id/7000000000030110,http://data.ordnancesurvey.co.uk/ontology/admingeo/UnitaryAuthority,Scotland,http://data.ordnancesurvey.co.uk/id/7000000000041429,Scotland,http://data.ordnancesurvey.co.uk/id/country/scotland,,,
osgb4000000074745935,http://data.ordnancesurvey.co.uk/id/4000000074745935,Dail Riabhach,,,,landcover,Woodland Or Forest,254869,745631,2000,400000,254627,745381,255127,745881,PH15,http://data.ordnancesurvey.co.uk/id/postcodedistrict/PH15,,,,,,,Perth and Kinross,http://data.ordnancesurvey.co.uk/id/7000000000030110,http://data.ordnancesurvey.co.uk/ontology/admingeo/UnitaryAuthority,Scotland,http://data.ordnancesurvey.co.uk/id/7000000000041429,Scotland,http://data.ordnancesurvey.co.uk/id/country/scotland,,,
osgb4000000074734236,http://data.ordnancesurvey.co.uk/id/4000000074734236,Doire na h-Innes,,,,landcover,Other Landcover,243551,757942,7000,1300000,243147,757692,244200,758192,PH17,http://data.ordnancesurvey.co.uk/id/postcodedistrict/PH17,,,,,,,Perth and Kinross,http://data.ordnancesurvey.co.uk/id/7000000000030110,http://data.ordnancesurvey.co.uk/ontology/admingeo/UnitaryAuthority,Scotland,http://data.ordnancesurvey.co.uk/id/7000000000041429,Scotland,http://data.ordnancesurvey.co.uk/id/country/scotland,,,
osgb4000000074793175,http://data.ordnancesurvey.co.uk/id/4000000074793175,Lochan Ruighe nan Sligean,,,,hydrography,Inland Water,240513,754725,1000,500000,240263,754470,240763,754970,PH17,http://data.ordnancesurvey.co.uk/id/postcodedistrict/PH17,,,,,,,Perth and Kinross,http://data.ordnancesurvey.co.uk/id/7000000000030110,http://data.ordnancesurvey.co.uk/ontology/admingeo/UnitaryAuthority,Scotland,http://data.ordnancesurvey.co.uk/id/7000000000041429,Scotland,http://data.ordnancesurvey.co.uk/id/country/scotland,,,
osgb4000000074603282,http://data.ordnancesurvey.co.uk/id/4000000074603282,Sròn Ruighe Clomhaiche,,,,landform,Hill Or Mountain,249992,759252,1000,300000,249742,759002,250242,759502,PH17,http://data.ordnancesurvey.co.uk/id/postcodedistrict/PH17,,,,,,,Perth and Kinross,http://data.ordnancesurvey.co.uk/id/7000000000030110,http://data.ordnancesurvey.co.uk/ontology/admingeo/UnitaryAuthority,Scotland,http://data.ordnancesurvey.co.uk/id/7000000000041429,Scotland,http://data.ordnancesurvey.co.uk/id/country/scotland,,,
osgb4000000074792853,http://data.ordnancesurvey.co.uk/id/4000000074792853,Stronuich Reservoir,,,,hydrography,Inland Water,250330,741954,8000,500000,249442,741704,250729,742204,PH15,http://data.ordnancesurvey.co.uk/id/postcodedistrict/PH15,,,,,,,Perth and Kinross,http://data.ordnancesurvey.co.uk/id/7000000000030110,http://data.ordnancesurvey.co.uk/ontology/admingeo/UnitaryAuthority,Scotland,http://data.ordnancesurvey.co.uk/id/7000000000041429,Scotland,http://data.ordnancesurvey.co.uk/id/country/scotland,,,
osgb4000000074793304,http://data.ordnancesurvey.co.uk/id/4000000074793304,Lochan na Craoibhe Seilich,,,,hydrography,Inland Water,242202,758235,1000,500000,241952,757985,242452,758485,PH17,http://data.ordnancesurvey.co.uk/id/postcodedistrict/PH17,,,,,,,Perth and Kinross,http://data.ordnancesurvey.co.uk/id/7000000000030110,http://data.ordnancesurvey.co.uk/ontology/admingeo/UnitaryAuthority,Scotland,http://data.ordnancesurvey.co.uk/id/7000000000041429,Scotland,http://data.ordnancesurvey.co.uk/id/country/scotland,,,
osgb4000000074588723,http://data.ordnancesurvey.co.uk/id/4000000074588723,Coire Dubh,,,,landform,Cirque Or Hollow,246583,748376,5000,30000,246186,748061,247006,748690,PH15,http://data.ordnancesurvey.co.uk/id/postcodedistrict/PH15,,,,,,,Perth and Kinross,http://data.ordnancesurvey.co.uk/id/7000000000030110,http://data.ordnancesurvey.co.uk/ontology/admingeo/UnitaryAuthority,Scotland,http://data.ordnancesurvey.co.uk/id/7000000000041429,Scotland,http://data.ordnancesurvey.co.uk/id/country/scotland,,,
osgb4000000074640530,http://data.ordnancesurvey.co.uk/id/4000000074640530,Coille a' Bhàird,,,,landcover,Woodland Or Forest,258764,746818,4000,400000,258597,746568,259155,747068,PH15,http://data.ordnancesurvey.co.uk/id/postcodedistrict/PH15,,,,,,,Perth and Kinross,http://data.ordnancesurvey.co.uk/id/7000000000030110,http://data.ordnancesurvey.co.uk/ontology/admingeo/UnitaryAuthority,Scotland,http://data.ordnancesurvey.co.uk/id/7000000000041429,Scotland,http://data.ordnancesurvey.co.uk/id/country/scotland,,,
osgb4000000074715958,http://data.ordnancesurvey.co.uk/id/4000000074715958,Coire nan Cnàmh,,,,landform,Cirque Or Hollow,249449,750650,5000,30000,249020,750244,249807,751057,PH17,http://data.ordnancesurvey.co.uk/id/postcodedistrict/PH17,,,,,,,Perth and Kinross,http://data.ordnancesurvey.co.uk/id/7000000000030110,http://data.ordnancesurvey.co.uk/ontology/admingeo/UnitaryAuthority,Scotland,http://data.ordnancesurvey.co.uk/id/7000000000041429,Scotland,http://data.ordnancesurvey.co.uk/id/country/scotland,,,
osgb4000000074716352,http://data.ordnancesurvey.co.uk/id/4000000074716352,Coire Buidhe,,,,landform,Cirque Or Hollow,252159,754068,3000,30000,251899,753818,252399,754318,PH17,http://data.ordnancesurvey.co.uk/id/postcodedistrict/PH17,,,,,,,Perth and Kinross,http://data.ordnancesurvey.co.uk/id/7000000000030110,http://data.ordnancesurvey.co.uk/ontology/admingeo/UnitaryAuthority,Scotland,http://data.ordnancesurvey.co.uk/id/7000000000041429,Scotland,http://data.ordnancesurvey.co.uk/id/country/scotland,,,
osgb4000000074589025,http://data.ordnancesurvey.co.uk/id/4000000074589025,Eilean Beal na Gaoire,,,,landform,Island,250776,757000,1000,800000,250523,756750,251023,757250,PH17,http://data.ordnancesurvey.co.uk/id/postcodedistrict/PH17,,,,,,,Perth and Kinross,http://data.ordnancesurvey.co.uk/id/7000000000030110,http://data.ordnancesurvey.co.uk/ontology/admingeo/UnitaryAuthority,Scotland,http://data.ordnancesurvey.co.uk/id/7000000000041429,Scotland,http://data.ordnancesurvey.co.uk/id/country/scotland,,,
osgb4000000074623479,http://data.ordnancesurvey.co.uk/id/4000000074623479,Meall a' Phuill,,,,landform,Hill Or Mountain,250740,748876,1000,300000,250490,748626,250990,749126,PH15,http://data.ordnancesurvey.co.uk/id/postcodedistrict/PH15,,,,,,,Perth and Kinross,http://data.ordnancesurvey.co.uk/id/7000000000030110,http://data.ordnancesurvey.co.uk/ontology/admingeo/UnitaryAuthority,Scotland,http://data.ordnancesurvey.co.uk/id/7000000000041429,Scotland,http://data.ordnancesurvey.co.uk/id/country/scotland,,,
osgb4000000074603254,http://data.ordnancesurvey.co.uk/id/4000000074603254,Meall Daill,,,,landform,Hill Or Mountain,241161,743466,1000,300000,240911,743216,241411,743716,PH15,http://data.ordnancesurvey.co.uk/id/postcodedistrict/PH15,,,,,,,Perth and Kinross,http://data.ordnancesurvey.co.uk/id/7000000000030110,http://data.ordnancesurvey.co.uk/ontology/admingeo/UnitaryAuthority,Scotland,http://data.ordnancesurvey.co.uk/id/7000000000041429,Scotland,http://data.ordnancesurvey.co.uk/id/country/scotland,,,
osgb4000000074591875,http://data.ordnancesurvey.co.uk/id/4000000074591875,Tom an Stòil,,,,landform,Hill Or Mountain,252554,759987,1000,300000,252304,759737,252804,760237,PH17,http://data.ordnancesurvey.co.uk/id/postcodedistrict/PH17,,,,,,,Perth and Kinross,http://data.ordnancesurvey.co.uk/id/7000000000030110,http://data.ordnancesurvey.co.uk/ontology/admingeo/UnitaryAuthority,Scotland,http://data.ordnancesurvey.co.uk/id/7000000000041429,Scotland,http://data.ordnancesurvey.co.uk/id/country/scotland,,,
osgb4000000074603668,http://data.ordnancesurvey.co.uk/id/4000000074603668,Creag a' Chullaich,,,,landform,Hill Or Mountain,251411,743287,1000,300000,251161,743037,251661,743537,PH15,http://data.ordnancesurvey.co.uk/id/postcodedistrict/PH15,,,,,,,Perth and Kinross,http://data.ordnancesurvey.co.uk/id/7000000000030110,http://data.ordnancesurvey.co.uk/ontology/admingeo/UnitaryAuthority,Scotland,http://data.ordnancesurvey.co.uk/id/7000000000041429,Scotland,http://data.ordnancesurvey.co.uk/id/country/scotland,,,
osgb4000000074815842,http://data.ordnancesurvey.co.uk/id/4000000074815842,Ben Meggernie,,,,landform,Hill Or Mountain,255890,747460,1000,300000,255640,747210,256140,747710,PH15,http://data.ordnancesurvey.co.uk/id/postcodedistrict/PH15,,,,,,,Perth and Kinross,http://data.ordnancesurvey.co.uk/id/7000000000030110,http://data.ordnancesurvey.co.uk/ontology/admingeo/UnitaryAuthority,Scotland,http://data.ordnancesurvey.co.uk/id/7000000000041429,Scotland,http://data.ordnancesurvey.co.uk/id/country/scotland,,,
osgb4000000074644654,http://data.ordnancesurvey.co.uk/id/4000000074644654,Coille Bhienie,,,,landcover,Woodland Or Forest,248830,757218,9000,400000,248120,756962,249547,757475,PH17,http://data.ordnancesurvey.co.uk/id/postcodedistrict/PH17,,,,,,,Perth and Kinross,http://data.ordnancesurvey.co.uk/id/7000000000030110,http://data.ordnancesurvey.co.uk/ontology/admingeo/UnitaryAuthority,Scotland,http://data.ordnancesurvey.co.uk/id/7000000000041429,Scotland,http://data.ordnancesurvey.co.uk/id/country/scotland,,,
osgb4000000074599670,http://data.ordnancesurvey.co.uk/id/4000000074599670,Creag an Lochain,,,,landform,Hill Or Mountain,259063,740275,1000,300000,258813,740025,259313,740525,FK21,http://data.ordnancesurvey.co.uk/id/postcodedistrict/FK21,,,,,,,Perth and Kinross,http://data.ordnancesurvey.co.uk/id/7000000000030110,http://data.ordnancesurvey.co.uk/ontology/admingeo/UnitaryAuthority,Scotland,http://data.ordnancesurvey.co.uk/id/7000000000041429,Scotland,http://data.ordnancesurvey.co.uk/id/country/scotland,,,
osgb4000000074603679,http://data.ordnancesurvey.co.uk/id/4000000074603679,Guala Mhòr,,,,landform,Hill Or Mountain,240422,745760,1000,300000,240172,745510,240672,746010,PH15,http://data.ordnancesurvey.co.uk/id/postcodedistrict/PH15,,,,,,,Argyll and Bute,http://data.ordnancesurvey.co.uk/id/7000000000186632,http://data.ordnancesurvey.co.uk/ontology/admingeo/UnitaryAuthority,Scotland,http://data.ordnancesurvey.co.uk/id/7000000000041429,Scotland,http://data.ordnancesurvey.co.uk/id/country/scotland,,,
osgb4000000074719132,http://data.ordnancesurvey.co.uk/id/4000000074719132,Gleann Duibhe,,,,landform,Valley,245283,754605,13000,800000,244381,753948,246184,755980,PH17,http://data.ordnancesurvey.co.uk/id/postcodedistrict/PH17,,,,,,,Perth and Kinross,http://data.ordnancesurvey.co.uk/id/7000000000030110,http://data.ordnancesurvey.co.uk/ontology/admingeo/UnitaryAuthority,Scotland,http://data.ordnancesurvey.co.uk/id/7000000000041429,Scotland,http://data.ordnancesurvey.co.uk/id/country/scotland,,,
osgb4000000074732742,http://data.ordnancesurvey.co.uk/id/4000000074732742,Bad Donn,,,,landcover,Other Landcover,245829,740180,2000,1300000,245582,739931,246082,740431,PH15,http://data.ordnancesurvey.co.uk/id/postcodedistrict/PH15,,,,,,,Perth and Kinross,http://data.ordnancesurvey.co.uk/id/7000000000030110,http://data.ordnancesurvey.co.uk/ontology/admingeo/UnitaryAuthority,Scotland,http://data.ordnancesurvey.co.uk/id/7000000000041429,Scotland,http://data.ordnancesurvey.co.uk/id/country/scotland,,,
osgb4000000074718056,http://data.ordnancesurvey.co.uk/id/4000000074718056,Coire Eoghannan,,,,landform,Cirque Or Hollow,241938,744538,3000,30000,241691,744288,242191,744788,PH15,http://data.ordnancesurvey.co.uk/id/postcodedistrict/PH15,,,,,,,Perth and Kinross,http://data.ordnancesurvey.co.uk/id/7000000000030110,http://data.ordnancesurvey.co.uk/ontology/admingeo/UnitaryAuthority,Scotland,http://data.ordnancesurvey.co.uk/id/7000000000041429,Scotland,http://data.ordnancesurvey.co.uk/id/country/scotland,,,
osgb4000000074792524,http://data.ordnancesurvey.co.uk/id/4000000074792524,Lochan Rùsg a' Bhiora,,,,hydrography,Inland Water,257239,755082,1000,500000,256998,754832,257498,755332,PH17,http://data.ordnancesurvey.co.uk/id/postcodedistrict/PH17,,,,,,,Perth and Kinross,http://data.ordnancesurvey.co.uk/id/7000000000030110,http://data.ordnancesurvey.co.uk/ontology/admingeo/UnitaryAuthority,Scotland,http://data.ordnancesurvey.co.uk/id/7000000000041429,Scotland,http://data.ordnancesurvey.co.uk/id/country/scotland,,,
osgb4000000074589012,http://data.ordnancesurvey.co.uk/id/4000000074589012,Eilean nam Faoileag,,,,landform,Island,253047,757698,1000,800000,252798,757448,253298,757948,PH17,http://data.ordnancesurvey.co.uk/id/postcodedistrict/PH17,,,,,,,Perth and Kinross,http://data.ordnancesurvey.co.uk/id/7000000000030110,http://data.ordnancesurvey.co.uk/ontology/admingeo/UnitaryAuthority,Scotland,http://data.ordnancesurvey.co.uk/id/7000000000041429,Scotland,http://data.ordnancesurvey.co.uk/id/country/scotland,,,
osgb4000000074792526,http://data.ordnancesurvey.co.uk/id/4000000074792526,Loch Monaghan,,,,hydrography,Inland Water,253137,755171,5000,500000,252675,754896,253413,755446,PH17,http://data.ordnancesurvey.co.uk/id/postcodedistrict/PH17,,,,,,,Perth and Kinross,http://data.ordnancesurvey.co.uk/id/7000000000030110,http://data.ordnancesurvey.co.uk/ontology/admingeo/UnitaryAuthority,Scotland,http://data.ordnancesurvey.co.uk/id/7000000000041429,Scotland,http://data.ordnancesurvey.co.uk/id/country/scotland,,,
osgb4000000074603255,http://data.ordnancesurvey.co.uk/id/4000000074603255,Stùc an Lochain,,,,landform,Hill Or Mountain,248304,744842,1000,300000,248054,744592,248554,745092,PH15,http://data.ordnancesurvey.co.uk/id/postcodedistrict/PH15,,,,,,,Perth and Kinross,http://data.ordnancesurvey.co.uk/id/7000000000030110,http://data.ordnancesurvey.co.uk/ontology/admingeo/UnitaryAuthority,Scotland,http://data.ordnancesurvey.co.uk/id/7000000000041429,Scotland,http://data.ordnancesurvey.co.uk/id/country/scotland,,,
osgb4000000074778801,http://data.ordnancesurvey.co.uk/id/4000000074778801,Glac Dhubh,,,,landform,Cirque Or Hollow,241086,759196,2000,30000,240836,758946,241336,759446,PH17,http://data.ordnancesurvey.co.uk/id/postcodedistrict/PH17,,,,,,,Highland,http://data.ordnancesurvey.co.uk/id/7000000000186625,http://data.ordnancesurvey.co.uk/ontology/admingeo/UnitaryAuthority,Scotland,http://data.ordnancesurvey.co.uk/id/7000000000041429,Scotland,http://data.ordnancesurvey.co.uk/id/country/scotland,,,
osgb4000000074732899,http://data.ordnancesurvey.co.uk/id/4000000074732899,Bad nan Cearc,,,,landcover,Other Landcover,240115,741416,4000,1300000,239865,741096,240365,741746,PH15,http://data.ordnancesurvey.co.uk/id/postcodedistrict/PH15,,,,,,,Perth and Kinross,http://data.ordnancesurvey.co.uk/id/7000000000030110,http://data.ordnancesurvey.co.uk/ontology/admingeo/UnitaryAuthority,Scotland,http://data.ordnancesurvey.co.uk/id/7000000000041429,Scotland,http://data.ordnancesurvey.co.uk/id/country/scotland,,,
osgb4000000074603283,http://data.ordnancesurvey.co.uk/id/4000000074603283,Creag an Righeanan,,,,landform,Hill Or Mountain,247236,757791,1000,300000,246986,757541,247486,758041,PH17,http://data.ordnancesurvey.co.uk/id/postcodedistrict/PH17,,,,,,,Perth and Kinross,http://data.ordnancesurvey.co.uk/id/7000000000030110,http://data.ordnancesurvey.co.uk/ontology/admingeo/UnitaryAuthority,Scotland,http://data.ordnancesurvey.co.uk/id/7000000000041429,Scotland,http://data.ordnancesurvey.co.uk/id/country/scotland,,,
osgb4000000074716802,http://data.ordnancesurvey.co.uk/id/4000000074716802,Coire Odhar,,,,landform,Cirque Or Hollow,252198,749011,6000,30000,251744,748699,252662,749323,PH15,http://data.ordnancesurvey.co.uk/id/postcodedistrict/PH15,,,,,,,Perth and Kinross,http://data.ordnancesurvey.co.uk/id/7000000000030110,http://data.ordnancesurvey.co.uk/ontology/admingeo/UnitaryAuthority,Scotland,http://data.ordnancesurvey.co.uk/id/7000000000041429,Scotland,http://data.ordnancesurvey.co.uk/id/country/scotland,,,
osgb4000000074603269,http://data.ordnancesurvey.co.uk/id/4000000074603269,Aulich Hill,,,,landform,Hill Or Mountain,259911,759525,1000,300000,259661,759275,260161,759775,PH17,http://data.ordnancesurvey.co.uk/id/postcodedistrict/PH17,,,,,,,Perth and Kinross,http://data.ordnancesurvey.co.uk/id/7000000000030110,http://data.ordnancesurvey.co.uk/ontology/admingeo/UnitaryAuthority,Scotland,http://data.ordnancesurvey.co.uk/id/7000000000041429,Scotland,http://data.ordnancesurvey.co.uk/id/country/scotland,,,
osgb4000000074604091,http://data.ordnancesurvey.co.uk/id/4000000074604091,Càrn Làirig Meachdainn,,,,landform,Hill Or Mountain,252104,748553,1000,300000,251854,748303,252354,748803,PH15,http://data.ordnancesurvey.co.uk/id/postcodedistrict/PH15,,,,,,,Perth and Kinross,http://data.ordnancesurvey.co.uk/id/7000000000030110,http://data.ordnancesurvey.co.uk/ontology/admingeo/UnitaryAuthority,Scotland,http://data.ordnancesurvey.co.uk/id/7000000000041429,Scotland,http://data.ordnancesurvey.co.uk/id/country/scotland,,,
osgb4000000074718019,http://data.ordnancesurvey.co.uk/id/4000000074718019,Glen Lyon,,,,landform,Valley,253104,744079,268000,800000,237620,738754,278845,749405,PH15,http://data.ordnancesurvey.co.uk/id/postcodedistrict/PH15,,,,,,,Perth and Kinross,http://data.ordnancesurvey.co.uk/id/7000000000030110,http://data.ordnancesurvey.co.uk/ontology/admingeo/UnitaryAuthority,Scotland,http://data.ordnancesurvey.co.uk/id/7000000000041429,Scotland,http://data.ordnancesurvey.co.uk/id/country/scotland,,,
osgb4000000074718137,http://data.ordnancesurvey.co.uk/id/4000000074718137,Coire na Circe,,,,landform,Cirque Or Hollow,250201,740027,2000,30000,249951,739775,250451,740275,PH15,http://data.ordnancesurvey.co.uk/id/postcodedistrict/PH15,,,,,,,Perth and Kinross,http://data.ordnancesurvey.co.uk/id/7000000000030110,http://data.ordnancesurvey.co.uk/ontology/admingeo/UnitaryAuthority,Scotland,http://data.ordnancesurvey.co.uk/id/7000000000041429,Scotland,http://data.ordnancesurvey.co.uk/id/country/scotland,,,
osgb4000000074604087,http://data.ordnancesurvey.co.uk/id/4000000074604087,Meall Luaidhe,,,,landform,Hill Or Mountain,258161,743771,1000,300000,257911,743521,258411,744021,PH15,http://data.ordnancesurvey.co.uk/id/postcodedistrict/PH15,,,,,,,Perth and Kinross,http://data.ordnancesurvey.co.uk/id/7000000000030110,http://data.ordnancesurvey.co.uk/ontology/admingeo/UnitaryAuthority,Scotland,http://data.ordnancesurvey.co.uk/id/7000000000041429,Scotland,http://data.ordnancesurvey.co.uk/id/country/scotland,,,
osgb4000000074793677,http://data.ordnancesurvey.co.uk/id/4000000074793677,Lochan Sheileach,,,,hydrography,Inland Water,246408,754588,1000,500000,246158,754338,246658,754838,PH17,http://data.ordnancesurvey.co.uk/id/postcodedistrict/PH17,,,,,,,Perth and Kinross,http://data.ordnancesurvey.co.uk/id/7000000000030110,http://data.ordnancesurvey.co.uk/ontology/admingeo/UnitaryAuthority,Scotland,http://data.ordnancesurvey.co.uk/id/7000000000041429,Scotland,http://data.ordnancesurvey.co.uk/id/country/scotland,,,
osgb4000000074718058,http://data.ordnancesurvey.co.uk/id/4000000074718058,Coire Fhiùran,,,,landform,Cirque Or Hollow,240533,745178,4000,30000,240224,744884,240845,745472,PH15,http://data.ordnancesurvey.co.uk/id/postcodedistrict/PH15,,,,,,,Perth and Kinross,http://data.ordnancesurvey.co.uk/id/7000000000030110,http://data.ordnancesurvey.co.uk/ontology/admingeo/UnitaryAuthority,Scotland,http://data.ordnancesurvey.co.uk/id/7000000000041429,Scotland,http://data.ordnancesurvey.co.uk/id/country/scotland,,,
osgb4000000074602839,http://data.ordnancesurvey.co.uk/id/4000000074602839,Meall a' Mhuic,,,,landform,Hill Or Mountain,257937,750813,1000,300000,257687,750563,258187,751063,PH15,http://data.ordnancesurvey.co.uk/id/postcodedistrict/PH15,,,,,,,Perth and Kinross,http://data.ordnancesurvey.co.uk/id/7000000000030110,http://data.ordnancesurvey.co.uk/ontology/admingeo/UnitaryAuthority,Scotland,http://data.ordnancesurvey.co.uk/id/7000000000041429,Scotland,http://data.ordnancesurvey.co.uk/id/country/scotland,,,
osgb4000000074603662,http://data.ordnancesurvey.co.uk/id/4000000074603662,Meall Buidhe,,,,landform,Hill Or Mountain,256751,741630,1000,300000,256501,741380,257001,741880,PH15,http://data.ordnancesurvey.co.uk/id/postcodedistrict/PH15,,,,,,,Perth and Kinross,http://data.ordnancesurvey.co.uk/id/7000000000030110,http://data.ordnancesurvey.co.uk/ontology/admingeo/UnitaryAuthority,Scotland,http://data.ordnancesurvey.co.uk/id/7000000000041429,Scotland,http://data.ordnancesurvey.co.uk/id/country/scotland,,,
osgb4000000074603252,http://data.ordnancesurvey.co.uk/id/4000000074603252,Meall a' Chall,,,,landform,Hill Or Mountain,243685,740305,1000,300000,243435,740055,243935,740555,PH15,http://data.ordnancesurvey.co.uk/id/postcodedistrict/PH15,,,,,,,Perth and Kinross,http://data.ordnancesurvey.co.uk/id/7000000000030110,http://data.ordnancesurvey.co.uk/ontology/admingeo/UnitaryAuthority,Scotland,http://data.ordnancesurvey.co.uk/id/7000000000041429,Scotland,http://data.ordnancesurvey.co.uk/id/country/scotland,,,
osgb4000000074778603,http://data.ordnancesurvey.co.uk/id/4000000074778603,Cnoc Mòr,,,,landform,Hill Or Mountain,240720,748272,1000,300000,240470,748022,240970,748522,PH15,http://data.ordnancesurvey.co.uk/id/postcodedistrict/PH15,,,,,,,Argyll and Bute,http://data.ordnancesurvey.co.uk/id/7000000000186632,http://data.ordnancesurvey.co.uk/ontology/admingeo/UnitaryAuthority,Scotland,http://data.ordnancesurvey.co.uk/id/7000000000041429,Scotland,http://data.ordnancesurvey.co.uk/id/country/scotland,,,
osgb4000000074643439,http://data.ordnancesurvey.co.uk/id/4000000074643439,Black Wood of Rannoch,,,,landcover,Woodland Or Forest,257505,755645,21000,400000,255855,754399,259105,756892,PH17,http://data.ordnancesurvey.co.uk/id/postcodedistrict/PH17,,,,,,,Perth and Kinross,http://data.ordnancesurvey.co.uk/id/7000000000030110,http://data.ordnancesurvey.co.uk/ontology/admingeo/UnitaryAuthority,Scotland,http://data.ordnancesurvey.co.uk/id/7000000000041429,Scotland,http://data.ordnancesurvey.co.uk/id/country/scotland,,,
osgb4000000074602841,http://data.ordnancesurvey.co.uk/id/4000000074602841,Cross Craigs,,,,landform,Hill Or Mountain,253783,752360,1000,300000,253533,752110,254033,752610,PH17,http://data.ordnancesurvey.co.uk/id/postcodedistrict/PH17,,,,,,,Perth and Kinross,http://data.ordnancesurvey.co.uk/id/7000000000030110,http://data.ordnancesurvey.co.uk/ontology/admingeo/UnitaryAuthority,Scotland,http://data.ordnancesurvey.co.uk/id/7000000000041429,Scotland,http://data.ordnancesurvey.co.uk/id/country/scotland,,,
osgb4000000074792817,http://data.ordnancesurvey.co.uk/id/4000000074792817,Lochan na Làirige,,,,hydrography,Inland Water,259703,740014,13000,500000,259282,739145,260125,741201,FK21,http://data.ordnancesurvey.co.uk/id/postcodedistrict/FK21,,,,,,,Perth and Kinross,http://data.ordnancesurvey.co.uk/id/7000000000030110,http://data.ordnancesurvey.co.uk/ontology/admingeo/UnitaryAuthority,Scotland,http://data.ordnancesurvey.co.uk/id/7000000000041429,Scotland,http://data.ordnancesurvey.co.uk/id/country/scotland,,,
osgb4000000074718053,http://data.ordnancesurvey.co.uk/id/4000000074718053,Coire an Duich,,,,landform,Cirque Or Hollow,250026,744835,5000,30000,249678,744585,250377,745085,PH15,http://data.ordnancesurvey.co.uk/id/postcodedistrict/PH15,,,,,,,Perth and Kinross,http://data.ordnancesurvey.co.uk/id/7000000000030110,http://data.ordnancesurvey.co.uk/ontology/admingeo/UnitaryAuthority,Scotland,http://data.ordnancesurvey.co.uk/id/7000000000041429,Scotland,http://data.ordnancesurvey.co.uk/id/country/scotland,,,
osgb4000000074793765,http://data.ordnancesurvey.co.uk/id/4000000074793765,Lochan an Eisg Mhòir,,,,hydrography,Inland Water,242923,754537,1000,500000,242673,754273,243173,754773,PH17,http://data.ordnancesurvey.co.uk/id/postcodedistrict/PH17,,,,,,,Perth and Kinross,http://data.ordnancesurvey.co.uk/id/7000000000030110,http://data.ordnancesurvey.co.uk/ontology/admingeo/UnitaryAuthority,Scotland,http://data.ordnancesurvey.co.uk/id/7000000000041429,Scotland,http://data.ordnancesurvey.co.uk/id/country/scotland,,,
osgb4000000074718025,http://data.ordnancesurvey.co.uk/id/4000000074718025,Coire Loaghain,,,,landform,Cirque Or Hollow,252525,740631,4000,30000,252179,740374,252854,740888,PH15,http://data.ordnancesurvey.co.uk/id/postcodedistrict/PH15,,,,,,,Perth and Kinross,http://data.ordnancesurvey.co.uk/id/7000000000030110,http://data.ordnancesurvey.co.uk/ontology/admingeo/UnitaryAuthority,Scotland,http://data.ordnancesurvey.co.uk/id/7000000000041429,Scotland,http://data.ordnancesurvey.co.uk/id/country/scotland,,,
osgb4000000074603677,http://data.ordnancesurvey.co.uk/id/4000000074603677,Creag Riabhach,,,,landform,Hill Or Mountain,244434,747369,1000,300000,244184,747119,244684,747619,PH15,http://data.ordnancesurvey.co.uk/id/postcodedistrict/PH15,,,,,,,Perth and Kinross,http://data.ordnancesurvey.co.uk/id/7000000000030110,http://data.ordnancesurvey.co.uk/ontology/admingeo/UnitaryAuthority,Scotland,http://data.ordnancesurvey.co.uk/id/7000000000041429,Scotland,http://data.ordnancesurvey.co.uk/id/country/scotland,,,
osgb4000000074793679,http://data.ordnancesurvey.co.uk/id/4000000074793679,Lochan nan Aighean,,,,hydrography,Inland Water,242767,751121,1000,500000,242519,750872,243019,751372,PH17,http://data.ordnancesurvey.co.uk/id/postcodedistrict/PH17,,,,,,,Perth and Kinross,http://data.ordnancesurvey.co.uk/id/7000000000030110,http://data.ordnancesurvey.co.uk/ontology/admingeo/UnitaryAuthority,Scotland,http://data.ordnancesurvey.co.uk/id/7000000000041429,Scotland,http://data.ordnancesurvey.co.uk/id/country/scotland,,,
osgb4000000074603281,http://data.ordnancesurvey.co.uk/id/4000000074603281,An Cladhan,,,,landform,Hill Or Mountain,249899,757585,1000,300000,249649,757335,250149,757835,PH17,http://data.ordnancesurvey.co.uk/id/postcodedistrict/PH17,,,,,,,Perth and Kinross,http://data.ordnancesurvey.co.uk/id/7000000000030110,http://data.ordnancesurvey.co.uk/ontology/admingeo/UnitaryAuthority,Scotland,http://data.ordnancesurvey.co.uk/id/7000000000041429,Scotland,http://data.ordnancesurvey.co.uk/id/country/scotland,,,
osgb4000000074793766,http://data.ordnancesurvey.co.uk/id/4000000074793766,Lochan Ghiubhais,,,,hydrography,Inland Water,241855,754485,1000,500000,241605,754241,242105,754741,PH17,http://data.ordnancesurvey.co.uk/id/postcodedistrict/PH17,,,,,,,Perth and Kinross,http://data.ordnancesurvey.co.uk/id/7000000000030110,http://data.ordnancesurvey.co.uk/ontology/admingeo/UnitaryAuthority,Scotland,http://data.ordnancesurvey.co.uk/id/7000000000041429,Scotland,http://data.ordnancesurvey.co.uk/id/country/scotland,,,
osgb4000000074793764,http://data.ordnancesurvey.co.uk/id/4000000074793764,Lochan nam Breac,,,,hydrography,Inland Water,242314,753886,1000,500000,242064,753643,242564,754143,PH17,http://data.ordnancesurvey.co.uk/id/postcodedistrict/PH17,,,,,,,Perth and Kinross,http://data.ordnancesurvey.co.uk/id/7000000000030110,http://data.ordnancesurvey.co.uk/ontology/admingeo/UnitaryAuthority,Scotland,http://data.ordnancesurvey.co.uk/id/7000000000041429,Scotland,http://data.ordnancesurvey.co.uk/id/country/scotland,,,
osgb4000000074810278,http://data.ordnancesurvey.co.uk/id/4000000074810278,Meall nam Maigheach,,,,landform,Hill Or Mountain,255602,749590,1000,300000,255352,749340,255852,749840,PH15,http://data.ordnancesurvey.co.uk/id/postcodedistrict/PH15,,,,,,,Perth and Kinross,http://data.ordnancesurvey.co.uk/id/7000000000030110,http://data.ordnancesurvey.co.uk/ontology/admingeo/UnitaryAuthority,Scotland,http://data.ordnancesurvey.co.uk/id/7000000000041429,Scotland,http://data.ordnancesurvey.co.uk/id/country/scotland,,,
osgb4000000074718057,http://data.ordnancesurvey.co.uk/id/4000000074718057,Coire a' Bhuic,,,,landform,Cirque Or Hollow,241747,745659,3000,30000,241493,745409,241993,745909,PH15,http://data.ordnancesurvey.co.uk/id/postcodedistrict/PH15,,,,,,,Argyll and Bute,http://data.ordnancesurvey.co.uk/id/7000000000186632,http://data.ordnancesurvey.co.uk/ontology/admingeo/UnitaryAuthority,Scotland,http://data.ordnancesurvey.co.uk/id/7000000000041429,Scotland,http://data.ordnancesurvey.co.uk/id/country/scotland,,,
osgb4000000074604086,http://data.ordnancesurvey.co.uk/id/4000000074604086,Creag nan Èildeag,,,,landform,Hill Or Mountain,259709,746140,1000,300000,259459,745890,259959,746390,PH15,http://data.ordnancesurvey.co.uk/id/postcodedistrict/PH15,,,,,,,Perth and Kinross,http://data.ordnancesurvey.co.uk/id/7000000000030110,http://data.ordnancesurvey.co.uk/ontology/admingeo/UnitaryAuthority,Scotland,http://data.ordnancesurvey.co.uk/id/7000000000041429,Scotland,http://data.ordnancesurvey.co.uk/id/country/scotland,,,
osgb4000000074603266,http://data.ordnancesurvey.co.uk/id/4000000074603266,Cnoc Eòghainn,,,,landform,Hill Or Mountain,255421,754835,1000,300000,255171,754585,255671,755085,PH17,http://data.ordnancesurvey.co.uk/id/postcodedistrict/PH17,,,,,,,Perth and Kinross,http://data.ordnancesurvey.co.uk/id/7000000000030110,http://data.ordnancesurvey.co.uk/ontology/admingeo/UnitaryAuthority,Scotland,http://data.ordnancesurvey.co.uk/id/7000000000041429,Scotland,http://data.ordnancesurvey.co.uk/id/country/scotland,,,
osgb4000000074719050,http://data.ordnancesurvey.co.uk/id/4000000074719050,Coire Mhic Aonghais,,,,landform,Cirque Or Hollow,247035,750300,3000,30000,246775,750050,247296,750550,PH17,http://data.ordnancesurvey.co.uk/id/postcodedistrict/PH17,,,,,,,Perth and Kinross,http://data.ordnancesurvey.co.uk/id/7000000000030110,http://data.ordnancesurvey.co.uk/ontology/admingeo/UnitaryAuthority,Scotland,http://data.ordnancesurvey.co.uk/id/7000000000041429,Scotland,http://data.ordnancesurvey.co.uk/id/country/scotland,,,
osgb4000000074734237,http://data.ordnancesurvey.co.uk/id/4000000074734237,Badan a' Bhuic,,,,landcover,Other Landcover,242803,758053,7000,1300000,242295,757721,243385,758385,PH17,http://data.ordnancesurvey.co.uk/id/postcodedistrict/PH17,,,,,,,Perth and Kinross,http://data.ordnancesurvey.co.uk/id/7000000000030110,http://data.ordnancesurvey.co.uk/ontology/admingeo/UnitaryAuthority,Scotland,http://data.ordnancesurvey.co.uk/id/7000000000041429,Scotland,http://data.ordnancesurvey.co.uk/id/country/scotland,,,
osgb4000000074643842,http://data.ordnancesurvey.co.uk/id/4000000074643842,Coille Mhòr,,,,landcover,Woodland Or Forest,254060,756066,5000,400000,253686,755653,254435,756343,PH17,http://data.ordnancesurvey.co.uk/id/postcodedistrict/PH17,,,,,,,Perth and Kinross,http://data.ordnancesurvey.co.uk/id/7000000000030110,http://data.ordnancesurvey.co.uk/ontology/admingeo/UnitaryAuthority,Scotland,http://data.ordnancesurvey.co.uk/id/7000000000041429,Scotland,http://data.ordnancesurvey.co.uk/id/country/scotland,,,
osgb4000000074718232,http://data.ordnancesurvey.co.uk/id/4000000074718232,Coire Beithe,,,,landform,Cirque Or Hollow,251150,747858,4000,30000,250865,747582,251436,748135,PH15,http://data.ordnancesurvey.co.uk/id/postcodedistrict/PH15,,,,,,,Perth and Kinross,http://data.ordnancesurvey.co.uk/id/7000000000030110,http://data.ordnancesurvey.co.uk/ontology/admingeo/UnitaryAuthority,Scotland,http://data.ordnancesurvey.co.uk/id/7000000000041429,Scotland,http://data.ordnancesurvey.co.uk/id/country/scotland,,,
osgb4000000074603678,http://data.ordnancesurvey.co.uk/id/4000000074603678,Meall na Fèithe Faide,,,,landform,Hill Or Mountain,241329,745343,1000,300000,241079,745093,241579,745593,PH15,http://data.ordnancesurvey.co.uk/id/postcodedistrict/PH15,,,,,,,Perth and Kinross,http://data.ordnancesurvey.co.uk/id/7000000000030110,http://data.ordnancesurvey.co.uk/ontology/admingeo/UnitaryAuthority,Scotland,http://data.ordnancesurvey.co.uk/id/7000000000041429,Scotland,http://data.ordnancesurvey.co.uk/id/country/scotland,,,
osgb4000000074603257,http://data.ordnancesurvey.co.uk/id/4000000074603257,Creag an Fheadain,,,,landform,Hill Or Mountain,249748,745226,1000,300000,249498,744976,249998,745476,PH15,http://data.ordnancesurvey.co.uk/id/postcodedistrict/PH15,,,,,,,Perth and Kinross,http://data.ordnancesurvey.co.uk/id/7000000000030110,http://data.ordnancesurvey.co.uk/ontology/admingeo/UnitaryAuthority,Scotland,http://data.ordnancesurvey.co.uk/id/7000000000041429,Scotland,http://data.ordnancesurvey.co.uk/id/country/scotland,,,
osgb4000000074718165,http://data.ordnancesurvey.co.uk/id/4000000074718165,Coire Uaimh,,,,landform,Cirque Or Hollow,248209,747670,5000,30000,247960,747311,248460,748012,PH15,http://data.ordnancesurvey.co.uk/id/postcodedistrict/PH15,,,,,,,Perth and Kinross,http://data.ordnancesurvey.co.uk/id/7000000000030110,http://data.ordnancesurvey.co.uk/ontology/admingeo/UnitaryAuthority,Scotland,http://data.ordnancesurvey.co.uk/id/7000000000041429,Scotland,http://data.ordnancesurvey.co.uk/id/country/scotland,,,
osgb4000000074741517,http://data.ordnancesurvey.co.uk/id/4000000074741517,Làirig Luaidhe,,,,landcover,Other Landcover,253288,741268,7000,1300000,252980,740652,253595,741711,PH15,http://data.ordnancesurvey.co.uk/id/postcodedistrict/PH15,,,,,,,Perth and Kinross,http://data.ordnancesurvey.co.uk/id/7000000000030110,http://data.ordnancesurvey.co.uk/ontology/admingeo/UnitaryAuthority,Scotland,http://data.ordnancesurvey.co.uk/id/7000000000041429,Scotland,http://data.ordnancesurvey.co.uk/id/country/scotland,,,
osgb4000000074810428,http://data.ordnancesurvey.co.uk/id/4000000074810428,Meall Buidhe,,,,landform,Hill Or Mountain,242711,744991,1000,300000,242461,744741,242961,745241,PH15,http://data.ordnancesurvey.co.uk/id/postcodedistrict/PH15,,,,,,,Argyll and Bute,http://data.ordnancesurvey.co.uk/id/7000000000186632,http://data.ordnancesurvey.co.uk/ontology/admingeo/UnitaryAuthority,Scotland,http://data.ordnancesurvey.co.uk/id/7000000000041429,Scotland,http://data.ordnancesurvey.co.uk/id/country/scotland,,,
osgb4000000074598774,http://data.ordnancesurvey.co.uk/id/4000000074598774,Coire an Lochain,,,,landform,Cirque Or Hollow,248770,744742,2000,30000,248518,744492,249018,744992,PH15,http://data.ordnancesurvey.co.uk/id/postcodedistrict/PH15,,,,,,,Perth and Kinross,http://data.ordnancesurvey.co.uk/id/7000000000030110,http://data.ordnancesurvey.co.uk/ontology/admingeo/UnitaryAuthority,Scotland,http://data.ordnancesurvey.co.uk/id/7000000000041429,Scotland,http://data.ordnancesurvey.co.uk/id/country/scotland,,,
osgb4000000074762279,http://data.ordnancesurvey.co.uk/id/4000000074762279,Bàrr Mòr,,,,landform,Hill Or Mountain,253640,745100,1000,300000,253390,744850,253890,745350,PH15,http://data.ordnancesurvey.co.uk/id/postcodedistrict/PH15,,,,,,,Perth and Kinross,http://data.ordnancesurvey.co.uk/id/7000000000030110,http://data.ordnancesurvey.co.uk/ontology/admingeo/UnitaryAuthority,Scotland,http://data.ordnancesurvey.co.uk/id/7000000000041429,Scotland,http://data.ordnancesurvey.co.uk/id/country/scotland,,,
osgb4000000074603243,http://data.ordnancesurvey.co.uk/id/4000000074603243,Meall nan Eun,,,,landform,Hill Or Mountain,259366,742087,1000,300000,259116,741837,259616,742337,PH15,http://data.ordnancesurvey.co.uk/id/postcodedistrict/PH15,,,,,,,Perth and Kinross,http://data.ordnancesurvey.co.uk/id/7000000000030110,http://data.ordnancesurvey.co.uk/ontology/admingeo/UnitaryAuthority,Scotland,http://data.ordnancesurvey.co.uk/id/7000000000041429,Scotland,http://data.ordnancesurvey.co.uk/id/country/scotland,,,
osgb4000000074599570,http://data.ordnancesurvey.co.uk/id/4000000074599570,Creagan nan Gobhar,,,,landform,Hill Or Mountain,252865,746978,1000,300000,252615,746728,253115,747228,PH15,http://data.ordnancesurvey.co.uk/id/postcodedistrict/PH15,,,,,,,Perth and Kinross,http://data.ordnancesurvey.co.uk/id/7000000000030110,http://data.ordnancesurvey.co.uk/ontology/admingeo/UnitaryAuthority,Scotland,http://data.ordnancesurvey.co.uk/id/7000000000041429,Scotland,http://data.ordnancesurvey.co.uk/id/country/scotland,,,
osgb4000000074718167,http://data.ordnancesurvey.co.uk/id/4000000074718167,Coire Chorse,,,,landform,Cirque Or Hollow,246539,747317,4000,30000,246217,747067,246852,747567,PH15,http://data.ordnancesurvey.co.uk/id/postcodedistrict/PH15,,,,,,,Perth and Kinross,http://data.ordnancesurvey.co.uk/id/7000000000030110,http://data.ordnancesurvey.co.uk/ontology/admingeo/UnitaryAuthority,Scotland,http://data.ordnancesurvey.co.uk/id/7000000000041429,Scotland,http://data.ordnancesurvey.co.uk/id/country/scotland,,,
osgb4000000074643843,http://data.ordnancesurvey.co.uk/id/4000000074643843,Dalaneas Wood,,,,landcover,Woodland Or Forest,251731,759289,7000,400000,251470,758761,252341,759818,PH17,http://data.ordnancesurvey.co.uk/id/postcodedistrict/PH17,,,,,,,Perth and Kinross,http://data.ordnancesurvey.co.uk/id/7000000000030110,http://data.ordnancesurvey.co.uk/ontology/admingeo/UnitaryAuthority,Scotland,http://data.ordnancesurvey.co.uk/id/7000000000041429,Scotland,http://data.ordnancesurvey.co.uk/id/country/scotland,,,
osgb4000000074602853,http://data.ordnancesurvey.co.uk/id/4000000074602853,Meall Buidhe,,,,landform,Hill Or Mountain,249824,749938,1000,300000,249574,749688,250074,750188,PH15,http://data.ordnancesurvey.co.uk/id/postcodedistrict/PH15,,,,,,,Perth and Kinross,http://data.ordnancesurvey.co.uk/id/7000000000030110,http://data.ordnancesurvey.co.uk/ontology/admingeo/UnitaryAuthority,Scotland,http://data.ordnancesurvey.co.uk/id/7000000000041429,Scotland,http://data.ordnancesurvey.co.uk/id/country/scotland,,,
osgb4000000074778856,http://data.ordnancesurvey.co.uk/id/4000000074778856,Sròn na h-Oisinn,,,,landform,Other Landform,248710,759250,3000,15000,248444,758989,248976,759513,PH17,http://data.ordnancesurvey.co.uk/id/postcodedistrict/PH17,,,,,,,Perth and Kinross,http://data.ordnancesurvey.co.uk/id/7000000000030110,http://data.ordnancesurvey.co.uk/ontology/admingeo/UnitaryAuthority,Scotland,http://data.ordnancesurvey.co.uk/id/7000000000041429,Scotland,http://data.ordnancesurvey.co.uk/id/country/scotland,,,
osgb4000000074603241,http://data.ordnancesurvey.co.uk/id/4000000074603241,Meall Glas,,,,landform,Hill Or Mountain,256524,740350,1000,300000,256274,740100,256774,740600,PH15,http://data.ordnancesurvey.co.uk/id/postcodedistrict/PH15,,,,,,,Perth and Kinross,http://data.ordnancesurvey.co.uk/id/7000000000030110,http://data.ordnancesurvey.co.uk/ontology/admingeo/UnitaryAuthority,Scotland,http://data.ordnancesurvey.co.uk/id/7000000000041429,Scotland,http://data.ordnancesurvey.co.uk/id/country/scotland,,,
osgb4000000074734235,http://data.ordnancesurvey.co.uk/id/4000000074734235,Coille Dhùnain,,,,landcover,Other Landcover,245393,757515,6000,1300000,244952,757197,245833,757853,PH17,http://data.ordnancesurvey.co.uk/id/postcodedistrict/PH17,,,,,,,Perth and Kinross,http://data.ordnancesurvey.co.uk/id/7000000000030110,http://data.ordnancesurvey.co.uk/ontology/admingeo/UnitaryAuthority,Scotland,http://data.ordnancesurvey.co.uk/id/7000000000041429,Scotland,http://data.ordnancesurvey.co.uk/id/country/scotland,,,
osgb4000000073518682,http://data.ordnancesurvey.co.uk/id/4000000073518682,Innerwick Hydroelectric Power Station,,,,other,Electricity Production,258828,747487,1000,50000,258578,747237,259078,747737,PH15,http://data.ordnancesurvey.co.uk/id/postcodedistrict/PH15,,,,,,,Perth and Kinross,http://data.ordnancesurvey.co.uk/id/7000000000030110,http://data.ordnancesurvey.co.uk/ontology/admingeo/UnitaryAuthority,Scotland,http://data.ordnancesurvey.co.uk/id/7000000000041429,Scotland,http://data.ordnancesurvey.co.uk/id/country/scotland,,,
osgb4000000073301812,http://data.ordnancesurvey.co.uk/id/4000000073301812,Lubreoch Power Station,,,,other,Electricity Production,245352,741740,1000,50000,245102,741488,245602,741988,PH15,http://data.ordnancesurvey.co.uk/id/postcodedistrict/PH15,,,,,,,Perth and Kinross,http://data.ordnancesurvey.co.uk/id/7000000000030110,http://data.ordnancesurvey.co.uk/ontology/admingeo/UnitaryAuthority,Scotland,http://data.ordnancesurvey.co.uk/id/7000000000041429,Scotland,http://data.ordnancesurvey.co.uk/id/country/scotland,,,
osgb4000000073308415,http://data.ordnancesurvey.co.uk/id/4000000073308415,Cashlie Power Station,,,,other,Electricity Production,250712,742132,1000,50000,250462,741883,250962,742383,PH15,http://data.ordnancesurvey.co.uk/id/postcodedistrict/PH15,,,,,,,Perth and Kinross,http://data.ordnancesurvey.co.uk/id/7000000000030110,http://data.ordnancesurvey.co.uk/ontology/admingeo/UnitaryAuthority,Scotland,http://data.ordnancesurvey.co.uk/id/7000000000041429,Scotland,http://data.ordnancesurvey.co.uk/id/country/scotland,,,
osgb4000000073308338,http://data.ordnancesurvey.co.uk/id/4000000073308338,Gaur Power Station,,,,other,Electricity Production,246406,756850,1000,50000,246163,756601,246663,757101,PH17,http://data.ordnancesurvey.co.uk/id/postcodedistrict/PH17,,,,,,,Perth and Kinross,http://data.ordnancesurvey.co.uk/id/7000000000030110,http://data.ordnancesurvey.co.uk/ontology/admingeo/UnitaryAuthority,Scotland,http://data.ordnancesurvey.co.uk/id/7000000000041429,Scotland,http://data.ordnancesurvey.co.uk/id/country/scotland,,,
osgb4000000073309179,http://data.ordnancesurvey.co.uk/id/4000000073309179,Glenlyon Primary and Nursery School,,,,other,Primary Education,258084,747105,1000,50000,257838,746855,258338,747355,PH15,http://data.ordnancesurvey.co.uk/id/postcodedistrict/PH15,,,,,,,Perth and Kinross,http://data.ordnancesurvey.co.uk/id/7000000000030110,http://data.ordnancesurvey.co.uk/ontology/admingeo/UnitaryAuthority,Scotland,http://data.ordnancesurvey.co.uk/id/7000000000041429,Scotland,http://data.ordnancesurvey.co.uk/id/country/scotland,,,
osgb4000000073302825,http://data.ordnancesurvey.co.uk/id/4000000073302825,Rannoch Power Station,,,,other,Electricity Production,253056,758287,1000,50000,252801,758037,253301,758537,PH17,http://data.ordnancesurvey.co.uk/id/postcodedistrict/PH17,,,,,,,Perth and Kinross,http://data.ordnancesurvey.co.uk/id/7000000000030110,http://data.ordnancesurvey.co.uk/ontology/admingeo/UnitaryAuthority,Scotland,http://data.ordnancesurvey.co.uk/id/7000000000041429,Scotland,http://data.ordnancesurvey.co.uk/id/country/scotland,,,
osgb4000000074717445,http://data.ordnancesurvey.co.uk/id/4000000074717445,Coire Glas,,,,landform,Cirque Or Hollow,258354,740498,4000,30000,258043,740248,258654,740748,FK21,http://data.ordnancesurvey.co.uk/id/postcodedistrict/FK21,,,,,,,Perth and Kinross,http://data.ordnancesurvey.co.uk/id/7000000000030110,http://data.ordnancesurvey.co.uk/ontology/admingeo/UnitaryAuthority,Scotland,http://data.ordnancesurvey.co.uk/id/7000000000041429,Scotland,http://data.ordnancesurvey.co.uk/id/country/scotland,,,
osgb4000000074728161,http://data.ordnancesurvey.co.uk/id/4000000074728161,Coire Odhar,,,,landform,Valley,255162,747987,7000,800000,254517,747703,255651,748271,PH15,http://data.ordnancesurvey.co.uk/id/postcodedistrict/PH15,,,,,,,Perth and Kinross,http://data.ordnancesurvey.co.uk/id/7000000000030110,http://data.ordnancesurvey.co.uk/ontology/admingeo/UnitaryAuthority,Scotland,http://data.ordnancesurvey.co.uk/id/7000000000041429,Scotland,http://data.ordnancesurvey.co.uk/id/country/scotland,,,
osgb4000000074718136,http://data.ordnancesurvey.co.uk/id/4000000074718136,Glas-Choire,,,,landform,Cirque Or Hollow,250914,740427,2000,30000,250665,740178,251165,740678,PH15,http://data.ordnancesurvey.co.uk/id/postcodedistrict/PH15,,,,,,,Perth and Kinross,http://data.ordnancesurvey.co.uk/id/7000000000030110,http://data.ordnancesurvey.co.uk/ontology/admingeo/UnitaryAuthority,Scotland,http://data.ordnancesurvey.co.uk/id/7000000000041429,Scotland,http://data.ordnancesurvey.co.uk/id/country/scotland,,,
osgb4000000074599449,http://data.ordnancesurvey.co.uk/id/4000000074599449,Sròn nan Calamag,,,,landform,Hill Or Mountain,253128,756326,1000,300000,252878,756076,253378,756576,PH17,http://data.ordnancesurvey.co.uk/id/postcodedistrict/PH17,,,,,,,Perth and Kinross,http://data.ordnancesurvey.co.uk/id/7000000000030110,http://data.ordnancesurvey.co.uk/ontology/admingeo/UnitaryAuthority,Scotland,http://data.ordnancesurvey.co.uk/id/7000000000041429,Scotland,http://data.ordnancesurvey.co.uk/id/country/scotland,,,
osgb4000000074778571,http://data.ordnancesurvey.co.uk/id/4000000074778571,Glac Choit,,,,landform,Valley,247621,756141,5000,800000,247371,755648,247871,756399,PH17,http://data.ordnancesurvey.co.uk/id/postcodedistrict/PH17,,,,,,,Perth and Kinross,http://data.ordnancesurvey.co.uk/id/7000000000030110,http://data.ordnancesurvey.co.uk/ontology/admingeo/UnitaryAuthority,Scotland,http://data.ordnancesurvey.co.uk/id/7000000000041429,Scotland,http://data.ordnancesurvey.co.uk/id/country/scotland,,,
osgb4000000074603258,http://data.ordnancesurvey.co.uk/id/4000000074603258,Meall nan Aighean,,,,landform,Hill Or Mountain,247134,748909,1000,300000,246884,748659,247384,749159,PH15,http://data.ordnancesurvey.co.uk/id/postcodedistrict/PH15,,,,,,,Perth and Kinross,http://data.ordnancesurvey.co.uk/id/7000000000030110,http://data.ordnancesurvey.co.uk/ontology/admingeo/UnitaryAuthority,Scotland,http://data.ordnancesurvey.co.uk/id/7000000000041429,Scotland,http://data.ordnancesurvey.co.uk/id/country/scotland,,,
osgb4000000074718054,http://data.ordnancesurvey.co.uk/id/4000000074718054,Coire nan Aighean,,,,landform,Cirque Or Hollow,243087,743794,3000,30000,242831,743545,243342,744045,PH15,http://data.ordnancesurvey.co.uk/id/postcodedistrict/PH15,,,,,,,Perth and Kinross,http://data.ordnancesurvey.co.uk/id/7000000000030110,http://data.ordnancesurvey.co.uk/ontology/admingeo/UnitaryAuthority,Scotland,http://data.ordnancesurvey.co.uk/id/7000000000041429,Scotland,http://data.ordnancesurvey.co.uk/id/country/scotland,,,
osgb4000000074718288,http://data.ordnancesurvey.co.uk/id/4000000074718288,Coire Garbh Mhill Bhig,,,,landform,Cirque Or Hollow,250423,750854,3000,30000,250171,750604,250671,751104,PH17,http://data.ordnancesurvey.co.uk/id/postcodedistrict/PH17,,,,,,,Perth and Kinross,http://data.ordnancesurvey.co.uk/id/7000000000030110,http://data.ordnancesurvey.co.uk/ontology/admingeo/UnitaryAuthority,Scotland,http://data.ordnancesurvey.co.uk/id/7000000000041429,Scotland,http://data.ordnancesurvey.co.uk/id/country/scotland,,,
PH172QW,http://data.ordnancesurvey.co.uk/id/postcodeunit/PH172QW,PH17 2QW,,,,other,Postcode,254454,758049,3500,18000,,,,,,,Killichonan,http://data.ordnancesurvey.co.uk/id/4000000074549046,http://www.ordnancesurvey.co.uk/xml/codelists/localtype.xml#hamlet,,,,Perth and Kinross,http://data.ordnancesurvey.co.uk/id/7000000000030110,http://data.ordnancesurvey.co.uk/ontology/admingeo/UnitaryAuthority,Scotland,http://data.ordnancesurvey.co.uk/id/7000000000041429,Scotland,http://data.ordnancesurvey.co.uk/id/country/scotland,,,
osgb4000000073303684,http://data.ordnancesurvey.co.uk/id/4000000073303684,Rannoch,,,,transportNetwork,Railway Station,242249,757877,1000,50000,242000,757622,242500,758122,PH17,http://data.ordnancesurvey.co.uk/id/postcodedistrict/PH17,Rannoch,http://data.ordnancesurvey.co.uk/id/4000000074334937,http://www.ordnancesurvey.co.uk/xml/codelists/localtype.xml#hamlet,,,,Perth and Kinross,http://data.ordnancesurvey.co.uk/id/7000000000030110,http://data.ordnancesurvey.co.uk/ontology/admingeo/UnitaryAuthority,Scotland,http://data.ordnancesurvey.co.uk/id/7000000000041429,Scotland,http://data.ordnancesurvey.co.uk/id/country/scotland,,,
