﻿PH304AA,http://data.ordnancesurvey.co.uk/id/postcodeunit/PH304AA,PH30 4AA,,,,other,Postcode,241216,769760,3500,18000,,,,,,,,,,,,,Highland,http://data.ordnancesurvey.co.uk/id/7000000000186625,http://data.ordnancesurvey.co.uk/ontology/admingeo/UnitaryAuthority,Scotland,http://data.ordnancesurvey.co.uk/id/7000000000041429,Scotland,http://data.ordnancesurvey.co.uk/id/country/scotland,,,
PH191AE,http://data.ordnancesurvey.co.uk/id/postcodeunit/PH191AE,PH19 1AE,,,,other,Postcode,257571,779074,3500,18000,,,,,,,,,,,,,Highland,http://data.ordnancesurvey.co.uk/id/7000000000186625,http://data.ordnancesurvey.co.uk/ontology/admingeo/UnitaryAuthority,Scotland,http://data.ordnancesurvey.co.uk/id/7000000000041429,Scotland,http://data.ordnancesurvey.co.uk/id/country/scotland,,,
osgb4000000074605368,http://data.ordnancesurvey.co.uk/id/4000000074605368,Sgairneach Mhòr,,,,landform,Hill Or Mountain,259881,773129,1000,300000,259631,772879,260131,773379,PH18,http://data.ordnancesurvey.co.uk/id/postcodedistrict/PH18,,,,,,,Perth and Kinross,http://data.ordnancesurvey.co.uk/id/7000000000030110,http://data.ordnancesurvey.co.uk/ontology/admingeo/UnitaryAuthority,Scotland,http://data.ordnancesurvey.co.uk/id/7000000000041429,Scotland,http://data.ordnancesurvey.co.uk/id/country/scotland,,,
osgb4000000074717823,http://data.ordnancesurvey.co.uk/id/4000000074717823,Coire Odhar Mór,,,,landform,Cirque Or Hollow,241384,765438,4000,30000,241045,765189,241722,765689,PH30,http://data.ordnancesurvey.co.uk/id/postcodedistrict/PH30,,,,,,,Highland,http://data.ordnancesurvey.co.uk/id/7000000000186625,http://data.ordnancesurvey.co.uk/ontology/admingeo/UnitaryAuthority,Scotland,http://data.ordnancesurvey.co.uk/id/7000000000041429,Scotland,http://data.ordnancesurvey.co.uk/id/country/scotland,,,
osgb4000000074605373,http://data.ordnancesurvey.co.uk/id/4000000074605373,Beinn Bheòil,,,,landform,Hill Or Mountain,251716,771723,1000,300000,251466,771473,251966,771973,PH19,http://data.ordnancesurvey.co.uk/id/postcodedistrict/PH19,,,,,,,Highland,http://data.ordnancesurvey.co.uk/id/7000000000186625,http://data.ordnancesurvey.co.uk/ontology/admingeo/UnitaryAuthority,Scotland,http://data.ordnancesurvey.co.uk/id/7000000000041429,Scotland,http://data.ordnancesurvey.co.uk/id/country/scotland,,,
osgb4000000074793631,http://data.ordnancesurvey.co.uk/id/4000000074793631,Lochan a' Bhealaich,,,,hydrography,Inland Water,245066,768271,2000,500000,244816,768010,245316,768510,PH30,http://data.ordnancesurvey.co.uk/id/postcodedistrict/PH30,,,,,,,Perth and Kinross,http://data.ordnancesurvey.co.uk/id/7000000000030110,http://data.ordnancesurvey.co.uk/ontology/admingeo/UnitaryAuthority,Scotland,http://data.ordnancesurvey.co.uk/id/7000000000041429,Scotland,http://data.ordnancesurvey.co.uk/id/country/scotland,,,
osgb4000000074778853,http://data.ordnancesurvey.co.uk/id/4000000074778853,Sròn Allt Fearna,,,,landform,Other Landform,244099,777891,3000,15000,243860,777642,244360,778142,PH31,http://data.ordnancesurvey.co.uk/id/postcodedistrict/PH31,,,,,,,Highland,http://data.ordnancesurvey.co.uk/id/7000000000186625,http://data.ordnancesurvey.co.uk/ontology/admingeo/UnitaryAuthority,Scotland,http://data.ordnancesurvey.co.uk/id/7000000000041429,Scotland,http://data.ordnancesurvey.co.uk/id/country/scotland,,,
osgb4000000074605382,http://data.ordnancesurvey.co.uk/id/4000000074605382,Creagan an Amair,,,,landform,Hill Or Mountain,242166,771324,1000,300000,241916,771074,242416,771574,PH30,http://data.ordnancesurvey.co.uk/id/postcodedistrict/PH30,,,,,,,Highland,http://data.ordnancesurvey.co.uk/id/7000000000186625,http://data.ordnancesurvey.co.uk/ontology/admingeo/UnitaryAuthority,Scotland,http://data.ordnancesurvey.co.uk/id/7000000000041429,Scotland,http://data.ordnancesurvey.co.uk/id/country/scotland,,,
osgb4000000074605383,http://data.ordnancesurvey.co.uk/id/4000000074605383,Creagan Ruadh,eng,Meall Glas-Uaine Mor,gla,landform,Hill Or Mountain,240387,771734,1000,300000,240137,771484,240637,771984,PH30,http://data.ordnancesurvey.co.uk/id/postcodedistrict/PH30,,,,,,,Highland,http://data.ordnancesurvey.co.uk/id/7000000000186625,http://data.ordnancesurvey.co.uk/ontology/admingeo/UnitaryAuthority,Scotland,http://data.ordnancesurvey.co.uk/id/7000000000041429,Scotland,http://data.ordnancesurvey.co.uk/id/country/scotland,,,
osgb4000000074718858,http://data.ordnancesurvey.co.uk/id/4000000074718858,Coire Pitridh,,,,landform,Cirque Or Hollow,248693,779979,4000,30000,248397,779729,248994,780229,PH19,http://data.ordnancesurvey.co.uk/id/postcodedistrict/PH19,,,,,,,Highland,http://data.ordnancesurvey.co.uk/id/7000000000186625,http://data.ordnancesurvey.co.uk/ontology/admingeo/UnitaryAuthority,Scotland,http://data.ordnancesurvey.co.uk/id/7000000000041429,Scotland,http://data.ordnancesurvey.co.uk/id/country/scotland,,,
osgb4000000074719202,http://data.ordnancesurvey.co.uk/id/4000000074719202,Srath Ossian,,,,landform,Valley,241147,773147,12000,800000,240670,772192,241623,774084,PH30,http://data.ordnancesurvey.co.uk/id/postcodedistrict/PH30,,,,,,,Highland,http://data.ordnancesurvey.co.uk/id/7000000000186625,http://data.ordnancesurvey.co.uk/ontology/admingeo/UnitaryAuthority,Scotland,http://data.ordnancesurvey.co.uk/id/7000000000041429,Scotland,http://data.ordnancesurvey.co.uk/id/country/scotland,,,
osgb4000000074605803,http://data.ordnancesurvey.co.uk/id/4000000074605803,Meall Dubh,,,,landform,Hill Or Mountain,256508,778052,1000,300000,256258,777802,256758,778302,PH19,http://data.ordnancesurvey.co.uk/id/postcodedistrict/PH19,,,,,,,Highland,http://data.ordnancesurvey.co.uk/id/7000000000186625,http://data.ordnancesurvey.co.uk/ontology/admingeo/UnitaryAuthority,Scotland,http://data.ordnancesurvey.co.uk/id/7000000000041429,Scotland,http://data.ordnancesurvey.co.uk/id/country/scotland,,,
osgb4000000074605367,http://data.ordnancesurvey.co.uk/id/4000000074605367,Màm Bàn,,,,landform,Hill Or Mountain,259156,771648,1000,300000,258906,771398,259406,771898,PH18,http://data.ordnancesurvey.co.uk/id/postcodedistrict/PH18,,,,,,,Perth and Kinross,http://data.ordnancesurvey.co.uk/id/7000000000030110,http://data.ordnancesurvey.co.uk/ontology/admingeo/UnitaryAuthority,Scotland,http://data.ordnancesurvey.co.uk/id/7000000000041429,Scotland,http://data.ordnancesurvey.co.uk/id/country/scotland,,,
osgb4000000074622080,http://data.ordnancesurvey.co.uk/id/4000000074622080,An Dùn,,,,landform,Hill Or Mountain,250504,768199,1000,300000,250254,767949,250754,768449,PH30,http://data.ordnancesurvey.co.uk/id/postcodedistrict/PH30,,,,,,,Highland,http://data.ordnancesurvey.co.uk/id/7000000000186625,http://data.ordnancesurvey.co.uk/ontology/admingeo/UnitaryAuthority,Scotland,http://data.ordnancesurvey.co.uk/id/7000000000041429,Scotland,http://data.ordnancesurvey.co.uk/id/country/scotland,,,
osgb4000000074599172,http://data.ordnancesurvey.co.uk/id/4000000074599172,Coire Odhar,,,,landform,Cirque Or Hollow,251199,777162,3000,30000,250935,776913,251463,777413,PH19,http://data.ordnancesurvey.co.uk/id/postcodedistrict/PH19,,,,,,,Highland,http://data.ordnancesurvey.co.uk/id/7000000000186625,http://data.ordnancesurvey.co.uk/ontology/admingeo/UnitaryAuthority,Scotland,http://data.ordnancesurvey.co.uk/id/7000000000041429,Scotland,http://data.ordnancesurvey.co.uk/id/country/scotland,,,
osgb4000000074821499,http://data.ordnancesurvey.co.uk/id/4000000074821499,Diollaid a' Chàirn,,,,landcover,Other Landcover,249174,775960,5000,1300000,248787,775710,249551,776210,PH19,http://data.ordnancesurvey.co.uk/id/postcodedistrict/PH19,,,,,,,Highland,http://data.ordnancesurvey.co.uk/id/7000000000186625,http://data.ordnancesurvey.co.uk/ontology/admingeo/UnitaryAuthority,Scotland,http://data.ordnancesurvey.co.uk/id/7000000000041429,Scotland,http://data.ordnancesurvey.co.uk/id/country/scotland,,,
osgb4000000074605806,http://data.ordnancesurvey.co.uk/id/4000000074605806,Meall Mòr,,,,landform,Hill Or Mountain,253883,776428,1000,300000,253633,776178,254133,776678,PH19,http://data.ordnancesurvey.co.uk/id/postcodedistrict/PH19,,,,,,,Highland,http://data.ordnancesurvey.co.uk/id/7000000000186625,http://data.ordnancesurvey.co.uk/ontology/admingeo/UnitaryAuthority,Scotland,http://data.ordnancesurvey.co.uk/id/7000000000041429,Scotland,http://data.ordnancesurvey.co.uk/id/country/scotland,,,
osgb4000000074719198,http://data.ordnancesurvey.co.uk/id/4000000074719198,Coire na Coichille,,,,landform,Cirque Or Hollow,246152,774710,7000,30000,245641,774413,246642,775008,PH30,http://data.ordnancesurvey.co.uk/id/postcodedistrict/PH30,,,,,,,Highland,http://data.ordnancesurvey.co.uk/id/7000000000186625,http://data.ordnancesurvey.co.uk/ontology/admingeo/UnitaryAuthority,Scotland,http://data.ordnancesurvey.co.uk/id/7000000000041429,Scotland,http://data.ordnancesurvey.co.uk/id/country/scotland,,,
osgb4000000074604955,http://data.ordnancesurvey.co.uk/id/4000000074604955,Càrn Dearg,,,,landform,Hill Or Mountain,253373,767530,1000,300000,253123,767280,253623,767780,PH17,http://data.ordnancesurvey.co.uk/id/postcodedistrict/PH17,,,,,,,Perth and Kinross,http://data.ordnancesurvey.co.uk/id/7000000000030110,http://data.ordnancesurvey.co.uk/ontology/admingeo/UnitaryAuthority,Scotland,http://data.ordnancesurvey.co.uk/id/7000000000041429,Scotland,http://data.ordnancesurvey.co.uk/id/country/scotland,,,
osgb4000000074719196,http://data.ordnancesurvey.co.uk/id/4000000074719196,Coire Labhair,,,,landform,Cirque Or Hollow,247888,772479,5000,30000,247532,772229,248241,772729,PH30,http://data.ordnancesurvey.co.uk/id/postcodedistrict/PH30,,,,,,,Highland,http://data.ordnancesurvey.co.uk/id/7000000000186625,http://data.ordnancesurvey.co.uk/ontology/admingeo/UnitaryAuthority,Scotland,http://data.ordnancesurvey.co.uk/id/7000000000041429,Scotland,http://data.ordnancesurvey.co.uk/id/country/scotland,,,
osgb4000000074719140,http://data.ordnancesurvey.co.uk/id/4000000074719140,Coire Chomhlain,,,,landform,Cirque Or Hollow,248829,770783,6000,30000,248405,770512,249254,771054,PH30,http://data.ordnancesurvey.co.uk/id/postcodedistrict/PH30,,,,,,,Highland,http://data.ordnancesurvey.co.uk/id/7000000000186625,http://data.ordnancesurvey.co.uk/ontology/admingeo/UnitaryAuthority,Scotland,http://data.ordnancesurvey.co.uk/id/7000000000041429,Scotland,http://data.ordnancesurvey.co.uk/id/country/scotland,,,
osgb4000000074604552,http://data.ordnancesurvey.co.uk/id/4000000074604552,Meall nam Fiadh,,,,landform,Hill Or Mountain,242073,765263,1000,300000,241823,765013,242323,765513,PH30,http://data.ordnancesurvey.co.uk/id/postcodedistrict/PH30,,,,,,,Perth and Kinross,http://data.ordnancesurvey.co.uk/id/7000000000030110,http://data.ordnancesurvey.co.uk/ontology/admingeo/UnitaryAuthority,Scotland,http://data.ordnancesurvey.co.uk/id/7000000000041429,Scotland,http://data.ordnancesurvey.co.uk/id/country/scotland,,,
osgb4000000074726167,http://data.ordnancesurvey.co.uk/id/4000000074726167,Sròn Drèineach,,,,landform,Other Landform,252342,773974,3000,15000,252098,773724,252611,774224,PH19,http://data.ordnancesurvey.co.uk/id/postcodedistrict/PH19,,,,,,,Highland,http://data.ordnancesurvey.co.uk/id/7000000000186625,http://data.ordnancesurvey.co.uk/ontology/admingeo/UnitaryAuthority,Scotland,http://data.ordnancesurvey.co.uk/id/7000000000041429,Scotland,http://data.ordnancesurvey.co.uk/id/country/scotland,,,
osgb4000000074604133,http://data.ordnancesurvey.co.uk/id/4000000074604133,Dùn Daimh,,,,landform,Hill Or Mountain,248331,763661,1000,300000,248081,763411,248581,763911,PH17,http://data.ordnancesurvey.co.uk/id/postcodedistrict/PH17,,,,,,,Perth and Kinross,http://data.ordnancesurvey.co.uk/id/7000000000030110,http://data.ordnancesurvey.co.uk/ontology/admingeo/UnitaryAuthority,Scotland,http://data.ordnancesurvey.co.uk/id/7000000000041429,Scotland,http://data.ordnancesurvey.co.uk/id/country/scotland,,,
osgb4000000074718551,http://data.ordnancesurvey.co.uk/id/4000000074718551,Glas-Choire,,,,landform,Cirque Or Hollow,257846,774779,5000,30000,257483,774479,258200,775079,PH19,http://data.ordnancesurvey.co.uk/id/postcodedistrict/PH19,,,,,,,Highland,http://data.ordnancesurvey.co.uk/id/7000000000186625,http://data.ordnancesurvey.co.uk/ontology/admingeo/UnitaryAuthority,Scotland,http://data.ordnancesurvey.co.uk/id/7000000000041429,Scotland,http://data.ordnancesurvey.co.uk/id/country/scotland,,,
osgb4000000074793805,http://data.ordnancesurvey.co.uk/id/4000000074793805,Loch Pattack,,,,hydrography,Inland Water,253943,779081,8000,500000,253239,778454,254375,779709,PH19,http://data.ordnancesurvey.co.uk/id/postcodedistrict/PH19,,,,,,,Highland,http://data.ordnancesurvey.co.uk/id/7000000000186625,http://data.ordnancesurvey.co.uk/ontology/admingeo/UnitaryAuthority,Scotland,http://data.ordnancesurvey.co.uk/id/7000000000041429,Scotland,http://data.ordnancesurvey.co.uk/id/country/scotland,,,
osgb4000000074591891,http://data.ordnancesurvey.co.uk/id/4000000074591891,Sròn nan Nead,,,,landform,Hill Or Mountain,240493,772248,1000,300000,240243,771998,240743,772498,PH30,http://data.ordnancesurvey.co.uk/id/postcodedistrict/PH30,,,,,,,Highland,http://data.ordnancesurvey.co.uk/id/7000000000186625,http://data.ordnancesurvey.co.uk/ontology/admingeo/UnitaryAuthority,Scotland,http://data.ordnancesurvey.co.uk/id/7000000000041429,Scotland,http://data.ordnancesurvey.co.uk/id/country/scotland,,,
osgb4000000074718857,http://data.ordnancesurvey.co.uk/id/4000000074718857,Coire Mòr a' Chlachair,,,,landform,Cirque Or Hollow,247188,778794,5000,30000,246865,778396,247510,779175,PH19,http://data.ordnancesurvey.co.uk/id/postcodedistrict/PH19,,,,,,,Highland,http://data.ordnancesurvey.co.uk/id/7000000000186625,http://data.ordnancesurvey.co.uk/ontology/admingeo/UnitaryAuthority,Scotland,http://data.ordnancesurvey.co.uk/id/7000000000041429,Scotland,http://data.ordnancesurvey.co.uk/id/country/scotland,,,
osgb4000000074606238,http://data.ordnancesurvey.co.uk/id/4000000074606238,Meall Còs Chàrnan,,,,landform,Hill Or Mountain,243303,777426,1000,300000,243053,777176,243553,777676,PH31,http://data.ordnancesurvey.co.uk/id/postcodedistrict/PH31,,,,,,,Highland,http://data.ordnancesurvey.co.uk/id/7000000000186625,http://data.ordnancesurvey.co.uk/ontology/admingeo/UnitaryAuthority,Scotland,http://data.ordnancesurvey.co.uk/id/7000000000041429,Scotland,http://data.ordnancesurvey.co.uk/id/country/scotland,,,
osgb4000000074599738,http://data.ordnancesurvey.co.uk/id/4000000074599738,Meall Nathrach,,,,landform,Hill Or Mountain,245238,775208,1000,300000,244988,774958,245488,775458,PH30,http://data.ordnancesurvey.co.uk/id/postcodedistrict/PH30,,,,,,,Highland,http://data.ordnancesurvey.co.uk/id/7000000000186625,http://data.ordnancesurvey.co.uk/ontology/admingeo/UnitaryAuthority,Scotland,http://data.ordnancesurvey.co.uk/id/7000000000041429,Scotland,http://data.ordnancesurvey.co.uk/id/country/scotland,,,
osgb4000000074719114,http://data.ordnancesurvey.co.uk/id/4000000074719114,Coire Sròn an Nid,,,,landform,Cirque Or Hollow,252501,777403,4000,30000,252201,777090,252800,777723,PH19,http://data.ordnancesurvey.co.uk/id/postcodedistrict/PH19,,,,,,,Highland,http://data.ordnancesurvey.co.uk/id/7000000000186625,http://data.ordnancesurvey.co.uk/ontology/admingeo/UnitaryAuthority,Scotland,http://data.ordnancesurvey.co.uk/id/7000000000041429,Scotland,http://data.ordnancesurvey.co.uk/id/country/scotland,,,
osgb4000000074718550,http://data.ordnancesurvey.co.uk/id/4000000074718550,Coire Dhomhain,,,,landform,Valley,259958,774489,15000,800000,259005,773876,261249,775102,PH18,http://data.ordnancesurvey.co.uk/id/postcodedistrict/PH18,,,,,,,Perth and Kinross,http://data.ordnancesurvey.co.uk/id/7000000000030110,http://data.ordnancesurvey.co.uk/ontology/admingeo/UnitaryAuthority,Scotland,http://data.ordnancesurvey.co.uk/id/7000000000041429,Scotland,http://data.ordnancesurvey.co.uk/id/country/scotland,,,
osgb4000000074793346,http://data.ordnancesurvey.co.uk/id/4000000074793346,Lochan a' Chlaidheimh,,,,hydrography,Inland Water,240933,760239,4000,500000,240573,759990,241237,760490,PH17,http://data.ordnancesurvey.co.uk/id/postcodedistrict/PH17,,,,,,,Highland,http://data.ordnancesurvey.co.uk/id/7000000000186625,http://data.ordnancesurvey.co.uk/ontology/admingeo/UnitaryAuthority,Scotland,http://data.ordnancesurvey.co.uk/id/7000000000041429,Scotland,http://data.ordnancesurvey.co.uk/id/country/scotland,,,
osgb4000000074719139,http://data.ordnancesurvey.co.uk/id/4000000074719139,Coire Eigheach,,,,landform,Cirque Or Hollow,243074,765898,4000,30000,242739,765648,243411,766148,PH30,http://data.ordnancesurvey.co.uk/id/postcodedistrict/PH30,,,,,,,Perth and Kinross,http://data.ordnancesurvey.co.uk/id/7000000000030110,http://data.ordnancesurvey.co.uk/ontology/admingeo/UnitaryAuthority,Scotland,http://data.ordnancesurvey.co.uk/id/7000000000041429,Scotland,http://data.ordnancesurvey.co.uk/id/country/scotland,,,
osgb4000000074719142,http://data.ordnancesurvey.co.uk/id/4000000074719142,Coire Glas-Uaine Beag,,,,landform,Cirque Or Hollow,240806,770695,4000,30000,240518,770445,241073,770945,PH30,http://data.ordnancesurvey.co.uk/id/postcodedistrict/PH30,,,,,,,Highland,http://data.ordnancesurvey.co.uk/id/7000000000186625,http://data.ordnancesurvey.co.uk/ontology/admingeo/UnitaryAuthority,Scotland,http://data.ordnancesurvey.co.uk/id/7000000000041429,Scotland,http://data.ordnancesurvey.co.uk/id/country/scotland,,,
osgb4000000074604551,http://data.ordnancesurvey.co.uk/id/4000000074604551,Creag na h-Iolaire,,,,landform,Hill Or Mountain,242292,764381,1000,300000,242042,764131,242542,764631,PH30,http://data.ordnancesurvey.co.uk/id/postcodedistrict/PH30,,,,,,,Perth and Kinross,http://data.ordnancesurvey.co.uk/id/7000000000030110,http://data.ordnancesurvey.co.uk/ontology/admingeo/UnitaryAuthority,Scotland,http://data.ordnancesurvey.co.uk/id/7000000000041429,Scotland,http://data.ordnancesurvey.co.uk/id/country/scotland,,,
osgb4000000074719134,http://data.ordnancesurvey.co.uk/id/4000000074719134,Coire Dubh na Lice Leanagan,,,,landform,Cirque Or Hollow,248424,760328,3000,30000,248173,760078,248673,760578,PH17,http://data.ordnancesurvey.co.uk/id/postcodedistrict/PH17,,,,,,,Perth and Kinross,http://data.ordnancesurvey.co.uk/id/7000000000030110,http://data.ordnancesurvey.co.uk/ontology/admingeo/UnitaryAuthority,Scotland,http://data.ordnancesurvey.co.uk/id/7000000000041429,Scotland,http://data.ordnancesurvey.co.uk/id/country/scotland,,,
osgb4000000074604553,http://data.ordnancesurvey.co.uk/id/4000000074604553,Càrn Dearg,,,,landform,Hill Or Mountain,241785,766145,1000,300000,241535,765895,242035,766395,PH30,http://data.ordnancesurvey.co.uk/id/postcodedistrict/PH30,,,,,,,Highland,http://data.ordnancesurvey.co.uk/id/7000000000186625,http://data.ordnancesurvey.co.uk/ontology/admingeo/UnitaryAuthority,Scotland,http://data.ordnancesurvey.co.uk/id/7000000000041429,Scotland,http://data.ordnancesurvey.co.uk/id/country/scotland,,,
osgb4000000074718649,http://data.ordnancesurvey.co.uk/id/4000000074718649,Coire na Lethchois,,,,landform,Cirque Or Hollow,250359,773268,4000,30000,250019,773019,250692,773519,PH19,http://data.ordnancesurvey.co.uk/id/postcodedistrict/PH19,,,,,,,Highland,http://data.ordnancesurvey.co.uk/id/7000000000186625,http://data.ordnancesurvey.co.uk/ontology/admingeo/UnitaryAuthority,Scotland,http://data.ordnancesurvey.co.uk/id/7000000000041429,Scotland,http://data.ordnancesurvey.co.uk/id/country/scotland,,,
osgb4000000074793635,http://data.ordnancesurvey.co.uk/id/4000000074793635,Loch a' Bhealaich Leamhain,,,,hydrography,Inland Water,249851,779689,7000,500000,249435,779399,250488,779978,PH19,http://data.ordnancesurvey.co.uk/id/postcodedistrict/PH19,,,,,,,Highland,http://data.ordnancesurvey.co.uk/id/7000000000186625,http://data.ordnancesurvey.co.uk/ontology/admingeo/UnitaryAuthority,Scotland,http://data.ordnancesurvey.co.uk/id/7000000000041429,Scotland,http://data.ordnancesurvey.co.uk/id/country/scotland,,,
osgb4000000074719115,http://data.ordnancesurvey.co.uk/id/4000000074719115,Coire na Cìche,,,,landform,Cirque Or Hollow,249951,776883,4000,30000,249647,776633,250248,777133,PH19,http://data.ordnancesurvey.co.uk/id/postcodedistrict/PH19,,,,,,,Highland,http://data.ordnancesurvey.co.uk/id/7000000000186625,http://data.ordnancesurvey.co.uk/ontology/admingeo/UnitaryAuthority,Scotland,http://data.ordnancesurvey.co.uk/id/7000000000041429,Scotland,http://data.ordnancesurvey.co.uk/id/country/scotland,,,
osgb4000000074604971,http://data.ordnancesurvey.co.uk/id/4000000074604971,Aonach Beag,,,,landform,Hill Or Mountain,245789,774191,1000,300000,245539,773941,246039,774441,PH30,http://data.ordnancesurvey.co.uk/id/postcodedistrict/PH30,,,,,,,Highland,http://data.ordnancesurvey.co.uk/id/7000000000186625,http://data.ordnancesurvey.co.uk/ontology/admingeo/UnitaryAuthority,Scotland,http://data.ordnancesurvey.co.uk/id/7000000000041429,Scotland,http://data.ordnancesurvey.co.uk/id/country/scotland,,,
osgb4000000074718472,http://data.ordnancesurvey.co.uk/id/4000000074718472,Coire Ghlas,,,,landform,Cirque Or Hollow,252448,765732,2000,30000,252197,765482,252697,765982,PH17,http://data.ordnancesurvey.co.uk/id/postcodedistrict/PH17,,,,,,,Perth and Kinross,http://data.ordnancesurvey.co.uk/id/7000000000030110,http://data.ordnancesurvey.co.uk/ontology/admingeo/UnitaryAuthority,Scotland,http://data.ordnancesurvey.co.uk/id/7000000000041429,Scotland,http://data.ordnancesurvey.co.uk/id/country/scotland,,,
osgb4000000074585911,http://data.ordnancesurvey.co.uk/id/4000000074585911,Alder Hills,,,,landform,Hill Or Mountain Ranges,246413,772181,160000,3000000,238948,761280,253879,785869,PH30,http://data.ordnancesurvey.co.uk/id/postcodedistrict/PH30,,,,,,,Highland,http://data.ordnancesurvey.co.uk/id/7000000000186625,http://data.ordnancesurvey.co.uk/ontology/admingeo/UnitaryAuthority,Scotland,http://data.ordnancesurvey.co.uk/id/7000000000041429,Scotland,http://data.ordnancesurvey.co.uk/id/country/scotland,,,
osgb4000000074793682,http://data.ordnancesurvey.co.uk/id/4000000074793682,Lochan a' Chàrra Mhòir,,,,hydrography,Inland Water,245032,773697,1000,500000,244783,773448,245283,773948,PH30,http://data.ordnancesurvey.co.uk/id/postcodedistrict/PH30,,,,,,,Highland,http://data.ordnancesurvey.co.uk/id/7000000000186625,http://data.ordnancesurvey.co.uk/ontology/admingeo/UnitaryAuthority,Scotland,http://data.ordnancesurvey.co.uk/id/7000000000041429,Scotland,http://data.ordnancesurvey.co.uk/id/country/scotland,,,
osgb4000000074778804,http://data.ordnancesurvey.co.uk/id/4000000074778804,Rubha Bàn Beag,,,,landform,Other Landform,252979,769691,1000,15000,252735,769442,253235,769942,PH19,http://data.ordnancesurvey.co.uk/id/postcodedistrict/PH19,,,,,,,Perth and Kinross,http://data.ordnancesurvey.co.uk/id/7000000000030110,http://data.ordnancesurvey.co.uk/ontology/admingeo/UnitaryAuthority,Scotland,http://data.ordnancesurvey.co.uk/id/7000000000041429,Scotland,http://data.ordnancesurvey.co.uk/id/country/scotland,,,
osgb4000000074591955,http://data.ordnancesurvey.co.uk/id/4000000074591955,Beinn a' Chlachair,,,,landform,Hill Or Mountain,247123,778159,1000,300000,246873,777909,247373,778409,PH30,http://data.ordnancesurvey.co.uk/id/postcodedistrict/PH30,,,,,,,Highland,http://data.ordnancesurvey.co.uk/id/7000000000186625,http://data.ordnancesurvey.co.uk/ontology/admingeo/UnitaryAuthority,Scotland,http://data.ordnancesurvey.co.uk/id/7000000000041429,Scotland,http://data.ordnancesurvey.co.uk/id/country/scotland,,,
osgb4000000074716351,http://data.ordnancesurvey.co.uk/id/4000000074716351,Coire Buidhe,,,,landform,Cirque Or Hollow,259347,760496,3000,30000,259097,760246,259597,760746,PH17,http://data.ordnancesurvey.co.uk/id/postcodedistrict/PH17,,,,,,,Perth and Kinross,http://data.ordnancesurvey.co.uk/id/7000000000030110,http://data.ordnancesurvey.co.uk/ontology/admingeo/UnitaryAuthority,Scotland,http://data.ordnancesurvey.co.uk/id/7000000000041429,Scotland,http://data.ordnancesurvey.co.uk/id/country/scotland,,,
osgb4000000074793264,http://data.ordnancesurvey.co.uk/id/4000000074793264,Lochan a' Bhodaich,,,,hydrography,Inland Water,247209,761963,1000,500000,246958,761713,247458,762213,PH17,http://data.ordnancesurvey.co.uk/id/postcodedistrict/PH17,,,,,,,Perth and Kinross,http://data.ordnancesurvey.co.uk/id/7000000000030110,http://data.ordnancesurvey.co.uk/ontology/admingeo/UnitaryAuthority,Scotland,http://data.ordnancesurvey.co.uk/id/7000000000041429,Scotland,http://data.ordnancesurvey.co.uk/id/country/scotland,,,
osgb4000000074604957,http://data.ordnancesurvey.co.uk/id/4000000074604957,Creag Dhubh,,,,landform,Hill Or Mountain,259540,770200,1000,300000,259290,769950,259790,770450,PH18,http://data.ordnancesurvey.co.uk/id/postcodedistrict/PH18,,,,,,,Perth and Kinross,http://data.ordnancesurvey.co.uk/id/7000000000030110,http://data.ordnancesurvey.co.uk/ontology/admingeo/UnitaryAuthority,Scotland,http://data.ordnancesurvey.co.uk/id/7000000000041429,Scotland,http://data.ordnancesurvey.co.uk/id/country/scotland,,,
osgb4000000074718856,http://data.ordnancesurvey.co.uk/id/4000000074718856,Coire Beag a' Chlachair,,,,landform,Cirque Or Hollow,248495,778401,4000,30000,248156,778151,248837,778651,PH19,http://data.ordnancesurvey.co.uk/id/postcodedistrict/PH19,,,,,,,Highland,http://data.ordnancesurvey.co.uk/id/7000000000186625,http://data.ordnancesurvey.co.uk/ontology/admingeo/UnitaryAuthority,Scotland,http://data.ordnancesurvey.co.uk/id/7000000000041429,Scotland,http://data.ordnancesurvey.co.uk/id/country/scotland,,,
osgb4000000074603284,http://data.ordnancesurvey.co.uk/id/4000000074603284,Meall an Uillt Riabhaich,,Meall Liath na Doire Mhoir,,landform,Hill Or Mountain,249178,761587,1000,300000,248928,761337,249428,761837,PH17,http://data.ordnancesurvey.co.uk/id/postcodedistrict/PH17,,,,,,,Perth and Kinross,http://data.ordnancesurvey.co.uk/id/7000000000030110,http://data.ordnancesurvey.co.uk/ontology/admingeo/UnitaryAuthority,Scotland,http://data.ordnancesurvey.co.uk/id/7000000000041429,Scotland,http://data.ordnancesurvey.co.uk/id/country/scotland,,,
osgb4000000074604951,http://data.ordnancesurvey.co.uk/id/4000000074604951,Meall Odhar na Fèithe Bige,,,,landform,Hill Or Mountain,258647,767965,1000,300000,258397,767715,258897,768215,PH18,http://data.ordnancesurvey.co.uk/id/postcodedistrict/PH18,,,,,,,Perth and Kinross,http://data.ordnancesurvey.co.uk/id/7000000000030110,http://data.ordnancesurvey.co.uk/ontology/admingeo/UnitaryAuthority,Scotland,http://data.ordnancesurvey.co.uk/id/7000000000041429,Scotland,http://data.ordnancesurvey.co.uk/id/country/scotland,,,
osgb4000000074799592,http://data.ordnancesurvey.co.uk/id/4000000074799592,Alder Bay,,,,hydrography,Bay,250069,767670,5000,150000,249677,767265,250461,767997,PH30,http://data.ordnancesurvey.co.uk/id/postcodedistrict/PH30,,,,,,,Perth and Kinross,http://data.ordnancesurvey.co.uk/id/7000000000030110,http://data.ordnancesurvey.co.uk/ontology/admingeo/UnitaryAuthority,Scotland,http://data.ordnancesurvey.co.uk/id/7000000000041429,Scotland,http://data.ordnancesurvey.co.uk/id/country/scotland,,,
osgb4000000074792867,http://data.ordnancesurvey.co.uk/id/4000000074792867,Dubh Lochan na Beinne Boidhich,,,,hydrography,Inland Water,256767,763266,1000,500000,256517,763011,257017,763511,PH17,http://data.ordnancesurvey.co.uk/id/postcodedistrict/PH17,,,,,,,Perth and Kinross,http://data.ordnancesurvey.co.uk/id/7000000000030110,http://data.ordnancesurvey.co.uk/ontology/admingeo/UnitaryAuthority,Scotland,http://data.ordnancesurvey.co.uk/id/7000000000041429,Scotland,http://data.ordnancesurvey.co.uk/id/country/scotland,,,
osgb4000000074717935,http://data.ordnancesurvey.co.uk/id/4000000074717935,Coire Creagach,,,,landform,Cirque Or Hollow,241661,766876,5000,30000,241294,766588,242030,767165,PH30,http://data.ordnancesurvey.co.uk/id/postcodedistrict/PH30,,,,,,,Highland,http://data.ordnancesurvey.co.uk/id/7000000000186625,http://data.ordnancesurvey.co.uk/ontology/admingeo/UnitaryAuthority,Scotland,http://data.ordnancesurvey.co.uk/id/7000000000041429,Scotland,http://data.ordnancesurvey.co.uk/id/country/scotland,,,
osgb4000000074591874,http://data.ordnancesurvey.co.uk/id/4000000074591874,Sròn na Caime,,,,landform,Hill Or Mountain,255703,761375,1000,300000,255453,761125,255953,761625,PH17,http://data.ordnancesurvey.co.uk/id/postcodedistrict/PH17,,,,,,,Perth and Kinross,http://data.ordnancesurvey.co.uk/id/7000000000030110,http://data.ordnancesurvey.co.uk/ontology/admingeo/UnitaryAuthority,Scotland,http://data.ordnancesurvey.co.uk/id/7000000000041429,Scotland,http://data.ordnancesurvey.co.uk/id/country/scotland,,,
osgb4000000074604956,http://data.ordnancesurvey.co.uk/id/4000000074604956,Stob Leathad a' Mhadaidh,,,,landform,Hill Or Mountain,259666,768918,1000,300000,259416,768668,259916,769168,PH18,http://data.ordnancesurvey.co.uk/id/postcodedistrict/PH18,,,,,,,Perth and Kinross,http://data.ordnancesurvey.co.uk/id/7000000000030110,http://data.ordnancesurvey.co.uk/ontology/admingeo/UnitaryAuthority,Scotland,http://data.ordnancesurvey.co.uk/id/7000000000041429,Scotland,http://data.ordnancesurvey.co.uk/id/country/scotland,,,
osgb4000000074604953,http://data.ordnancesurvey.co.uk/id/4000000074604953,Meall Garbh,,,,landform,Hill Or Mountain,254678,763972,1000,300000,254428,763722,254928,764222,PH17,http://data.ordnancesurvey.co.uk/id/postcodedistrict/PH17,,,,,,,Perth and Kinross,http://data.ordnancesurvey.co.uk/id/7000000000030110,http://data.ordnancesurvey.co.uk/ontology/admingeo/UnitaryAuthority,Scotland,http://data.ordnancesurvey.co.uk/id/7000000000041429,Scotland,http://data.ordnancesurvey.co.uk/id/country/scotland,,,
osgb4000000074762172,http://data.ordnancesurvey.co.uk/id/4000000074762172,Sròn na h-Eagaig,,,,landform,Other Landform,258379,769760,2000,15000,258129,769528,258629,770028,PH18,http://data.ordnancesurvey.co.uk/id/postcodedistrict/PH18,,,,,,,Perth and Kinross,http://data.ordnancesurvey.co.uk/id/7000000000030110,http://data.ordnancesurvey.co.uk/ontology/admingeo/UnitaryAuthority,Scotland,http://data.ordnancesurvey.co.uk/id/7000000000041429,Scotland,http://data.ordnancesurvey.co.uk/id/country/scotland,,,
osgb4000000074719145,http://data.ordnancesurvey.co.uk/id/4000000074719145,Coire nan Nead,,,,landform,Cirque Or Hollow,242168,773291,3000,30000,241917,773041,242417,773541,PH30,http://data.ordnancesurvey.co.uk/id/postcodedistrict/PH30,,,,,,,Highland,http://data.ordnancesurvey.co.uk/id/7000000000186625,http://data.ordnancesurvey.co.uk/ontology/admingeo/UnitaryAuthority,Scotland,http://data.ordnancesurvey.co.uk/id/7000000000041429,Scotland,http://data.ordnancesurvey.co.uk/id/country/scotland,,,
osgb4000000074745718,http://data.ordnancesurvey.co.uk/id/4000000074745718,Ben Alder Forest,,,,landcover,Other Landcover,252077,775961,104000,1300000,246547,767937,261460,783985,PH19,http://data.ordnancesurvey.co.uk/id/postcodedistrict/PH19,,,,,,,Highland,http://data.ordnancesurvey.co.uk/id/7000000000186625,http://data.ordnancesurvey.co.uk/ontology/admingeo/UnitaryAuthority,Scotland,http://data.ordnancesurvey.co.uk/id/7000000000041429,Scotland,http://data.ordnancesurvey.co.uk/id/country/scotland,,,
osgb4000000074606237,http://data.ordnancesurvey.co.uk/id/4000000074606237,Ruigh Dubh Cloinne Chatnach,,,,landform,Hill Or Mountain,243363,777162,1000,300000,243113,776912,243613,777412,PH31,http://data.ordnancesurvey.co.uk/id/postcodedistrict/PH31,,,,,,,Highland,http://data.ordnancesurvey.co.uk/id/7000000000186625,http://data.ordnancesurvey.co.uk/ontology/admingeo/UnitaryAuthority,Scotland,http://data.ordnancesurvey.co.uk/id/7000000000041429,Scotland,http://data.ordnancesurvey.co.uk/id/country/scotland,,,
osgb4000000074603285,http://data.ordnancesurvey.co.uk/id/4000000074603285,Meall Liath na Doire Mòire,,,,landform,Hill Or Mountain,248608,761071,1000,300000,248358,760821,248858,761321,PH17,http://data.ordnancesurvey.co.uk/id/postcodedistrict/PH17,,,,,,,Perth and Kinross,http://data.ordnancesurvey.co.uk/id/7000000000030110,http://data.ordnancesurvey.co.uk/ontology/admingeo/UnitaryAuthority,Scotland,http://data.ordnancesurvey.co.uk/id/7000000000041429,Scotland,http://data.ordnancesurvey.co.uk/id/country/scotland,,,
osgb4000000074793633,http://data.ordnancesurvey.co.uk/id/4000000074793633,Loch an Sgòir,,,,hydrography,Inland Water,248936,774955,4000,500000,248623,774705,249262,775205,PH30,http://data.ordnancesurvey.co.uk/id/postcodedistrict/PH30,,,,,,,Highland,http://data.ordnancesurvey.co.uk/id/7000000000186625,http://data.ordnancesurvey.co.uk/ontology/admingeo/UnitaryAuthority,Scotland,http://data.ordnancesurvey.co.uk/id/7000000000041429,Scotland,http://data.ordnancesurvey.co.uk/id/country/scotland,,,
osgb4000000074778539,http://data.ordnancesurvey.co.uk/id/4000000074778539,Sròn Gharbh,,,,landform,Other Landform,247242,775406,3000,15000,246992,775177,247492,775677,PH30,http://data.ordnancesurvey.co.uk/id/postcodedistrict/PH30,,,,,,,Highland,http://data.ordnancesurvey.co.uk/id/7000000000186625,http://data.ordnancesurvey.co.uk/ontology/admingeo/UnitaryAuthority,Scotland,http://data.ordnancesurvey.co.uk/id/7000000000041429,Scotland,http://data.ordnancesurvey.co.uk/id/country/scotland,,,
osgb4000000074793583,http://data.ordnancesurvey.co.uk/id/4000000074793583,Lochan Liath Dhoireachan,,,,hydrography,Inland Water,249240,762525,1000,500000,248990,762275,249490,762775,PH17,http://data.ordnancesurvey.co.uk/id/postcodedistrict/PH17,,,,,,,Perth and Kinross,http://data.ordnancesurvey.co.uk/id/7000000000030110,http://data.ordnancesurvey.co.uk/ontology/admingeo/UnitaryAuthority,Scotland,http://data.ordnancesurvey.co.uk/id/7000000000041429,Scotland,http://data.ordnancesurvey.co.uk/id/country/scotland,,,
osgb4000000074604952,http://data.ordnancesurvey.co.uk/id/4000000074604952,Glas Mheall Mòr,,,,landform,Hill Or Mountain,256333,767305,1000,300000,256083,767055,256583,767555,PH17,http://data.ordnancesurvey.co.uk/id/postcodedistrict/PH17,,,,,,,Perth and Kinross,http://data.ordnancesurvey.co.uk/id/7000000000030110,http://data.ordnancesurvey.co.uk/ontology/admingeo/UnitaryAuthority,Scotland,http://data.ordnancesurvey.co.uk/id/7000000000041429,Scotland,http://data.ordnancesurvey.co.uk/id/country/scotland,,,
osgb4000000074792938,http://data.ordnancesurvey.co.uk/id/4000000074792938,Lochan Dubh,,,,hydrography,Inland Water,250480,772546,1000,500000,250239,772296,250739,772796,PH19,http://data.ordnancesurvey.co.uk/id/postcodedistrict/PH19,,,,,,,Highland,http://data.ordnancesurvey.co.uk/id/7000000000186625,http://data.ordnancesurvey.co.uk/ontology/admingeo/UnitaryAuthority,Scotland,http://data.ordnancesurvey.co.uk/id/7000000000041429,Scotland,http://data.ordnancesurvey.co.uk/id/country/scotland,,,
osgb4000000074718389,http://data.ordnancesurvey.co.uk/id/4000000074718389,Coire Mheugaidh,,,,landform,Cirque Or Hollow,253644,761346,3000,30000,253390,761096,253898,761596,PH17,http://data.ordnancesurvey.co.uk/id/postcodedistrict/PH17,,,,,,,Perth and Kinross,http://data.ordnancesurvey.co.uk/id/7000000000030110,http://data.ordnancesurvey.co.uk/ontology/admingeo/UnitaryAuthority,Scotland,http://data.ordnancesurvey.co.uk/id/7000000000041429,Scotland,http://data.ordnancesurvey.co.uk/id/country/scotland,,,
osgb4000000074604550,http://data.ordnancesurvey.co.uk/id/4000000074604550,Sgòr Gaibhre,,,,landform,Hill Or Mountain,244488,767441,1000,300000,244238,767191,244738,767691,PH30,http://data.ordnancesurvey.co.uk/id/postcodedistrict/PH30,,,,,,,Perth and Kinross,http://data.ordnancesurvey.co.uk/id/7000000000030110,http://data.ordnancesurvey.co.uk/ontology/admingeo/UnitaryAuthority,Scotland,http://data.ordnancesurvey.co.uk/id/7000000000041429,Scotland,http://data.ordnancesurvey.co.uk/id/country/scotland,,,
osgb4000000074604968,http://data.ordnancesurvey.co.uk/id/4000000074604968,Meall a' Bhealaich,,,,landform,Hill Or Mountain,245249,769510,1000,300000,244999,769260,245499,769760,PH30,http://data.ordnancesurvey.co.uk/id/postcodedistrict/PH30,,,,,,,Perth and Kinross,http://data.ordnancesurvey.co.uk/id/7000000000030110,http://data.ordnancesurvey.co.uk/ontology/admingeo/UnitaryAuthority,Scotland,http://data.ordnancesurvey.co.uk/id/7000000000041429,Scotland,http://data.ordnancesurvey.co.uk/id/country/scotland,,,
osgb4000000074588660,http://data.ordnancesurvey.co.uk/id/4000000074588660,Coire Buidhe,,,,landform,Cirque Or Hollow,245638,763601,3000,30000,245375,763352,245909,763852,PH17,http://data.ordnancesurvey.co.uk/id/postcodedistrict/PH17,,,,,,,Perth and Kinross,http://data.ordnancesurvey.co.uk/id/7000000000030110,http://data.ordnancesurvey.co.uk/ontology/admingeo/UnitaryAuthority,Scotland,http://data.ordnancesurvey.co.uk/id/7000000000041429,Scotland,http://data.ordnancesurvey.co.uk/id/country/scotland,,,
osgb4000000074591921,http://data.ordnancesurvey.co.uk/id/4000000074591921,Sròn na Saobhaidhe,,,,landform,Hill Or Mountain,245763,769203,1000,300000,245513,768953,246013,769453,PH30,http://data.ordnancesurvey.co.uk/id/postcodedistrict/PH30,,,,,,,Perth and Kinross,http://data.ordnancesurvey.co.uk/id/7000000000030110,http://data.ordnancesurvey.co.uk/ontology/admingeo/UnitaryAuthority,Scotland,http://data.ordnancesurvey.co.uk/id/7000000000041429,Scotland,http://data.ordnancesurvey.co.uk/id/country/scotland,,,
osgb4000000074718646,http://data.ordnancesurvey.co.uk/id/4000000074718646,Coire na h-Iolaire,,,,landform,Cirque Or Hollow,251746,770838,3000,30000,251488,770588,251988,771088,PH19,http://data.ordnancesurvey.co.uk/id/postcodedistrict/PH19,,,,,,,Highland,http://data.ordnancesurvey.co.uk/id/7000000000186625,http://data.ordnancesurvey.co.uk/ontology/admingeo/UnitaryAuthority,Scotland,http://data.ordnancesurvey.co.uk/id/7000000000041429,Scotland,http://data.ordnancesurvey.co.uk/id/country/scotland,,,
osgb4000000074792901,http://data.ordnancesurvey.co.uk/id/4000000074792901,Loch an t-Searraich,,,,hydrography,Inland Water,257176,773175,1000,500000,256926,772923,257426,773423,PH19,http://data.ordnancesurvey.co.uk/id/postcodedistrict/PH19,,,,,,,Highland,http://data.ordnancesurvey.co.uk/id/7000000000186625,http://data.ordnancesurvey.co.uk/ontology/admingeo/UnitaryAuthority,Scotland,http://data.ordnancesurvey.co.uk/id/7000000000041429,Scotland,http://data.ordnancesurvey.co.uk/id/country/scotland,,,
osgb4000000074605820,http://data.ordnancesurvey.co.uk/id/4000000074605820,Ruigh Raonuill,,,,landform,Hill Or Mountain,243379,776689,1000,300000,243129,776439,243629,776939,PH30,http://data.ordnancesurvey.co.uk/id/postcodedistrict/PH30,,,,,,,Highland,http://data.ordnancesurvey.co.uk/id/7000000000186625,http://data.ordnancesurvey.co.uk/ontology/admingeo/UnitaryAuthority,Scotland,http://data.ordnancesurvey.co.uk/id/7000000000041429,Scotland,http://data.ordnancesurvey.co.uk/id/country/scotland,,,
osgb4000000074719201,http://data.ordnancesurvey.co.uk/id/4000000074719201,Coire na Còsaig,,,,landform,Cirque Or Hollow,243001,773922,4000,30000,242659,773605,243328,774240,PH30,http://data.ordnancesurvey.co.uk/id/postcodedistrict/PH30,,,,,,,Highland,http://data.ordnancesurvey.co.uk/id/7000000000186625,http://data.ordnancesurvey.co.uk/ontology/admingeo/UnitaryAuthority,Scotland,http://data.ordnancesurvey.co.uk/id/7000000000041429,Scotland,http://data.ordnancesurvey.co.uk/id/country/scotland,,,
osgb4000000074726174,http://data.ordnancesurvey.co.uk/id/4000000074726174,Coire Odhar Mòr,,,,landform,Valley,254948,765986,6000,800000,254479,765704,255425,766269,PH17,http://data.ordnancesurvey.co.uk/id/postcodedistrict/PH17,,,,,,,Perth and Kinross,http://data.ordnancesurvey.co.uk/id/7000000000030110,http://data.ordnancesurvey.co.uk/ontology/admingeo/UnitaryAuthority,Scotland,http://data.ordnancesurvey.co.uk/id/7000000000041429,Scotland,http://data.ordnancesurvey.co.uk/id/country/scotland,,,
osgb4000000074604536,http://data.ordnancesurvey.co.uk/id/4000000074604536,Beinn Mholach,,,,landform,Hill Or Mountain,258734,765493,1000,300000,258484,765243,258984,765743,PH17,http://data.ordnancesurvey.co.uk/id/postcodedistrict/PH17,,,,,,,Perth and Kinross,http://data.ordnancesurvey.co.uk/id/7000000000030110,http://data.ordnancesurvey.co.uk/ontology/admingeo/UnitaryAuthority,Scotland,http://data.ordnancesurvey.co.uk/id/7000000000041429,Scotland,http://data.ordnancesurvey.co.uk/id/country/scotland,,,
osgb4000000074745475,http://data.ordnancesurvey.co.uk/id/4000000074745475,Talla Bheith Forest,,,,landcover,Other Landcover,254393,767354,70000,1300000,250312,761324,258475,772143,PH17,http://data.ordnancesurvey.co.uk/id/postcodedistrict/PH17,,,,,,,Perth and Kinross,http://data.ordnancesurvey.co.uk/id/7000000000030110,http://data.ordnancesurvey.co.uk/ontology/admingeo/UnitaryAuthority,Scotland,http://data.ordnancesurvey.co.uk/id/7000000000041429,Scotland,http://data.ordnancesurvey.co.uk/id/country/scotland,,,
osgb4000000074603270,http://data.ordnancesurvey.co.uk/id/4000000074603270,Leathad nan Craobh Fearna,,,,landform,Hill Or Mountain,257995,760601,1000,300000,257745,760351,258245,760851,PH17,http://data.ordnancesurvey.co.uk/id/postcodedistrict/PH17,,,,,,,Perth and Kinross,http://data.ordnancesurvey.co.uk/id/7000000000030110,http://data.ordnancesurvey.co.uk/ontology/admingeo/UnitaryAuthority,Scotland,http://data.ordnancesurvey.co.uk/id/7000000000041429,Scotland,http://data.ordnancesurvey.co.uk/id/country/scotland,,,
osgb4000000074734395,http://data.ordnancesurvey.co.uk/id/4000000074734395,Corrour Forest,,,,landcover,Other Landcover,240292,766979,88000,1300000,234158,760754,247700,773205,PH30,http://data.ordnancesurvey.co.uk/id/postcodedistrict/PH30,,,,,,,Highland,http://data.ordnancesurvey.co.uk/id/7000000000186625,http://data.ordnancesurvey.co.uk/ontology/admingeo/UnitaryAuthority,Scotland,http://data.ordnancesurvey.co.uk/id/7000000000041429,Scotland,http://data.ordnancesurvey.co.uk/id/country/scotland,,,
osgb4000000074718390,http://data.ordnancesurvey.co.uk/id/4000000074718390,Coire a' Mhòr-Fhir,,,,landform,Cirque Or Hollow,252255,761701,2000,30000,252003,761451,252503,761951,PH17,http://data.ordnancesurvey.co.uk/id/postcodedistrict/PH17,,,,,,,Perth and Kinross,http://data.ordnancesurvey.co.uk/id/7000000000030110,http://data.ordnancesurvey.co.uk/ontology/admingeo/UnitaryAuthority,Scotland,http://data.ordnancesurvey.co.uk/id/7000000000041429,Scotland,http://data.ordnancesurvey.co.uk/id/country/scotland,,,
osgb4000000074604537,http://data.ordnancesurvey.co.uk/id/4000000074604537,Beinn Bhoidheach,,,,landform,Hill Or Mountain,256712,765572,1000,300000,256462,765322,256962,765822,PH17,http://data.ordnancesurvey.co.uk/id/postcodedistrict/PH17,,,,,,,Perth and Kinross,http://data.ordnancesurvey.co.uk/id/7000000000030110,http://data.ordnancesurvey.co.uk/ontology/admingeo/UnitaryAuthority,Scotland,http://data.ordnancesurvey.co.uk/id/7000000000041429,Scotland,http://data.ordnancesurvey.co.uk/id/country/scotland,,,
osgb4000000074605381,http://data.ordnancesurvey.co.uk/id/4000000074605381,Meall Nathrach Mòr,,,,landform,Hill Or Mountain,243314,768810,1000,300000,243064,768560,243564,769060,PH30,http://data.ordnancesurvey.co.uk/id/postcodedistrict/PH30,,,,,,,Highland,http://data.ordnancesurvey.co.uk/id/7000000000186625,http://data.ordnancesurvey.co.uk/ontology/admingeo/UnitaryAuthority,Scotland,http://data.ordnancesurvey.co.uk/id/7000000000041429,Scotland,http://data.ordnancesurvey.co.uk/id/country/scotland,,,
osgb4000000074719195,http://data.ordnancesurvey.co.uk/id/4000000074719195,Coire na h-Eiginn,,,,landform,Cirque Or Hollow,248687,772389,4000,30000,248403,772139,248970,772639,PH30,http://data.ordnancesurvey.co.uk/id/postcodedistrict/PH30,,,,,,,Highland,http://data.ordnancesurvey.co.uk/id/7000000000186625,http://data.ordnancesurvey.co.uk/ontology/admingeo/UnitaryAuthority,Scotland,http://data.ordnancesurvey.co.uk/id/7000000000041429,Scotland,http://data.ordnancesurvey.co.uk/id/country/scotland,,,
osgb4000000074719137,http://data.ordnancesurvey.co.uk/id/4000000074719137,Coire nan Goimach,,,,landform,Cirque Or Hollow,245199,763020,5000,30000,244831,762754,245554,763286,PH17,http://data.ordnancesurvey.co.uk/id/postcodedistrict/PH17,,,,,,,Perth and Kinross,http://data.ordnancesurvey.co.uk/id/7000000000030110,http://data.ordnancesurvey.co.uk/ontology/admingeo/UnitaryAuthority,Scotland,http://data.ordnancesurvey.co.uk/id/7000000000041429,Scotland,http://data.ordnancesurvey.co.uk/id/country/scotland,,,
osgb4000000074718552,http://data.ordnancesurvey.co.uk/id/4000000074718552,Coire Bhachdaidh,,,,landform,Valley,255416,771286,8000,800000,255112,770618,255720,771851,PH19,http://data.ordnancesurvey.co.uk/id/postcodedistrict/PH19,,,,,,,Perth and Kinross,http://data.ordnancesurvey.co.uk/id/7000000000030110,http://data.ordnancesurvey.co.uk/ontology/admingeo/UnitaryAuthority,Scotland,http://data.ordnancesurvey.co.uk/id/7000000000041429,Scotland,http://data.ordnancesurvey.co.uk/id/country/scotland,,,
osgb4000000074591117,http://data.ordnancesurvey.co.uk/id/4000000074591117,An Lairig,,,,landform,Valley,251007,778240,11000,800000,249879,777853,251562,778627,PH19,http://data.ordnancesurvey.co.uk/id/postcodedistrict/PH19,,,,,,,Highland,http://data.ordnancesurvey.co.uk/id/7000000000186625,http://data.ordnancesurvey.co.uk/ontology/admingeo/UnitaryAuthority,Scotland,http://data.ordnancesurvey.co.uk/id/7000000000041429,Scotland,http://data.ordnancesurvey.co.uk/id/country/scotland,,,
osgb4000000074815816,http://data.ordnancesurvey.co.uk/id/4000000074815816,Beinn Pharlagain,,,,landform,Hill Or Mountain,244565,762833,1000,300000,244315,762583,244815,763083,PH17,http://data.ordnancesurvey.co.uk/id/postcodedistrict/PH17,,,,,,,Perth and Kinross,http://data.ordnancesurvey.co.uk/id/7000000000030110,http://data.ordnancesurvey.co.uk/ontology/admingeo/UnitaryAuthority,Scotland,http://data.ordnancesurvey.co.uk/id/7000000000041429,Scotland,http://data.ordnancesurvey.co.uk/id/country/scotland,,,
osgb4000000074793681,http://data.ordnancesurvey.co.uk/id/4000000074793681,Loch Ghuilbinn,,,,hydrography,Inland Water,241445,774417,8000,500000,241006,773851,241885,775016,PH30,http://data.ordnancesurvey.co.uk/id/postcodedistrict/PH30,,,,,,,Highland,http://data.ordnancesurvey.co.uk/id/7000000000186625,http://data.ordnancesurvey.co.uk/ontology/admingeo/UnitaryAuthority,Scotland,http://data.ordnancesurvey.co.uk/id/7000000000041429,Scotland,http://data.ordnancesurvey.co.uk/id/country/scotland,,,
osgb4000000074605807,http://data.ordnancesurvey.co.uk/id/4000000074605807,Meall Beag,,,,landform,Hill Or Mountain,255454,777847,1000,300000,255204,777597,255704,778097,PH19,http://data.ordnancesurvey.co.uk/id/postcodedistrict/PH19,,,,,,,Highland,http://data.ordnancesurvey.co.uk/id/7000000000186625,http://data.ordnancesurvey.co.uk/ontology/admingeo/UnitaryAuthority,Scotland,http://data.ordnancesurvey.co.uk/id/7000000000041429,Scotland,http://data.ordnancesurvey.co.uk/id/country/scotland,,,
osgb4000000074598941,http://data.ordnancesurvey.co.uk/id/4000000074598941,Coire Odhar Beag,,,,landform,Cirque Or Hollow,240360,766854,5000,30000,239962,766604,240756,767104,PH30,http://data.ordnancesurvey.co.uk/id/postcodedistrict/PH30,,,,,,,Highland,http://data.ordnancesurvey.co.uk/id/7000000000186625,http://data.ordnancesurvey.co.uk/ontology/admingeo/UnitaryAuthority,Scotland,http://data.ordnancesurvey.co.uk/id/7000000000041429,Scotland,http://data.ordnancesurvey.co.uk/id/country/scotland,,,
osgb4000000074719200,http://data.ordnancesurvey.co.uk/id/4000000074719200,Coire Gorm,,,,landform,Cirque Or Hollow,244125,774034,3000,30000,243868,773784,244368,774284,PH30,http://data.ordnancesurvey.co.uk/id/postcodedistrict/PH30,,,,,,,Highland,http://data.ordnancesurvey.co.uk/id/7000000000186625,http://data.ordnancesurvey.co.uk/ontology/admingeo/UnitaryAuthority,Scotland,http://data.ordnancesurvey.co.uk/id/7000000000041429,Scotland,http://data.ordnancesurvey.co.uk/id/country/scotland,,,
osgb4000000074805457,http://data.ordnancesurvey.co.uk/id/4000000074805457,Loch a' Bhealaich Bheithe,,,,hydrography,Inland Water,250925,771530,10000,500000,250536,771166,251314,772758,PH30,http://data.ordnancesurvey.co.uk/id/postcodedistrict/PH30,,,,,,,Highland,http://data.ordnancesurvey.co.uk/id/7000000000186625,http://data.ordnancesurvey.co.uk/ontology/admingeo/UnitaryAuthority,Scotland,http://data.ordnancesurvey.co.uk/id/7000000000041429,Scotland,http://data.ordnancesurvey.co.uk/id/country/scotland,,,
osgb4000000074792937,http://data.ordnancesurvey.co.uk/id/4000000074792937,Lochan Uisge,,,,hydrography,Inland Water,252672,771894,1000,500000,252428,771644,252928,772144,PH19,http://data.ordnancesurvey.co.uk/id/postcodedistrict/PH19,,,,,,,Highland,http://data.ordnancesurvey.co.uk/id/7000000000186625,http://data.ordnancesurvey.co.uk/ontology/admingeo/UnitaryAuthority,Scotland,http://data.ordnancesurvey.co.uk/id/7000000000041429,Scotland,http://data.ordnancesurvey.co.uk/id/country/scotland,,,
osgb4000000074604965,http://data.ordnancesurvey.co.uk/id/4000000074604965,Meall na Leitire Duibhe,,,,landform,Hill Or Mountain,241110,766923,1000,300000,240860,766673,241360,767173,PH30,http://data.ordnancesurvey.co.uk/id/postcodedistrict/PH30,,,,,,,Highland,http://data.ordnancesurvey.co.uk/id/7000000000186625,http://data.ordnancesurvey.co.uk/ontology/admingeo/UnitaryAuthority,Scotland,http://data.ordnancesurvey.co.uk/id/7000000000041429,Scotland,http://data.ordnancesurvey.co.uk/id/country/scotland,,,
osgb4000000074606225,http://data.ordnancesurvey.co.uk/id/4000000074606225,Meallan Odhar,,,,landform,Hill Or Mountain,252691,779933,1000,300000,252441,779683,252941,780183,PH19,http://data.ordnancesurvey.co.uk/id/postcodedistrict/PH19,,,,,,,Highland,http://data.ordnancesurvey.co.uk/id/7000000000186625,http://data.ordnancesurvey.co.uk/ontology/admingeo/UnitaryAuthority,Scotland,http://data.ordnancesurvey.co.uk/id/7000000000041429,Scotland,http://data.ordnancesurvey.co.uk/id/country/scotland,,,
osgb4000000074591967,http://data.ordnancesurvey.co.uk/id/4000000074591967,Geal-Charn,,,,landform,Hill Or Mountain,259639,778261,1000,300000,259389,778011,259889,778511,PH19,http://data.ordnancesurvey.co.uk/id/postcodedistrict/PH19,,,,,,,Highland,http://data.ordnancesurvey.co.uk/id/7000000000186625,http://data.ordnancesurvey.co.uk/ontology/admingeo/UnitaryAuthority,Scotland,http://data.ordnancesurvey.co.uk/id/7000000000041429,Scotland,http://data.ordnancesurvey.co.uk/id/country/scotland,,,
osgb4000000074591942,http://data.ordnancesurvey.co.uk/id/4000000074591942,Beinn a' Chumhainn,,,,landform,Hill Or Mountain,246269,771041,1000,300000,246019,770791,246519,771291,PH30,http://data.ordnancesurvey.co.uk/id/postcodedistrict/PH30,,,,,,,Highland,http://data.ordnancesurvey.co.uk/id/7000000000186625,http://data.ordnancesurvey.co.uk/ontology/admingeo/UnitaryAuthority,Scotland,http://data.ordnancesurvey.co.uk/id/7000000000041429,Scotland,http://data.ordnancesurvey.co.uk/id/country/scotland,,,
osgb4000000074622082,http://data.ordnancesurvey.co.uk/id/4000000074622082,Glas Mheall a' Chumhainn,,,,landform,Hill Or Mountain,257256,769693,1000,300000,257006,769443,257506,769943,PH18,http://data.ordnancesurvey.co.uk/id/postcodedistrict/PH18,,,,,,,Perth and Kinross,http://data.ordnancesurvey.co.uk/id/7000000000030110,http://data.ordnancesurvey.co.uk/ontology/admingeo/UnitaryAuthority,Scotland,http://data.ordnancesurvey.co.uk/id/7000000000041429,Scotland,http://data.ordnancesurvey.co.uk/id/country/scotland,,,
osgb4000000074605369,http://data.ordnancesurvey.co.uk/id/4000000074605369,An Sgùlan,,,,landform,Hill Or Mountain,257034,772203,1000,300000,256784,771953,257284,772453,PH19,http://data.ordnancesurvey.co.uk/id/postcodedistrict/PH19,,,,,,,Perth and Kinross,http://data.ordnancesurvey.co.uk/id/7000000000030110,http://data.ordnancesurvey.co.uk/ontology/admingeo/UnitaryAuthority,Scotland,http://data.ordnancesurvey.co.uk/id/7000000000041429,Scotland,http://data.ordnancesurvey.co.uk/id/country/scotland,,,
osgb4000000074605384,http://data.ordnancesurvey.co.uk/id/4000000074605384,Meall Glas-uaine Mòr,,,,landform,Hill Or Mountain,240411,771211,1000,300000,240161,770961,240661,771461,PH30,http://data.ordnancesurvey.co.uk/id/postcodedistrict/PH30,,,,,,,Highland,http://data.ordnancesurvey.co.uk/id/7000000000186625,http://data.ordnancesurvey.co.uk/ontology/admingeo/UnitaryAuthority,Scotland,http://data.ordnancesurvey.co.uk/id/7000000000041429,Scotland,http://data.ordnancesurvey.co.uk/id/country/scotland,,,
osgb4000000074718855,http://data.ordnancesurvey.co.uk/id/4000000074718855,Coire Cheap,,,,landform,Cirque Or Hollow,248031,775673,4000,30000,247715,775423,248352,775923,PH30,http://data.ordnancesurvey.co.uk/id/postcodedistrict/PH30,,,,,,,Highland,http://data.ordnancesurvey.co.uk/id/7000000000186625,http://data.ordnancesurvey.co.uk/ontology/admingeo/UnitaryAuthority,Scotland,http://data.ordnancesurvey.co.uk/id/7000000000041429,Scotland,http://data.ordnancesurvey.co.uk/id/country/scotland,,,
osgb4000000074605387,http://data.ordnancesurvey.co.uk/id/4000000074605387,Mullach Coire nan Nead,,,,landform,Hill Or Mountain,243033,773437,1000,300000,242783,773187,243283,773687,PH30,http://data.ordnancesurvey.co.uk/id/postcodedistrict/PH30,,,,,,,Highland,http://data.ordnancesurvey.co.uk/id/7000000000186625,http://data.ordnancesurvey.co.uk/ontology/admingeo/UnitaryAuthority,Scotland,http://data.ordnancesurvey.co.uk/id/7000000000041429,Scotland,http://data.ordnancesurvey.co.uk/id/country/scotland,,,
osgb4000000074614727,http://data.ordnancesurvey.co.uk/id/4000000074614727,Eilean Lùb Mairi,,,,landform,Island,241145,772624,1000,800000,240899,772374,241399,772874,PH30,http://data.ordnancesurvey.co.uk/id/postcodedistrict/PH30,,,,,,,Highland,http://data.ordnancesurvey.co.uk/id/7000000000186625,http://data.ordnancesurvey.co.uk/ontology/admingeo/UnitaryAuthority,Scotland,http://data.ordnancesurvey.co.uk/id/7000000000041429,Scotland,http://data.ordnancesurvey.co.uk/id/country/scotland,,,
osgb4000000074603272,http://data.ordnancesurvey.co.uk/id/4000000074603272,Meall Gorm,,,,landform,Hill Or Mountain,253431,760180,1000,300000,253181,759930,253681,760430,PH17,http://data.ordnancesurvey.co.uk/id/postcodedistrict/PH17,,,,,,,Perth and Kinross,http://data.ordnancesurvey.co.uk/id/7000000000030110,http://data.ordnancesurvey.co.uk/ontology/admingeo/UnitaryAuthority,Scotland,http://data.ordnancesurvey.co.uk/id/7000000000041429,Scotland,http://data.ordnancesurvey.co.uk/id/country/scotland,,,
osgb4000000074591911,http://data.ordnancesurvey.co.uk/id/4000000074591911,Sròn Coire na h-Iolaire,,,,landform,Hill Or Mountain,251306,770450,1000,300000,251056,770200,251556,770700,PH30,http://data.ordnancesurvey.co.uk/id/postcodedistrict/PH30,,,,,,,Highland,http://data.ordnancesurvey.co.uk/id/7000000000186625,http://data.ordnancesurvey.co.uk/ontology/admingeo/UnitaryAuthority,Scotland,http://data.ordnancesurvey.co.uk/id/7000000000041429,Scotland,http://data.ordnancesurvey.co.uk/id/country/scotland,,,
osgb4000000074793265,http://data.ordnancesurvey.co.uk/id/4000000074793265,Lochan Ruighe na Doire Macmhadagain,,,,hydrography,Inland Water,246735,760343,1000,500000,246485,760092,246985,760592,PH17,http://data.ordnancesurvey.co.uk/id/postcodedistrict/PH17,,,,,,,Perth and Kinross,http://data.ordnancesurvey.co.uk/id/7000000000030110,http://data.ordnancesurvey.co.uk/ontology/admingeo/UnitaryAuthority,Scotland,http://data.ordnancesurvey.co.uk/id/7000000000041429,Scotland,http://data.ordnancesurvey.co.uk/id/country/scotland,,,
osgb4000000074762180,http://data.ordnancesurvey.co.uk/id/4000000074762180,Carn Dearg Beag,,,,landform,Hill Or Mountain,254139,766485,1000,300000,253889,766235,254389,766735,PH17,http://data.ordnancesurvey.co.uk/id/postcodedistrict/PH17,,,,,,,Perth and Kinross,http://data.ordnancesurvey.co.uk/id/7000000000030110,http://data.ordnancesurvey.co.uk/ontology/admingeo/UnitaryAuthority,Scotland,http://data.ordnancesurvey.co.uk/id/7000000000041429,Scotland,http://data.ordnancesurvey.co.uk/id/country/scotland,,,
osgb4000000074719110,http://data.ordnancesurvey.co.uk/id/4000000074719110,Coire Fhàr,,,,landform,Cirque Or Hollow,259681,776372,4000,30000,259410,776122,259954,776622,PH19,http://data.ordnancesurvey.co.uk/id/postcodedistrict/PH19,,,,,,,Highland,http://data.ordnancesurvey.co.uk/id/7000000000186625,http://data.ordnancesurvey.co.uk/ontology/admingeo/UnitaryAuthority,Scotland,http://data.ordnancesurvey.co.uk/id/7000000000041429,Scotland,http://data.ordnancesurvey.co.uk/id/country/scotland,,,
osgb4000000074591985,http://data.ordnancesurvey.co.uk/id/4000000074591985,Sròn Leachd a' Chaorainn,,,,landform,Hill Or Mountain,242513,763337,1000,300000,242263,763087,242763,763587,PH17,http://data.ordnancesurvey.co.uk/id/postcodedistrict/PH17,,,,,,,Highland,http://data.ordnancesurvey.co.uk/id/7000000000186625,http://data.ordnancesurvey.co.uk/ontology/admingeo/UnitaryAuthority,Scotland,http://data.ordnancesurvey.co.uk/id/7000000000041429,Scotland,http://data.ordnancesurvey.co.uk/id/country/scotland,,,
osgb4000000074605794,http://data.ordnancesurvey.co.uk/id/4000000074605794,Sròn Bealach Beithe,,,,landform,Hill Or Mountain,249904,770796,1000,300000,249654,770546,250154,771046,PH30,http://data.ordnancesurvey.co.uk/id/postcodedistrict/PH30,,,,,,,Highland,http://data.ordnancesurvey.co.uk/id/7000000000186625,http://data.ordnancesurvey.co.uk/ontology/admingeo/UnitaryAuthority,Scotland,http://data.ordnancesurvey.co.uk/id/7000000000041429,Scotland,http://data.ordnancesurvey.co.uk/id/country/scotland,,,
osgb4000000074604548,http://data.ordnancesurvey.co.uk/id/4000000074604548,Meall na Meoig,,,,landform,Hill Or Mountain,244814,764212,1000,300000,244564,763962,245064,764462,PH30,http://data.ordnancesurvey.co.uk/id/postcodedistrict/PH30,,,,,,,Perth and Kinross,http://data.ordnancesurvey.co.uk/id/7000000000030110,http://data.ordnancesurvey.co.uk/ontology/admingeo/UnitaryAuthority,Scotland,http://data.ordnancesurvey.co.uk/id/7000000000041429,Scotland,http://data.ordnancesurvey.co.uk/id/country/scotland,,,
osgb4000000074718388,http://data.ordnancesurvey.co.uk/id/4000000074718388,Coire Riabhach,,,,landform,Cirque Or Hollow,255604,762010,3000,30000,255352,761760,255855,762260,PH17,http://data.ordnancesurvey.co.uk/id/postcodedistrict/PH17,,,,,,,Perth and Kinross,http://data.ordnancesurvey.co.uk/id/7000000000030110,http://data.ordnancesurvey.co.uk/ontology/admingeo/UnitaryAuthority,Scotland,http://data.ordnancesurvey.co.uk/id/7000000000041429,Scotland,http://data.ordnancesurvey.co.uk/id/country/scotland,,,
osgb4000000074792900,http://data.ordnancesurvey.co.uk/id/4000000074792900,Loch Monaidh,,,,hydrography,Inland Water,256323,768925,2000,500000,256136,768675,256636,769175,PH18,http://data.ordnancesurvey.co.uk/id/postcodedistrict/PH18,,,,,,,Perth and Kinross,http://data.ordnancesurvey.co.uk/id/7000000000030110,http://data.ordnancesurvey.co.uk/ontology/admingeo/UnitaryAuthority,Scotland,http://data.ordnancesurvey.co.uk/id/7000000000041429,Scotland,http://data.ordnancesurvey.co.uk/id/country/scotland,,,
osgb4000000074718859,http://data.ordnancesurvey.co.uk/id/4000000074718859,Rèidh Choire,,,,landform,Cirque Or Hollow,245984,778194,4000,30000,245666,777944,246297,778444,PH31,http://data.ordnancesurvey.co.uk/id/postcodedistrict/PH31,,,,,,,Highland,http://data.ordnancesurvey.co.uk/id/7000000000186625,http://data.ordnancesurvey.co.uk/ontology/admingeo/UnitaryAuthority,Scotland,http://data.ordnancesurvey.co.uk/id/7000000000041429,Scotland,http://data.ordnancesurvey.co.uk/id/country/scotland,,,
osgb4000000074605372,http://data.ordnancesurvey.co.uk/id/4000000074605372,Stob an Aonaich Mhòir,,,,landform,Hill Or Mountain,253740,769439,1000,300000,253490,769189,253990,769689,PH19,http://data.ordnancesurvey.co.uk/id/postcodedistrict/PH19,,,,,,,Perth and Kinross,http://data.ordnancesurvey.co.uk/id/7000000000030110,http://data.ordnancesurvey.co.uk/ontology/admingeo/UnitaryAuthority,Scotland,http://data.ordnancesurvey.co.uk/id/7000000000041429,Scotland,http://data.ordnancesurvey.co.uk/id/country/scotland,,,
osgb4000000074718645,http://data.ordnancesurvey.co.uk/id/4000000074718645,Coire Bhùirich,,,,landform,Valley,256098,771580,7000,800000,255575,771331,256694,771831,PH19,http://data.ordnancesurvey.co.uk/id/postcodedistrict/PH19,,,,,,,Perth and Kinross,http://data.ordnancesurvey.co.uk/id/7000000000030110,http://data.ordnancesurvey.co.uk/ontology/admingeo/UnitaryAuthority,Scotland,http://data.ordnancesurvey.co.uk/id/7000000000041429,Scotland,http://data.ordnancesurvey.co.uk/id/country/scotland,,,
osgb4000000074719136,http://data.ordnancesurvey.co.uk/id/4000000074719136,Coire Dubh Garbh,,,,landform,Cirque Or Hollow,246412,763274,5000,30000,246009,763016,246818,763532,PH17,http://data.ordnancesurvey.co.uk/id/postcodedistrict/PH17,,,,,,,Perth and Kinross,http://data.ordnancesurvey.co.uk/id/7000000000030110,http://data.ordnancesurvey.co.uk/ontology/admingeo/UnitaryAuthority,Scotland,http://data.ordnancesurvey.co.uk/id/7000000000041429,Scotland,http://data.ordnancesurvey.co.uk/id/country/scotland,,,
osgb4000000074605371,http://data.ordnancesurvey.co.uk/id/4000000074605371,Stob Loch Monaidh,,,,landform,Hill Or Mountain,255896,768639,1000,300000,255646,768389,256146,768889,PH18,http://data.ordnancesurvey.co.uk/id/postcodedistrict/PH18,,,,,,,Perth and Kinross,http://data.ordnancesurvey.co.uk/id/7000000000030110,http://data.ordnancesurvey.co.uk/ontology/admingeo/UnitaryAuthority,Scotland,http://data.ordnancesurvey.co.uk/id/7000000000041429,Scotland,http://data.ordnancesurvey.co.uk/id/country/scotland,,,
osgb4000000074591963,http://data.ordnancesurvey.co.uk/id/4000000074591963,Geal-Chàrn,,,,landform,Hill Or Mountain,246991,774628,1000,300000,246741,774378,247241,774878,PH30,http://data.ordnancesurvey.co.uk/id/postcodedistrict/PH30,,,,,,,Highland,http://data.ordnancesurvey.co.uk/id/7000000000186625,http://data.ordnancesurvey.co.uk/ontology/admingeo/UnitaryAuthority,Scotland,http://data.ordnancesurvey.co.uk/id/7000000000041429,Scotland,http://data.ordnancesurvey.co.uk/id/country/scotland,,,
osgb4000000074799578,http://data.ordnancesurvey.co.uk/id/4000000074799578,Camas Dubh,,,,hydrography,Bay,253611,772331,2000,150000,253361,772046,253861,772546,PH19,http://data.ordnancesurvey.co.uk/id/postcodedistrict/PH19,,,,,,,Highland,http://data.ordnancesurvey.co.uk/id/7000000000186625,http://data.ordnancesurvey.co.uk/ontology/admingeo/UnitaryAuthority,Scotland,http://data.ordnancesurvey.co.uk/id/7000000000041429,Scotland,http://data.ordnancesurvey.co.uk/id/country/scotland,,,
osgb4000000074603704,http://data.ordnancesurvey.co.uk/id/4000000074603704,Meall Liath na Doire Bhig,,,,landform,Hill Or Mountain,248588,762089,1000,300000,248338,761839,248838,762339,PH17,http://data.ordnancesurvey.co.uk/id/postcodedistrict/PH17,,,,,,,Perth and Kinross,http://data.ordnancesurvey.co.uk/id/7000000000030110,http://data.ordnancesurvey.co.uk/ontology/admingeo/UnitaryAuthority,Scotland,http://data.ordnancesurvey.co.uk/id/7000000000041429,Scotland,http://data.ordnancesurvey.co.uk/id/country/scotland,,,
osgb4000000074603690,http://data.ordnancesurvey.co.uk/id/4000000074603690,Meall Bàn,,,,landform,Hill Or Mountain,254523,762180,1000,300000,254273,761930,254773,762430,PH17,http://data.ordnancesurvey.co.uk/id/postcodedistrict/PH17,,,,,,,Perth and Kinross,http://data.ordnancesurvey.co.uk/id/7000000000030110,http://data.ordnancesurvey.co.uk/ontology/admingeo/UnitaryAuthority,Scotland,http://data.ordnancesurvey.co.uk/id/7000000000041429,Scotland,http://data.ordnancesurvey.co.uk/id/country/scotland,,,
osgb4000000074605370,http://data.ordnancesurvey.co.uk/id/4000000074605370,Beinn Udlamain,,,,landform,Hill Or Mountain,257953,773975,1000,300000,257703,773725,258203,774225,PH19,http://data.ordnancesurvey.co.uk/id/postcodedistrict/PH19,,,,,,,Perth and Kinross,http://data.ordnancesurvey.co.uk/id/7000000000030110,http://data.ordnancesurvey.co.uk/ontology/admingeo/UnitaryAuthority,Scotland,http://data.ordnancesurvey.co.uk/id/7000000000041429,Scotland,http://data.ordnancesurvey.co.uk/id/country/scotland,,,
osgb4000000074719111,http://data.ordnancesurvey.co.uk/id/4000000074719111,Fraoch-Choire,,,,landform,Cirque Or Hollow,258558,775330,5000,30000,258175,775077,258933,775583,PH19,http://data.ordnancesurvey.co.uk/id/postcodedistrict/PH19,,,,,,,Highland,http://data.ordnancesurvey.co.uk/id/7000000000186625,http://data.ordnancesurvey.co.uk/ontology/admingeo/UnitaryAuthority,Scotland,http://data.ordnancesurvey.co.uk/id/7000000000041429,Scotland,http://data.ordnancesurvey.co.uk/id/country/scotland,,,
osgb4000000074725970,http://data.ordnancesurvey.co.uk/id/4000000074725970,Rubha Bàn Mòr,,,,landform,Other Landform,252402,768650,1000,15000,252158,768401,252658,768901,PH17,http://data.ordnancesurvey.co.uk/id/postcodedistrict/PH17,,,,,,,Perth and Kinross,http://data.ordnancesurvey.co.uk/id/7000000000030110,http://data.ordnancesurvey.co.uk/ontology/admingeo/UnitaryAuthority,Scotland,http://data.ordnancesurvey.co.uk/id/7000000000041429,Scotland,http://data.ordnancesurvey.co.uk/id/country/scotland,,,
osgb4000000074791049,http://data.ordnancesurvey.co.uk/id/4000000074791049,Eas Bàn,,,,hydrography,Waterfall,242776,779428,1000,15000,242526,779178,243026,779678,PH31,http://data.ordnancesurvey.co.uk/id/postcodedistrict/PH31,,,,,,,Highland,http://data.ordnancesurvey.co.uk/id/7000000000186625,http://data.ordnancesurvey.co.uk/ontology/admingeo/UnitaryAuthority,Scotland,http://data.ordnancesurvey.co.uk/id/7000000000041429,Scotland,http://data.ordnancesurvey.co.uk/id/country/scotland,,,
osgb4000000074793266,http://data.ordnancesurvey.co.uk/id/4000000074793266,Lochan Sròn Smeur,,,,hydrography,Inland Water,244891,760617,6000,500000,244405,760368,245268,760868,PH17,http://data.ordnancesurvey.co.uk/id/postcodedistrict/PH17,,,,,,,Perth and Kinross,http://data.ordnancesurvey.co.uk/id/7000000000030110,http://data.ordnancesurvey.co.uk/ontology/admingeo/UnitaryAuthority,Scotland,http://data.ordnancesurvey.co.uk/id/7000000000041429,Scotland,http://data.ordnancesurvey.co.uk/id/country/scotland,,,
osgb4000000074718647,http://data.ordnancesurvey.co.uk/id/4000000074718647,Coire Bhacaidh,,,,landform,Cirque Or Hollow,255972,773930,2000,30000,255723,773681,256223,774181,PH19,http://data.ordnancesurvey.co.uk/id/postcodedistrict/PH19,,,,,,,Highland,http://data.ordnancesurvey.co.uk/id/7000000000186625,http://data.ordnancesurvey.co.uk/ontology/admingeo/UnitaryAuthority,Scotland,http://data.ordnancesurvey.co.uk/id/7000000000041429,Scotland,http://data.ordnancesurvey.co.uk/id/country/scotland,,,
osgb4000000074606240,http://data.ordnancesurvey.co.uk/id/4000000074606240,Meall Luidh Mòr,,,,landform,Hill Or Mountain,241651,779697,1000,300000,241401,779447,241901,779947,PH31,http://data.ordnancesurvey.co.uk/id/postcodedistrict/PH31,,,,,,,Highland,http://data.ordnancesurvey.co.uk/id/7000000000186625,http://data.ordnancesurvey.co.uk/ontology/admingeo/UnitaryAuthority,Scotland,http://data.ordnancesurvey.co.uk/id/7000000000041429,Scotland,http://data.ordnancesurvey.co.uk/id/country/scotland,,,
osgb4000000074719135,http://data.ordnancesurvey.co.uk/id/4000000074719135,Coire a' Ghiubhais,,,,landform,Cirque Or Hollow,246346,762414,5000,30000,245992,762158,246704,762671,PH17,http://data.ordnancesurvey.co.uk/id/postcodedistrict/PH17,,,,,,,Perth and Kinross,http://data.ordnancesurvey.co.uk/id/7000000000030110,http://data.ordnancesurvey.co.uk/ontology/admingeo/UnitaryAuthority,Scotland,http://data.ordnancesurvey.co.uk/id/7000000000041429,Scotland,http://data.ordnancesurvey.co.uk/id/country/scotland,,,
osgb4000000074792902,http://data.ordnancesurvey.co.uk/id/4000000074792902,Loch Ericht,,,,hydrography,Inland Water,255924,774921,141000,500000,248583,762589,263265,784316,PH19,http://data.ordnancesurvey.co.uk/id/postcodedistrict/PH19,,,,,,,Highland,http://data.ordnancesurvey.co.uk/id/7000000000186625,http://data.ordnancesurvey.co.uk/ontology/admingeo/UnitaryAuthority,Scotland,http://data.ordnancesurvey.co.uk/id/7000000000041429,Scotland,http://data.ordnancesurvey.co.uk/id/country/scotland,,,
osgb4000000074599136,http://data.ordnancesurvey.co.uk/id/4000000074599136,Coire na Cloiche,,,,landform,Cirque Or Hollow,245079,770223,5000,30000,244704,769974,245456,770474,PH30,http://data.ordnancesurvey.co.uk/id/postcodedistrict/PH30,,,,,,,Highland,http://data.ordnancesurvey.co.uk/id/7000000000186625,http://data.ordnancesurvey.co.uk/ontology/admingeo/UnitaryAuthority,Scotland,http://data.ordnancesurvey.co.uk/id/7000000000041429,Scotland,http://data.ordnancesurvey.co.uk/id/country/scotland,,,
osgb4000000074604549,http://data.ordnancesurvey.co.uk/id/4000000074604549,Bac na Craoibhe,,,,landform,Hill Or Mountain,247500,768641,1000,300000,247250,768391,247750,768891,PH30,http://data.ordnancesurvey.co.uk/id/postcodedistrict/PH30,,,,,,,Perth and Kinross,http://data.ordnancesurvey.co.uk/id/7000000000030110,http://data.ordnancesurvey.co.uk/ontology/admingeo/UnitaryAuthority,Scotland,http://data.ordnancesurvey.co.uk/id/7000000000041429,Scotland,http://data.ordnancesurvey.co.uk/id/country/scotland,,,
osgb4000000074792661,http://data.ordnancesurvey.co.uk/id/4000000074792661,Loch Mheugaidh,,,,hydrography,Inland Water,253201,761918,3000,500000,252951,761643,253451,762143,PH17,http://data.ordnancesurvey.co.uk/id/postcodedistrict/PH17,,,,,,,Perth and Kinross,http://data.ordnancesurvey.co.uk/id/7000000000030110,http://data.ordnancesurvey.co.uk/ontology/admingeo/UnitaryAuthority,Scotland,http://data.ordnancesurvey.co.uk/id/7000000000041429,Scotland,http://data.ordnancesurvey.co.uk/id/country/scotland,,,
osgb4000000074778620,http://data.ordnancesurvey.co.uk/id/4000000074778620,Sròn an Fhuarain,,,,landform,Other Landform,243678,774511,6000,15000,243375,774039,243981,774972,PH30,http://data.ordnancesurvey.co.uk/id/postcodedistrict/PH30,,,,,,,Highland,http://data.ordnancesurvey.co.uk/id/7000000000186625,http://data.ordnancesurvey.co.uk/ontology/admingeo/UnitaryAuthority,Scotland,http://data.ordnancesurvey.co.uk/id/7000000000041429,Scotland,http://data.ordnancesurvey.co.uk/id/country/scotland,,,
osgb4000000074734238,http://data.ordnancesurvey.co.uk/id/4000000074734238,Rannoch Forest,,,,landcover,Other Landcover,244238,762503,95000,1300000,238477,756369,250000,771009,PH17,http://data.ordnancesurvey.co.uk/id/postcodedistrict/PH17,,,,,,,Perth and Kinross,http://data.ordnancesurvey.co.uk/id/7000000000030110,http://data.ordnancesurvey.co.uk/ontology/admingeo/UnitaryAuthority,Scotland,http://data.ordnancesurvey.co.uk/id/7000000000041429,Scotland,http://data.ordnancesurvey.co.uk/id/country/scotland,,,
osgb4000000074726175,http://data.ordnancesurvey.co.uk/id/4000000074726175,Coire Odhar Beag,,,,landform,Valley,254752,764725,5000,800000,254351,764469,255148,764980,PH17,http://data.ordnancesurvey.co.uk/id/postcodedistrict/PH17,,,,,,,Perth and Kinross,http://data.ordnancesurvey.co.uk/id/7000000000030110,http://data.ordnancesurvey.co.uk/ontology/admingeo/UnitaryAuthority,Scotland,http://data.ordnancesurvey.co.uk/id/7000000000041429,Scotland,http://data.ordnancesurvey.co.uk/id/country/scotland,,,
osgb4000000074815871,http://data.ordnancesurvey.co.uk/id/4000000074815871,Sròn Ruadh,,,,landform,Other Landform,246871,773292,4000,15000,246594,773026,247164,773558,PH30,http://data.ordnancesurvey.co.uk/id/postcodedistrict/PH30,,,,,,,Highland,http://data.ordnancesurvey.co.uk/id/7000000000186625,http://data.ordnancesurvey.co.uk/ontology/admingeo/UnitaryAuthority,Scotland,http://data.ordnancesurvey.co.uk/id/7000000000041429,Scotland,http://data.ordnancesurvey.co.uk/id/country/scotland,,,
osgb4000000074604534,http://data.ordnancesurvey.co.uk/id/4000000074604534,Sgurran Dearg,,,,landform,Hill Or Mountain,259507,763803,1000,300000,259257,763553,259757,764053,PH17,http://data.ordnancesurvey.co.uk/id/postcodedistrict/PH17,,,,,,,Perth and Kinross,http://data.ordnancesurvey.co.uk/id/7000000000030110,http://data.ordnancesurvey.co.uk/ontology/admingeo/UnitaryAuthority,Scotland,http://data.ordnancesurvey.co.uk/id/7000000000041429,Scotland,http://data.ordnancesurvey.co.uk/id/country/scotland,,,
osgb4000000074591879,http://data.ordnancesurvey.co.uk/id/4000000074591879,Sròn a' Chlaonaidh,,,,landform,Hill Or Mountain,251420,765496,1000,300000,251170,765246,251670,765746,PH17,http://data.ordnancesurvey.co.uk/id/postcodedistrict/PH17,,,,,,,Perth and Kinross,http://data.ordnancesurvey.co.uk/id/7000000000030110,http://data.ordnancesurvey.co.uk/ontology/admingeo/UnitaryAuthority,Scotland,http://data.ordnancesurvey.co.uk/id/7000000000041429,Scotland,http://data.ordnancesurvey.co.uk/id/country/scotland,,,
osgb4000000074719144,http://data.ordnancesurvey.co.uk/id/4000000074719144,Coire Féith a' Mheallain,,,,landform,Cirque Or Hollow,243188,773022,4000,30000,242905,772772,243470,773272,PH30,http://data.ordnancesurvey.co.uk/id/postcodedistrict/PH30,,,,,,,Highland,http://data.ordnancesurvey.co.uk/id/7000000000186625,http://data.ordnancesurvey.co.uk/ontology/admingeo/UnitaryAuthority,Scotland,http://data.ordnancesurvey.co.uk/id/7000000000041429,Scotland,http://data.ordnancesurvey.co.uk/id/country/scotland,,,
osgb4000000074719197,http://data.ordnancesurvey.co.uk/id/4000000074719197,Coire a' Chàrra Bhig,,,,landform,Cirque Or Hollow,246175,773742,6000,30000,245756,773425,246639,774060,PH30,http://data.ordnancesurvey.co.uk/id/postcodedistrict/PH30,,,,,,,Highland,http://data.ordnancesurvey.co.uk/id/7000000000186625,http://data.ordnancesurvey.co.uk/ontology/admingeo/UnitaryAuthority,Scotland,http://data.ordnancesurvey.co.uk/id/7000000000041429,Scotland,http://data.ordnancesurvey.co.uk/id/country/scotland,,,
osgb4000000074778638,http://data.ordnancesurvey.co.uk/id/4000000074778638,Eilean Mhic a' Bhrachadaire,,,,landform,Island,241392,771946,1000,800000,241142,771695,241642,772195,PH30,http://data.ordnancesurvey.co.uk/id/postcodedistrict/PH30,,,,,,,Highland,http://data.ordnancesurvey.co.uk/id/7000000000186625,http://data.ordnancesurvey.co.uk/ontology/admingeo/UnitaryAuthority,Scotland,http://data.ordnancesurvey.co.uk/id/7000000000041429,Scotland,http://data.ordnancesurvey.co.uk/id/country/scotland,,,
osgb4000000074793634,http://data.ordnancesurvey.co.uk/id/4000000074793634,Dubh Lochan,,,,hydrography,Inland Water,246604,776696,1000,500000,246355,776446,246855,776946,PH30,http://data.ordnancesurvey.co.uk/id/postcodedistrict/PH30,,,,,,,Highland,http://data.ordnancesurvey.co.uk/id/7000000000186625,http://data.ordnancesurvey.co.uk/ontology/admingeo/UnitaryAuthority,Scotland,http://data.ordnancesurvey.co.uk/id/7000000000041429,Scotland,http://data.ordnancesurvey.co.uk/id/country/scotland,,,
osgb4000000074604967,http://data.ordnancesurvey.co.uk/id/4000000074604967,Ben Alder,,,,landform,Hill Or Mountain,249616,771856,1000,300000,249366,771606,249866,772106,PH30,http://data.ordnancesurvey.co.uk/id/postcodedistrict/PH30,,,,,,,Highland,http://data.ordnancesurvey.co.uk/id/7000000000186625,http://data.ordnancesurvey.co.uk/ontology/admingeo/UnitaryAuthority,Scotland,http://data.ordnancesurvey.co.uk/id/7000000000041429,Scotland,http://data.ordnancesurvey.co.uk/id/country/scotland,,,
osgb4000000074603691,http://data.ordnancesurvey.co.uk/id/4000000074603691,Sròn Bheag,,,,landform,Hill Or Mountain,252409,762615,1000,300000,252159,762365,252659,762865,PH17,http://data.ordnancesurvey.co.uk/id/postcodedistrict/PH17,,,,,,,Perth and Kinross,http://data.ordnancesurvey.co.uk/id/7000000000030110,http://data.ordnancesurvey.co.uk/ontology/admingeo/UnitaryAuthority,Scotland,http://data.ordnancesurvey.co.uk/id/7000000000041429,Scotland,http://data.ordnancesurvey.co.uk/id/country/scotland,,,
osgb4000000074778576,http://data.ordnancesurvey.co.uk/id/4000000074778576,Glac a' Chaise,,,,landform,Valley,254534,764232,3000,800000,254284,764015,254784,764515,PH17,http://data.ordnancesurvey.co.uk/id/postcodedistrict/PH17,,,,,,,Perth and Kinross,http://data.ordnancesurvey.co.uk/id/7000000000030110,http://data.ordnancesurvey.co.uk/ontology/admingeo/UnitaryAuthority,Scotland,http://data.ordnancesurvey.co.uk/id/7000000000041429,Scotland,http://data.ordnancesurvey.co.uk/id/country/scotland,,,
osgb4000000074726176,http://data.ordnancesurvey.co.uk/id/4000000074726176,Coire na Cloiche,,,,landform,Valley,246183,769851,2000,800000,245933,769602,246433,770102,PH30,http://data.ordnancesurvey.co.uk/id/postcodedistrict/PH30,,,,,,,Perth and Kinross,http://data.ordnancesurvey.co.uk/id/7000000000030110,http://data.ordnancesurvey.co.uk/ontology/admingeo/UnitaryAuthority,Scotland,http://data.ordnancesurvey.co.uk/id/7000000000041429,Scotland,http://data.ordnancesurvey.co.uk/id/country/scotland,,,
osgb4000000074605385,http://data.ordnancesurvey.co.uk/id/4000000074605385,Meall Glas Choire,,,,landform,Hill Or Mountain,243653,772792,1000,300000,243403,772542,243903,773042,PH30,http://data.ordnancesurvey.co.uk/id/postcodedistrict/PH30,,,,,,,Highland,http://data.ordnancesurvey.co.uk/id/7000000000186625,http://data.ordnancesurvey.co.uk/ontology/admingeo/UnitaryAuthority,Scotland,http://data.ordnancesurvey.co.uk/id/7000000000041429,Scotland,http://data.ordnancesurvey.co.uk/id/country/scotland,,,
osgb4000000074604970,http://data.ordnancesurvey.co.uk/id/4000000074604970,Sgòr Iutharn,,,,landform,Hill Or Mountain,248971,774384,1000,300000,248721,774134,249221,774634,PH30,http://data.ordnancesurvey.co.uk/id/postcodedistrict/PH30,,,,,,,Highland,http://data.ordnancesurvey.co.uk/id/7000000000186625,http://data.ordnancesurvey.co.uk/ontology/admingeo/UnitaryAuthority,Scotland,http://data.ordnancesurvey.co.uk/id/7000000000041429,Scotland,http://data.ordnancesurvey.co.uk/id/country/scotland,,,
osgb4000000074728177,http://data.ordnancesurvey.co.uk/id/4000000074728177,Coire nan Cnàmh,,,,landform,Valley,251090,769744,3000,800000,250839,769495,251339,769995,PH30,http://data.ordnancesurvey.co.uk/id/postcodedistrict/PH30,,,,,,,Highland,http://data.ordnancesurvey.co.uk/id/7000000000186625,http://data.ordnancesurvey.co.uk/ontology/admingeo/UnitaryAuthority,Scotland,http://data.ordnancesurvey.co.uk/id/7000000000041429,Scotland,http://data.ordnancesurvey.co.uk/id/country/scotland,,,
osgb4000000074591984,http://data.ordnancesurvey.co.uk/id/4000000074591984,Sgòr Choinnich,,,,landform,Hill Or Mountain,244351,768312,1000,300000,244101,768062,244601,768562,PH30,http://data.ordnancesurvey.co.uk/id/postcodedistrict/PH30,,,,,,,Perth and Kinross,http://data.ordnancesurvey.co.uk/id/7000000000030110,http://data.ordnancesurvey.co.uk/ontology/admingeo/UnitaryAuthority,Scotland,http://data.ordnancesurvey.co.uk/id/7000000000041429,Scotland,http://data.ordnancesurvey.co.uk/id/country/scotland,,,
osgb4000000074719141,http://data.ordnancesurvey.co.uk/id/4000000074719141,Coire a' Bhealaich,,,,landform,Cirque Or Hollow,244250,769360,6000,30000,243810,769110,244691,769610,PH30,http://data.ordnancesurvey.co.uk/id/postcodedistrict/PH30,,,,,,,Highland,http://data.ordnancesurvey.co.uk/id/7000000000186625,http://data.ordnancesurvey.co.uk/ontology/admingeo/UnitaryAuthority,Scotland,http://data.ordnancesurvey.co.uk/id/7000000000041429,Scotland,http://data.ordnancesurvey.co.uk/id/country/scotland,,,
osgb4000000074603705,http://data.ordnancesurvey.co.uk/id/4000000074603705,Sròn Smeur,,,,landform,Hill Or Mountain,245182,760168,1000,300000,244932,759918,245432,760418,PH17,http://data.ordnancesurvey.co.uk/id/postcodedistrict/PH17,,,,,,,Perth and Kinross,http://data.ordnancesurvey.co.uk/id/7000000000030110,http://data.ordnancesurvey.co.uk/ontology/admingeo/UnitaryAuthority,Scotland,http://data.ordnancesurvey.co.uk/id/7000000000041429,Scotland,http://data.ordnancesurvey.co.uk/id/country/scotland,,,
osgb4000000074805947,http://data.ordnancesurvey.co.uk/id/4000000074805947,Lochan Lòin nan Donnlaich,,,,hydrography,Inland Water,246872,761131,4000,500000,246556,760743,247188,761414,PH17,http://data.ordnancesurvey.co.uk/id/postcodedistrict/PH17,,,,,,,Perth and Kinross,http://data.ordnancesurvey.co.uk/id/7000000000030110,http://data.ordnancesurvey.co.uk/ontology/admingeo/UnitaryAuthority,Scotland,http://data.ordnancesurvey.co.uk/id/7000000000041429,Scotland,http://data.ordnancesurvey.co.uk/id/country/scotland,,,
osgb4000000074718648,http://data.ordnancesurvey.co.uk/id/4000000074718648,Rèidh-Choire,,,,landform,Cirque Or Hollow,252111,772139,3000,30000,251859,771889,252359,772389,PH19,http://data.ordnancesurvey.co.uk/id/postcodedistrict/PH19,,,,,,,Highland,http://data.ordnancesurvey.co.uk/id/7000000000186625,http://data.ordnancesurvey.co.uk/ontology/admingeo/UnitaryAuthority,Scotland,http://data.ordnancesurvey.co.uk/id/7000000000041429,Scotland,http://data.ordnancesurvey.co.uk/id/country/scotland,,,
osgb4000000074605808,http://data.ordnancesurvey.co.uk/id/4000000074605808,Creagan nan Nead,,,,landform,Hill Or Mountain,241967,772983,1000,300000,241717,772733,242217,773233,PH30,http://data.ordnancesurvey.co.uk/id/postcodedistrict/PH30,,,,,,,Highland,http://data.ordnancesurvey.co.uk/id/7000000000186625,http://data.ordnancesurvey.co.uk/ontology/admingeo/UnitaryAuthority,Scotland,http://data.ordnancesurvey.co.uk/id/7000000000041429,Scotland,http://data.ordnancesurvey.co.uk/id/country/scotland,,,
osgb4000000074605386,http://data.ordnancesurvey.co.uk/id/4000000074605386,Beinn Eibhinn,,,,landform,Hill Or Mountain,244823,773389,1000,300000,244573,773139,245073,773639,PH30,http://data.ordnancesurvey.co.uk/id/postcodedistrict/PH30,,,,,,,Highland,http://data.ordnancesurvey.co.uk/id/7000000000186625,http://data.ordnancesurvey.co.uk/ontology/admingeo/UnitaryAuthority,Scotland,http://data.ordnancesurvey.co.uk/id/7000000000041429,Scotland,http://data.ordnancesurvey.co.uk/id/country/scotland,,,
osgb4000000074793629,http://data.ordnancesurvey.co.uk/id/4000000074793629,Lochan na h-Aon Chraoibh,,,,hydrography,Inland Water,248745,763261,1000,500000,248495,763011,248995,763511,PH17,http://data.ordnancesurvey.co.uk/id/postcodedistrict/PH17,,,,,,,Perth and Kinross,http://data.ordnancesurvey.co.uk/id/7000000000030110,http://data.ordnancesurvey.co.uk/ontology/admingeo/UnitaryAuthority,Scotland,http://data.ordnancesurvey.co.uk/id/7000000000041429,Scotland,http://data.ordnancesurvey.co.uk/id/country/scotland,,,
osgb4000000074719199,http://data.ordnancesurvey.co.uk/id/4000000074719199,Coire a' Chàrra Mhóir,,,,landform,Cirque Or Hollow,245124,773728,4000,30000,244811,773430,245449,774027,PH30,http://data.ordnancesurvey.co.uk/id/postcodedistrict/PH30,,,,,,,Highland,http://data.ordnancesurvey.co.uk/id/7000000000186625,http://data.ordnancesurvey.co.uk/ontology/admingeo/UnitaryAuthority,Scotland,http://data.ordnancesurvey.co.uk/id/7000000000041429,Scotland,http://data.ordnancesurvey.co.uk/id/country/scotland,,,
osgb4000000074589053,http://data.ordnancesurvey.co.uk/id/4000000074589053,Eilean na Longairt,,,,landform,Island,241492,770227,1000,800000,241242,769987,241742,770487,PH30,http://data.ordnancesurvey.co.uk/id/postcodedistrict/PH30,,,,,,,Highland,http://data.ordnancesurvey.co.uk/id/7000000000186625,http://data.ordnancesurvey.co.uk/ontology/admingeo/UnitaryAuthority,Scotland,http://data.ordnancesurvey.co.uk/id/7000000000041429,Scotland,http://data.ordnancesurvey.co.uk/id/country/scotland,,,
osgb4000000074793630,http://data.ordnancesurvey.co.uk/id/4000000074793630,Lochan Meoigeach,,,,hydrography,Inland Water,245181,764163,1000,500000,244930,763914,245430,764414,PH30,http://data.ordnancesurvey.co.uk/id/postcodedistrict/PH30,,,,,,,Perth and Kinross,http://data.ordnancesurvey.co.uk/id/7000000000030110,http://data.ordnancesurvey.co.uk/ontology/admingeo/UnitaryAuthority,Scotland,http://data.ordnancesurvey.co.uk/id/7000000000041429,Scotland,http://data.ordnancesurvey.co.uk/id/country/scotland,,,
osgb4000000074604547,http://data.ordnancesurvey.co.uk/id/4000000074604547,Garbh Mheall Mòr,,,,landform,Hill Or Mountain,245093,763571,1000,300000,244843,763321,245343,763821,PH17,http://data.ordnancesurvey.co.uk/id/postcodedistrict/PH17,,,,,,,Perth and Kinross,http://data.ordnancesurvey.co.uk/id/7000000000030110,http://data.ordnancesurvey.co.uk/ontology/admingeo/UnitaryAuthority,Scotland,http://data.ordnancesurvey.co.uk/id/7000000000041429,Scotland,http://data.ordnancesurvey.co.uk/id/country/scotland,,,
osgb4000000074778857,http://data.ordnancesurvey.co.uk/id/4000000074778857,Cnoc nan Aoidhean,,,,landform,Hill Or Mountain,255306,760480,1000,300000,255056,760230,255556,760730,PH17,http://data.ordnancesurvey.co.uk/id/postcodedistrict/PH17,,,,,,,Perth and Kinross,http://data.ordnancesurvey.co.uk/id/7000000000030110,http://data.ordnancesurvey.co.uk/ontology/admingeo/UnitaryAuthority,Scotland,http://data.ordnancesurvey.co.uk/id/7000000000041429,Scotland,http://data.ordnancesurvey.co.uk/id/country/scotland,,,
osgb4000000074588713,http://data.ordnancesurvey.co.uk/id/4000000074588713,Coire Dubh,,,,landform,Cirque Or Hollow,245819,776857,5000,30000,245404,776607,246233,777107,PH30,http://data.ordnancesurvey.co.uk/id/postcodedistrict/PH30,,,,,,,Highland,http://data.ordnancesurvey.co.uk/id/7000000000186625,http://data.ordnancesurvey.co.uk/ontology/admingeo/UnitaryAuthority,Scotland,http://data.ordnancesurvey.co.uk/id/7000000000041429,Scotland,http://data.ordnancesurvey.co.uk/id/country/scotland,,,
osgb4000000074606224,http://data.ordnancesurvey.co.uk/id/4000000074606224,Càrn Dearg,,,,landform,Hill Or Mountain,250415,776438,1000,300000,250165,776188,250665,776688,PH19,http://data.ordnancesurvey.co.uk/id/postcodedistrict/PH19,,,,,,,Highland,http://data.ordnancesurvey.co.uk/id/7000000000186625,http://data.ordnancesurvey.co.uk/ontology/admingeo/UnitaryAuthority,Scotland,http://data.ordnancesurvey.co.uk/id/7000000000041429,Scotland,http://data.ordnancesurvey.co.uk/id/country/scotland,,,
osgb4000000074793586,http://data.ordnancesurvey.co.uk/id/4000000074793586,Lochan an Fheòir,,,,hydrography,Inland Water,248164,775882,1000,500000,247900,775632,248400,776132,PH30,http://data.ordnancesurvey.co.uk/id/postcodedistrict/PH30,,,,,,,Highland,http://data.ordnancesurvey.co.uk/id/7000000000186625,http://data.ordnancesurvey.co.uk/ontology/admingeo/UnitaryAuthority,Scotland,http://data.ordnancesurvey.co.uk/id/7000000000041429,Scotland,http://data.ordnancesurvey.co.uk/id/country/scotland,,,
osgb4000000074604954,http://data.ordnancesurvey.co.uk/id/4000000074604954,Meallanan Odhar,,,,landform,Hill Or Mountain,255334,766991,1000,300000,255084,766741,255584,767241,PH17,http://data.ordnancesurvey.co.uk/id/postcodedistrict/PH17,,,,,,,Perth and Kinross,http://data.ordnancesurvey.co.uk/id/7000000000030110,http://data.ordnancesurvey.co.uk/ontology/admingeo/UnitaryAuthority,Scotland,http://data.ordnancesurvey.co.uk/id/7000000000041429,Scotland,http://data.ordnancesurvey.co.uk/id/country/scotland,,,
osgb4000000074718547,http://data.ordnancesurvey.co.uk/id/4000000074718547,Coire an Dùin,,,,landform,Cirque Or Hollow,250591,768287,2000,30000,250341,768037,250841,768537,PH30,http://data.ordnancesurvey.co.uk/id/postcodedistrict/PH30,,,,,,,Highland,http://data.ordnancesurvey.co.uk/id/7000000000186625,http://data.ordnancesurvey.co.uk/ontology/admingeo/UnitaryAuthority,Scotland,http://data.ordnancesurvey.co.uk/id/7000000000041429,Scotland,http://data.ordnancesurvey.co.uk/id/country/scotland,,,
osgb4000000074605819,http://data.ordnancesurvey.co.uk/id/4000000074605819,Meall Ardruighe,,,,landform,Hill Or Mountain,243956,779866,1000,300000,243706,779616,244206,780116,PH31,http://data.ordnancesurvey.co.uk/id/postcodedistrict/PH31,,,,,,,Highland,http://data.ordnancesurvey.co.uk/id/7000000000186625,http://data.ordnancesurvey.co.uk/ontology/admingeo/UnitaryAuthority,Scotland,http://data.ordnancesurvey.co.uk/id/7000000000041429,Scotland,http://data.ordnancesurvey.co.uk/id/country/scotland,,,
osgb4000000074623881,http://data.ordnancesurvey.co.uk/id/4000000074623881,Meall Odhar Loch Monaidh,,,,landform,Hill Or Mountain,256609,768540,1000,300000,256359,768290,256859,768790,PH18,http://data.ordnancesurvey.co.uk/id/postcodedistrict/PH18,,,,,,,Perth and Kinross,http://data.ordnancesurvey.co.uk/id/7000000000030110,http://data.ordnancesurvey.co.uk/ontology/admingeo/UnitaryAuthority,Scotland,http://data.ordnancesurvey.co.uk/id/7000000000041429,Scotland,http://data.ordnancesurvey.co.uk/id/country/scotland,,,
osgb4000000074719138,http://data.ordnancesurvey.co.uk/id/4000000074719138,Coire na Bàin Lic,,,,landform,Cirque Or Hollow,244518,763683,3000,30000,244268,763433,244768,763933,PH17,http://data.ordnancesurvey.co.uk/id/postcodedistrict/PH17,,,,,,,Perth and Kinross,http://data.ordnancesurvey.co.uk/id/7000000000030110,http://data.ordnancesurvey.co.uk/ontology/admingeo/UnitaryAuthority,Scotland,http://data.ordnancesurvey.co.uk/id/7000000000041429,Scotland,http://data.ordnancesurvey.co.uk/id/country/scotland,,,
osgb4000000074793585,http://data.ordnancesurvey.co.uk/id/4000000074793585,Loch Coire Cheap,,,,hydrography,Inland Water,247968,775522,2000,500000,247722,775272,248222,775772,PH30,http://data.ordnancesurvey.co.uk/id/postcodedistrict/PH30,,,,,,,Highland,http://data.ordnancesurvey.co.uk/id/7000000000186625,http://data.ordnancesurvey.co.uk/ontology/admingeo/UnitaryAuthority,Scotland,http://data.ordnancesurvey.co.uk/id/7000000000041429,Scotland,http://data.ordnancesurvey.co.uk/id/country/scotland,,,
osgb4000000074604969,http://data.ordnancesurvey.co.uk/id/4000000074604969,Meall an t-Slugain,,,,landform,Hill Or Mountain,248050,772943,1000,300000,247800,772693,248300,773193,PH30,http://data.ordnancesurvey.co.uk/id/postcodedistrict/PH30,,,,,,,Highland,http://data.ordnancesurvey.co.uk/id/7000000000186625,http://data.ordnancesurvey.co.uk/ontology/admingeo/UnitaryAuthority,Scotland,http://data.ordnancesurvey.co.uk/id/7000000000041429,Scotland,http://data.ordnancesurvey.co.uk/id/country/scotland,,,
