﻿PH211NX,http://data.ordnancesurvey.co.uk/id/postcodeunit/PH211NX,PH21 1NX,,,,other,Postcode,284425,799496,3500,18000,,,,,,,,,,,,,Highland,http://data.ordnancesurvey.co.uk/id/7000000000186625,http://data.ordnancesurvey.co.uk/ontology/admingeo/UnitaryAuthority,Scotland,http://data.ordnancesurvey.co.uk/id/7000000000041429,Scotland,http://data.ordnancesurvey.co.uk/id/country/scotland,,,
PH211NH,http://data.ordnancesurvey.co.uk/id/postcodeunit/PH211NH,PH21 1NH,,,,other,Postcode,284756,799807,3500,18000,,,,,,,,,,,,,Highland,http://data.ordnancesurvey.co.uk/id/7000000000186625,http://data.ordnancesurvey.co.uk/ontology/admingeo/UnitaryAuthority,Scotland,http://data.ordnancesurvey.co.uk/id/7000000000041429,Scotland,http://data.ordnancesurvey.co.uk/id/country/scotland,,,
osgb4000000074602846,http://data.ordnancesurvey.co.uk/id/4000000074602846,Bod an Deamhain,gla,The Devil's Point,eng,landform,Hill Or Mountain,297611,795118,1000,300000,297361,794868,297861,795368,PH22,http://data.ordnancesurvey.co.uk/id/postcodedistrict/PH22,,,,,,,Aberdeenshire,http://data.ordnancesurvey.co.uk/id/7000000000186621,http://data.ordnancesurvey.co.uk/ontology/admingeo/UnitaryAuthority,Scotland,http://data.ordnancesurvey.co.uk/id/7000000000041429,Scotland,http://data.ordnancesurvey.co.uk/id/country/scotland,,,
osgb4000000074621231,http://data.ordnancesurvey.co.uk/id/4000000074621231,Meall na Caillich Buidhe,,,,landform,Hill Or Mountain,299933,780887,1000,300000,299683,780637,300183,781137,PH10,http://data.ordnancesurvey.co.uk/id/postcodedistrict/PH10,,,,,,,Perth and Kinross,http://data.ordnancesurvey.co.uk/id/7000000000030110,http://data.ordnancesurvey.co.uk/ontology/admingeo/UnitaryAuthority,Scotland,http://data.ordnancesurvey.co.uk/id/7000000000041429,Scotland,http://data.ordnancesurvey.co.uk/id/country/scotland,,,
osgb4000000074602423,http://data.ordnancesurvey.co.uk/id/4000000074602423,Cnapan Eachan,,,,landform,Hill Or Mountain,291149,791727,1000,300000,290899,791477,291399,791977,PH21,http://data.ordnancesurvey.co.uk/id/postcodedistrict/PH21,,,,,,,Highland,http://data.ordnancesurvey.co.uk/id/7000000000186625,http://data.ordnancesurvey.co.uk/ontology/admingeo/UnitaryAuthority,Scotland,http://data.ordnancesurvey.co.uk/id/7000000000041429,Scotland,http://data.ordnancesurvey.co.uk/id/country/scotland,,,
osgb4000000074618052,http://data.ordnancesurvey.co.uk/id/4000000074618052,Sròn Riach,,,,landform,Hill Or Mountain,299981,797792,1000,300000,299731,797542,300231,798042,PH22,http://data.ordnancesurvey.co.uk/id/postcodedistrict/PH22,,,,,,,Aberdeenshire,http://data.ordnancesurvey.co.uk/id/7000000000186621,http://data.ordnancesurvey.co.uk/ontology/admingeo/UnitaryAuthority,Scotland,http://data.ordnancesurvey.co.uk/id/7000000000041429,Scotland,http://data.ordnancesurvey.co.uk/id/country/scotland,,,
osgb4000000074622559,http://data.ordnancesurvey.co.uk/id/4000000074622559,Stob Coire an t-Saighdeir,,,,landform,Hill Or Mountain,296273,796360,1000,300000,296023,796110,296523,796610,PH22,http://data.ordnancesurvey.co.uk/id/postcodedistrict/PH22,,,,,,,Aberdeenshire,http://data.ordnancesurvey.co.uk/id/7000000000186621,http://data.ordnancesurvey.co.uk/ontology/admingeo/UnitaryAuthority,Scotland,http://data.ordnancesurvey.co.uk/id/7000000000041429,Scotland,http://data.ordnancesurvey.co.uk/id/country/scotland,,,
osgb4000000074603275,http://data.ordnancesurvey.co.uk/id/4000000074603275,Tom Dubh,,,,landform,Hill Or Mountain,292150,795283,1000,300000,291900,795033,292400,795533,PH21,http://data.ordnancesurvey.co.uk/id/postcodedistrict/PH21,,,,,,,Highland,http://data.ordnancesurvey.co.uk/id/7000000000186625,http://data.ordnancesurvey.co.uk/ontology/admingeo/UnitaryAuthority,Scotland,http://data.ordnancesurvey.co.uk/id/7000000000041429,Scotland,http://data.ordnancesurvey.co.uk/id/country/scotland,,,
osgb4000000074719006,http://data.ordnancesurvey.co.uk/id/4000000074719006,Coire Camartaich,,,,landform,Valley,285750,780144,4000,800000,285500,779809,286000,780481,PH18,http://data.ordnancesurvey.co.uk/id/postcodedistrict/PH18,,,,,,,Perth and Kinross,http://data.ordnancesurvey.co.uk/id/7000000000030110,http://data.ordnancesurvey.co.uk/ontology/admingeo/UnitaryAuthority,Scotland,http://data.ordnancesurvey.co.uk/id/7000000000041429,Scotland,http://data.ordnancesurvey.co.uk/id/country/scotland,,,
osgb4000000074594978,http://data.ordnancesurvey.co.uk/id/4000000074594978,Coire Clach nan Taillear,,,,landform,Valley,299005,798117,4000,800000,298687,797867,299314,798367,PH22,http://data.ordnancesurvey.co.uk/id/postcodedistrict/PH22,,,,,,,Aberdeenshire,http://data.ordnancesurvey.co.uk/id/7000000000186621,http://data.ordnancesurvey.co.uk/ontology/admingeo/UnitaryAuthority,Scotland,http://data.ordnancesurvey.co.uk/id/7000000000041429,Scotland,http://data.ordnancesurvey.co.uk/id/country/scotland,,,
osgb4000000074718930,http://data.ordnancesurvey.co.uk/id/4000000074718930,Coire Caol,,,,landform,Valley,286938,793959,5000,800000,286565,793710,287395,794210,PH21,http://data.ordnancesurvey.co.uk/id/postcodedistrict/PH21,,,,,,,Highland,http://data.ordnancesurvey.co.uk/id/7000000000186625,http://data.ordnancesurvey.co.uk/ontology/admingeo/UnitaryAuthority,Scotland,http://data.ordnancesurvey.co.uk/id/7000000000041429,Scotland,http://data.ordnancesurvey.co.uk/id/country/scotland,,,
osgb4000000074602426,http://data.ordnancesurvey.co.uk/id/4000000074602426,Cairn Geldie,,,,landform,Hill Or Mountain,299568,788505,1000,300000,299318,788255,299818,788755,PH10,http://data.ordnancesurvey.co.uk/id/postcodedistrict/PH10,,,,,,,Aberdeenshire,http://data.ordnancesurvey.co.uk/id/7000000000186621,http://data.ordnancesurvey.co.uk/ontology/admingeo/UnitaryAuthority,Scotland,http://data.ordnancesurvey.co.uk/id/7000000000041429,Scotland,http://data.ordnancesurvey.co.uk/id/country/scotland,,,
osgb4000000074602420,http://data.ordnancesurvey.co.uk/id/4000000074602420,Carn Fiaclach,,,,landform,Hill Or Mountain,298300,790595,1000,300000,298050,790345,298550,790845,PH10,http://data.ordnancesurvey.co.uk/id/postcodedistrict/PH10,,,,,,,Aberdeenshire,http://data.ordnancesurvey.co.uk/id/7000000000186621,http://data.ordnancesurvey.co.uk/ontology/admingeo/UnitaryAuthority,Scotland,http://data.ordnancesurvey.co.uk/id/7000000000041429,Scotland,http://data.ordnancesurvey.co.uk/id/country/scotland,,,
osgb4000000074607911,http://data.ordnancesurvey.co.uk/id/4000000074607911,Beinn Bhreac,,,,landform,Hill Or Mountain,286820,782060,1000,300000,286570,781810,287070,782310,PH18,http://data.ordnancesurvey.co.uk/id/postcodedistrict/PH18,,,,,,,Perth and Kinross,http://data.ordnancesurvey.co.uk/id/7000000000030110,http://data.ordnancesurvey.co.uk/ontology/admingeo/UnitaryAuthority,Scotland,http://data.ordnancesurvey.co.uk/id/7000000000041429,Scotland,http://data.ordnancesurvey.co.uk/id/country/scotland,,,
osgb4000000074807645,http://data.ordnancesurvey.co.uk/id/4000000074807645,Lochan Uaine,,,,hydrography,Inland Water,295955,797988,2000,500000,295706,797753,296206,798253,PH22,http://data.ordnancesurvey.co.uk/id/postcodedistrict/PH22,,,,,,,Aberdeenshire,http://data.ordnancesurvey.co.uk/id/7000000000186621,http://data.ordnancesurvey.co.uk/ontology/admingeo/UnitaryAuthority,Scotland,http://data.ordnancesurvey.co.uk/id/7000000000041429,Scotland,http://data.ordnancesurvey.co.uk/id/country/scotland,,,
osgb4000000074591905,http://data.ordnancesurvey.co.uk/id/4000000074591905,Càrn Dearg Beag,,,,landform,Hill Or Mountain,283228,793505,1000,300000,282978,793255,283478,793755,PH21,http://data.ordnancesurvey.co.uk/id/postcodedistrict/PH21,,,,,,,Highland,http://data.ordnancesurvey.co.uk/id/7000000000186625,http://data.ordnancesurvey.co.uk/ontology/admingeo/UnitaryAuthority,Scotland,http://data.ordnancesurvey.co.uk/id/7000000000041429,Scotland,http://data.ordnancesurvey.co.uk/id/country/scotland,,,
osgb4000000074719089,http://data.ordnancesurvey.co.uk/id/4000000074719089,Coire Eindart,,,,landform,Cirque Or Hollow,290481,791764,6000,30000,290028,791429,290927,792099,PH21,http://data.ordnancesurvey.co.uk/id/postcodedistrict/PH21,,,,,,,Highland,http://data.ordnancesurvey.co.uk/id/7000000000186625,http://data.ordnancesurvey.co.uk/ontology/admingeo/UnitaryAuthority,Scotland,http://data.ordnancesurvey.co.uk/id/7000000000041429,Scotland,http://data.ordnancesurvey.co.uk/id/country/scotland,,,
osgb4000000074607481,http://data.ordnancesurvey.co.uk/id/4000000074607481,Meall Tionail na Beinne Brice,,,,landform,Hill Or Mountain,288219,781500,1000,300000,287969,781250,288469,781750,PH18,http://data.ordnancesurvey.co.uk/id/postcodedistrict/PH18,,,,,,,Perth and Kinross,http://data.ordnancesurvey.co.uk/id/7000000000030110,http://data.ordnancesurvey.co.uk/ontology/admingeo/UnitaryAuthority,Scotland,http://data.ordnancesurvey.co.uk/id/7000000000041429,Scotland,http://data.ordnancesurvey.co.uk/id/country/scotland,,,
osgb4000000074603273,http://data.ordnancesurvey.co.uk/id/4000000074603273,Sgòr an Lochain Uaine,gla,The Angel's Peak,eng,landform,Hill Or Mountain,295426,797688,1000,300000,295176,797438,295676,797938,PH22,http://data.ordnancesurvey.co.uk/id/postcodedistrict/PH22,,,,,,,Aberdeenshire,http://data.ordnancesurvey.co.uk/id/7000000000186621,http://data.ordnancesurvey.co.uk/ontology/admingeo/UnitaryAuthority,Scotland,http://data.ordnancesurvey.co.uk/id/7000000000041429,Scotland,http://data.ordnancesurvey.co.uk/id/country/scotland,,,
osgb4000000074719098,http://data.ordnancesurvey.co.uk/id/4000000074719098,Coire Domhain,,,,landform,Cirque Or Hollow,287419,792687,5000,30000,287022,792371,287816,793003,PH21,http://data.ordnancesurvey.co.uk/id/postcodedistrict/PH21,,,,,,,Highland,http://data.ordnancesurvey.co.uk/id/7000000000186625,http://data.ordnancesurvey.co.uk/ontology/admingeo/UnitaryAuthority,Scotland,http://data.ordnancesurvey.co.uk/id/7000000000041429,Scotland,http://data.ordnancesurvey.co.uk/id/country/scotland,,,
osgb4000000074718922,http://data.ordnancesurvey.co.uk/id/4000000074718922,Coire an Loch,,,,landform,Cirque Or Hollow,298658,782986,5000,30000,298388,782625,298928,783352,PH10,http://data.ordnancesurvey.co.uk/id/postcodedistrict/PH10,,,,,,,Perth and Kinross,http://data.ordnancesurvey.co.uk/id/7000000000030110,http://data.ordnancesurvey.co.uk/ontology/admingeo/UnitaryAuthority,Scotland,http://data.ordnancesurvey.co.uk/id/7000000000041429,Scotland,http://data.ordnancesurvey.co.uk/id/country/scotland,,,
osgb4000000074810430,http://data.ordnancesurvey.co.uk/id/4000000074810430,Meall Tionail,,,,landform,Hill Or Mountain,289148,784878,1000,300000,288898,784628,289398,785128,PH18,http://data.ordnancesurvey.co.uk/id/postcodedistrict/PH18,,,,,,,Highland,http://data.ordnancesurvey.co.uk/id/7000000000186625,http://data.ordnancesurvey.co.uk/ontology/admingeo/UnitaryAuthority,Scotland,http://data.ordnancesurvey.co.uk/id/7000000000041429,Scotland,http://data.ordnancesurvey.co.uk/id/country/scotland,,,
osgb4000000074603277,http://data.ordnancesurvey.co.uk/id/4000000074603277,Meall Dubhag,,,,landform,Hill Or Mountain,288050,795565,1000,300000,287800,795315,288300,795815,PH21,http://data.ordnancesurvey.co.uk/id/postcodedistrict/PH21,,,,,,,Highland,http://data.ordnancesurvey.co.uk/id/7000000000186625,http://data.ordnancesurvey.co.uk/ontology/admingeo/UnitaryAuthority,Scotland,http://data.ordnancesurvey.co.uk/id/7000000000041429,Scotland,http://data.ordnancesurvey.co.uk/id/country/scotland,,,
osgb4000000074793675,http://data.ordnancesurvey.co.uk/id/4000000074793675,Loch Eanaich,,,,hydrography,Inland Water,291470,799056,13000,500000,291113,797931,291827,799914,PH21,http://data.ordnancesurvey.co.uk/id/postcodedistrict/PH21,,,,,,,Highland,http://data.ordnancesurvey.co.uk/id/7000000000186625,http://data.ordnancesurvey.co.uk/ontology/admingeo/UnitaryAuthority,Scotland,http://data.ordnancesurvey.co.uk/id/7000000000041429,Scotland,http://data.ordnancesurvey.co.uk/id/country/scotland,,,
osgb4000000074604122,http://data.ordnancesurvey.co.uk/id/4000000074604122,Meall nan Sleac,,,,landform,Hill Or Mountain,286802,794447,1000,300000,286552,794197,287052,794697,PH21,http://data.ordnancesurvey.co.uk/id/postcodedistrict/PH21,,,,,,,Highland,http://data.ordnancesurvey.co.uk/id/7000000000186625,http://data.ordnancesurvey.co.uk/ontology/admingeo/UnitaryAuthority,Scotland,http://data.ordnancesurvey.co.uk/id/7000000000041429,Scotland,http://data.ordnancesurvey.co.uk/id/country/scotland,,,
osgb4000000074725132,http://data.ordnancesurvey.co.uk/id/4000000074725132,East Gully,,,,landform,Valley,295554,799973,1000,800000,295305,799699,295805,800199,PH22,http://data.ordnancesurvey.co.uk/id/postcodedistrict/PH22,,,,,,,Aberdeenshire,http://data.ordnancesurvey.co.uk/id/7000000000186621,http://data.ordnancesurvey.co.uk/ontology/admingeo/UnitaryAuthority,Scotland,http://data.ordnancesurvey.co.uk/id/7000000000041429,Scotland,http://data.ordnancesurvey.co.uk/id/country/scotland,,,
osgb4000000074602424,http://data.ordnancesurvey.co.uk/id/4000000074602424,Diollaid Coire Eindart,,,,landform,Hill Or Mountain,290400,792755,1000,300000,290150,792505,290650,793005,PH21,http://data.ordnancesurvey.co.uk/id/postcodedistrict/PH21,,,,,,,Highland,http://data.ordnancesurvey.co.uk/id/7000000000186625,http://data.ordnancesurvey.co.uk/ontology/admingeo/UnitaryAuthority,Scotland,http://data.ordnancesurvey.co.uk/id/7000000000041429,Scotland,http://data.ordnancesurvey.co.uk/id/country/scotland,,,
osgb4000000074602421,http://data.ordnancesurvey.co.uk/id/4000000074602421,Creagan nan Gabhar,,,,landform,Hill Or Mountain,299939,792337,1000,300000,299689,792087,300189,792587,AB35,http://data.ordnancesurvey.co.uk/id/postcodedistrict/AB35,,,,,,,Aberdeenshire,http://data.ordnancesurvey.co.uk/id/7000000000186621,http://data.ordnancesurvey.co.uk/ontology/admingeo/UnitaryAuthority,Scotland,http://data.ordnancesurvey.co.uk/id/7000000000041429,Scotland,http://data.ordnancesurvey.co.uk/id/country/scotland,,,
osgb4000000074778641,http://data.ordnancesurvey.co.uk/id/4000000074778641,Cnoc an Fhradhairc,,,,landform,Hill Or Mountain,281100,789290,1000,300000,280850,789040,281350,789540,PH21,http://data.ordnancesurvey.co.uk/id/postcodedistrict/PH21,,,,,,,Highland,http://data.ordnancesurvey.co.uk/id/7000000000186625,http://data.ordnancesurvey.co.uk/ontology/admingeo/UnitaryAuthority,Scotland,http://data.ordnancesurvey.co.uk/id/7000000000041429,Scotland,http://data.ordnancesurvey.co.uk/id/country/scotland,,,
osgb4000000074718923,http://data.ordnancesurvey.co.uk/id/4000000074718923,Coire Mór,,,,landform,Cirque Or Hollow,298646,799300,2000,30000,298399,799050,298899,799550,PH22,http://data.ordnancesurvey.co.uk/id/postcodedistrict/PH22,,,,,,,Aberdeenshire,http://data.ordnancesurvey.co.uk/id/7000000000186621,http://data.ordnancesurvey.co.uk/ontology/admingeo/UnitaryAuthority,Scotland,http://data.ordnancesurvey.co.uk/id/7000000000041429,Scotland,http://data.ordnancesurvey.co.uk/id/country/scotland,,,
osgb4000000074810429,http://data.ordnancesurvey.co.uk/id/4000000074810429,An Eilrig,,,,landform,Hill Or Mountain,286059,785989,1000,300000,285809,785739,286309,786239,PH18,http://data.ordnancesurvey.co.uk/id/postcodedistrict/PH18,,,,,,,Highland,http://data.ordnancesurvey.co.uk/id/7000000000186625,http://data.ordnancesurvey.co.uk/ontology/admingeo/UnitaryAuthority,Scotland,http://data.ordnancesurvey.co.uk/id/7000000000041429,Scotland,http://data.ordnancesurvey.co.uk/id/country/scotland,,,
osgb4000000074606641,http://data.ordnancesurvey.co.uk/id/4000000074606641,Ruigh Caochan Dubh,,,,landform,Hill Or Mountain,299255,781631,1000,300000,299005,781381,299505,781881,PH10,http://data.ordnancesurvey.co.uk/id/postcodedistrict/PH10,,,,,,,Perth and Kinross,http://data.ordnancesurvey.co.uk/id/7000000000030110,http://data.ordnancesurvey.co.uk/ontology/admingeo/UnitaryAuthority,Scotland,http://data.ordnancesurvey.co.uk/id/7000000000041429,Scotland,http://data.ordnancesurvey.co.uk/id/country/scotland,,,
osgb4000000074602849,http://data.ordnancesurvey.co.uk/id/4000000074602849,Cairn Toul,eng,Càrn an t-Sabhail,gla,landform,Hill Or Mountain,296333,797233,1000,300000,296083,796983,296583,797483,PH22,http://data.ordnancesurvey.co.uk/id/postcodedistrict/PH22,,,,,,,Aberdeenshire,http://data.ordnancesurvey.co.uk/id/7000000000186621,http://data.ordnancesurvey.co.uk/ontology/admingeo/UnitaryAuthority,Scotland,http://data.ordnancesurvey.co.uk/id/7000000000041429,Scotland,http://data.ordnancesurvey.co.uk/id/country/scotland,,,
osgb4000000074603701,http://data.ordnancesurvey.co.uk/id/4000000074603701,Sròn Direachain,,,,landform,Hill Or Mountain,284751,790183,1000,300000,284501,789933,285001,790433,PH21,http://data.ordnancesurvey.co.uk/id/postcodedistrict/PH21,,,,,,,Highland,http://data.ordnancesurvey.co.uk/id/7000000000186625,http://data.ordnancesurvey.co.uk/ontology/admingeo/UnitaryAuthority,Scotland,http://data.ordnancesurvey.co.uk/id/7000000000041429,Scotland,http://data.ordnancesurvey.co.uk/id/country/scotland,,,
osgb4000000074725129,http://data.ordnancesurvey.co.uk/id/4000000074725129,Great Gully,,,,landform,Valley,294116,797903,2000,800000,293861,797653,294361,798153,PH22,http://data.ordnancesurvey.co.uk/id/postcodedistrict/PH22,,,,,,,Aberdeenshire,http://data.ordnancesurvey.co.uk/id/7000000000186621,http://data.ordnancesurvey.co.uk/ontology/admingeo/UnitaryAuthority,Scotland,http://data.ordnancesurvey.co.uk/id/7000000000041429,Scotland,http://data.ordnancesurvey.co.uk/id/country/scotland,,,
osgb4000000074591940,http://data.ordnancesurvey.co.uk/id/4000000074591940,Sròn na Macranaich,,,,landform,Hill Or Mountain,293684,781869,1000,300000,293434,781619,293934,782119,PH10,http://data.ordnancesurvey.co.uk/id/postcodedistrict/PH10,,,,,,,Perth and Kinross,http://data.ordnancesurvey.co.uk/id/7000000000030110,http://data.ordnancesurvey.co.uk/ontology/admingeo/UnitaryAuthority,Scotland,http://data.ordnancesurvey.co.uk/id/7000000000041429,Scotland,http://data.ordnancesurvey.co.uk/id/country/scotland,,,
osgb4000000074596424,http://data.ordnancesurvey.co.uk/id/4000000074596424,Stob Coire an Lochain,,,,landform,Hill Or Mountain,294022,799733,1000,300000,293772,799483,294272,799983,PH22,http://data.ordnancesurvey.co.uk/id/postcodedistrict/PH22,,,,,,,Highland,http://data.ordnancesurvey.co.uk/id/7000000000186625,http://data.ordnancesurvey.co.uk/ontology/admingeo/UnitaryAuthority,Scotland,http://data.ordnancesurvey.co.uk/id/7000000000041429,Scotland,http://data.ordnancesurvey.co.uk/id/country/scotland,,,
osgb4000000074588681,http://data.ordnancesurvey.co.uk/id/4000000074588681,Coire Gorm,,,,landform,Cirque Or Hollow,287626,796371,5000,30000,287245,796048,288008,796693,PH21,http://data.ordnancesurvey.co.uk/id/postcodedistrict/PH21,,,,,,,Highland,http://data.ordnancesurvey.co.uk/id/7000000000186625,http://data.ordnancesurvey.co.uk/ontology/admingeo/UnitaryAuthority,Scotland,http://data.ordnancesurvey.co.uk/id/7000000000041429,Scotland,http://data.ordnancesurvey.co.uk/id/country/scotland,,,
osgb4000000074718926,http://data.ordnancesurvey.co.uk/id/4000000074718926,Coire nam Mart,,,,landform,Cirque Or Hollow,281493,791284,4000,30000,281164,791010,281820,791558,PH21,http://data.ordnancesurvey.co.uk/id/postcodedistrict/PH21,,,,,,,Highland,http://data.ordnancesurvey.co.uk/id/7000000000186625,http://data.ordnancesurvey.co.uk/ontology/admingeo/UnitaryAuthority,Scotland,http://data.ordnancesurvey.co.uk/id/7000000000041429,Scotland,http://data.ordnancesurvey.co.uk/id/country/scotland,,,
osgb4000000074608340,http://data.ordnancesurvey.co.uk/id/4000000074608340,Meall an Uillt Chreagaich,,,,landform,Hill Or Mountain,282620,787105,1000,300000,282370,786855,282870,787355,PH21,http://data.ordnancesurvey.co.uk/id/postcodedistrict/PH21,,,,,,,Highland,http://data.ordnancesurvey.co.uk/id/7000000000186625,http://data.ordnancesurvey.co.uk/ontology/admingeo/UnitaryAuthority,Scotland,http://data.ordnancesurvey.co.uk/id/7000000000041429,Scotland,http://data.ordnancesurvey.co.uk/id/country/scotland,,,
osgb4000000074602845,http://data.ordnancesurvey.co.uk/id/4000000074602845,Carn a' Mhaim,,,,landform,Hill Or Mountain,299459,795199,1000,300000,299209,794949,299709,795449,PH22,http://data.ordnancesurvey.co.uk/id/postcodedistrict/PH22,,,,,,,Aberdeenshire,http://data.ordnancesurvey.co.uk/id/7000000000186621,http://data.ordnancesurvey.co.uk/ontology/admingeo/UnitaryAuthority,Scotland,http://data.ordnancesurvey.co.uk/id/7000000000041429,Scotland,http://data.ordnancesurvey.co.uk/id/country/scotland,,,
osgb4000000074718921,http://data.ordnancesurvey.co.uk/id/4000000074718921,Coire Chùil,,,,landform,Cirque Or Hollow,297355,782561,3000,30000,297104,782312,297604,782812,PH10,http://data.ordnancesurvey.co.uk/id/postcodedistrict/PH10,,,,,,,Aberdeenshire,http://data.ordnancesurvey.co.uk/id/7000000000186621,http://data.ordnancesurvey.co.uk/ontology/admingeo/UnitaryAuthority,Scotland,http://data.ordnancesurvey.co.uk/id/7000000000041429,Scotland,http://data.ordnancesurvey.co.uk/id/country/scotland,,,
osgb4000000074719000,http://data.ordnancesurvey.co.uk/id/4000000074719000,Coire an t-Seilich,,,,landform,Cirque Or Hollow,294791,784203,3000,30000,294541,783954,295041,784454,PH10,http://data.ordnancesurvey.co.uk/id/postcodedistrict/PH10,,,,,,,Aberdeenshire,http://data.ordnancesurvey.co.uk/id/7000000000186621,http://data.ordnancesurvey.co.uk/ontology/admingeo/UnitaryAuthority,Scotland,http://data.ordnancesurvey.co.uk/id/7000000000041429,Scotland,http://data.ordnancesurvey.co.uk/id/country/scotland,,,
osgb4000000074608339,http://data.ordnancesurvey.co.uk/id/4000000074608339,Leathad an Taobhain,,,,landform,Hill Or Mountain,282174,785823,1000,300000,281924,785573,282424,786073,PH18,http://data.ordnancesurvey.co.uk/id/postcodedistrict/PH18,,,,,,,Perth and Kinross,http://data.ordnancesurvey.co.uk/id/7000000000030110,http://data.ordnancesurvey.co.uk/ontology/admingeo/UnitaryAuthority,Scotland,http://data.ordnancesurvey.co.uk/id/7000000000041429,Scotland,http://data.ordnancesurvey.co.uk/id/country/scotland,,,
osgb4000000074606645,http://data.ordnancesurvey.co.uk/id/4000000074606645,Druim Sgarsoich,,,,landform,Hill Or Mountain,294558,783648,1000,300000,294308,783398,294808,783898,PH10,http://data.ordnancesurvey.co.uk/id/postcodedistrict/PH10,,,,,,,Aberdeenshire,http://data.ordnancesurvey.co.uk/id/7000000000186621,http://data.ordnancesurvey.co.uk/ontology/admingeo/UnitaryAuthority,Scotland,http://data.ordnancesurvey.co.uk/id/7000000000041429,Scotland,http://data.ordnancesurvey.co.uk/id/country/scotland,,,
osgb4000000074719090,http://data.ordnancesurvey.co.uk/id/4000000074719090,Coire Bhlàir,,,,landform,Cirque Or Hollow,289063,792244,5000,30000,288700,791916,289430,792572,PH21,http://data.ordnancesurvey.co.uk/id/postcodedistrict/PH21,,,,,,,Highland,http://data.ordnancesurvey.co.uk/id/7000000000186625,http://data.ordnancesurvey.co.uk/ontology/admingeo/UnitaryAuthority,Scotland,http://data.ordnancesurvey.co.uk/id/7000000000041429,Scotland,http://data.ordnancesurvey.co.uk/id/country/scotland,,,
osgb4000000074792564,http://data.ordnancesurvey.co.uk/id/4000000074792564,Lochan na Làire Baine,,,,hydrography,Inland Water,289012,785919,1000,500000,288768,785672,289268,786172,PH18,http://data.ordnancesurvey.co.uk/id/postcodedistrict/PH18,,,,,,,Highland,http://data.ordnancesurvey.co.uk/id/7000000000186625,http://data.ordnancesurvey.co.uk/ontology/admingeo/UnitaryAuthority,Scotland,http://data.ordnancesurvey.co.uk/id/7000000000041429,Scotland,http://data.ordnancesurvey.co.uk/id/country/scotland,,,
osgb4000000074608336,http://data.ordnancesurvey.co.uk/id/4000000074608336,Uchd a' Chlàrsair,,,,landform,Hill Or Mountain,281652,782156,1000,300000,281402,781906,281902,782406,PH18,http://data.ordnancesurvey.co.uk/id/postcodedistrict/PH18,,,,,,,Perth and Kinross,http://data.ordnancesurvey.co.uk/id/7000000000030110,http://data.ordnancesurvey.co.uk/ontology/admingeo/UnitaryAuthority,Scotland,http://data.ordnancesurvey.co.uk/id/7000000000041429,Scotland,http://data.ordnancesurvey.co.uk/id/country/scotland,,,
osgb4000000074596426,http://data.ordnancesurvey.co.uk/id/4000000074596426,Stob Coire Sputan Dearg,,,,landform,Hill Or Mountain,299804,798465,1000,300000,299554,798215,300054,798715,PH22,http://data.ordnancesurvey.co.uk/id/postcodedistrict/PH22,,,,,,,Aberdeenshire,http://data.ordnancesurvey.co.uk/id/7000000000186621,http://data.ordnancesurvey.co.uk/ontology/admingeo/UnitaryAuthority,Scotland,http://data.ordnancesurvey.co.uk/id/7000000000041429,Scotland,http://data.ordnancesurvey.co.uk/id/country/scotland,,,
osgb4000000074719023,http://data.ordnancesurvey.co.uk/id/4000000074719023,Coire Arcain,,,,landform,Cirque Or Hollow,286631,798128,4000,30000,286305,797845,286950,798411,PH21,http://data.ordnancesurvey.co.uk/id/postcodedistrict/PH21,,,,,,,Highland,http://data.ordnancesurvey.co.uk/id/7000000000186625,http://data.ordnancesurvey.co.uk/ontology/admingeo/UnitaryAuthority,Scotland,http://data.ordnancesurvey.co.uk/id/7000000000041429,Scotland,http://data.ordnancesurvey.co.uk/id/country/scotland,,,
osgb4000000074602847,http://data.ordnancesurvey.co.uk/id/4000000074602847,Monadh Mòr,,,,landform,Hill Or Mountain,293863,794221,1000,300000,293613,793971,294113,794471,PH21,http://data.ordnancesurvey.co.uk/id/postcodedistrict/PH21,,,,,,,Aberdeenshire,http://data.ordnancesurvey.co.uk/id/7000000000186621,http://data.ordnancesurvey.co.uk/ontology/admingeo/UnitaryAuthority,Scotland,http://data.ordnancesurvey.co.uk/id/7000000000041429,Scotland,http://data.ordnancesurvey.co.uk/id/country/scotland,,,
osgb4000000074603276,http://data.ordnancesurvey.co.uk/id/4000000074603276,Mòine Mhòr,,,,landform,Hill Or Mountain,290236,795568,1000,300000,289986,795318,290486,795818,PH21,http://data.ordnancesurvey.co.uk/id/postcodedistrict/PH21,,,,,,,Highland,http://data.ordnancesurvey.co.uk/id/7000000000186625,http://data.ordnancesurvey.co.uk/ontology/admingeo/UnitaryAuthority,Scotland,http://data.ordnancesurvey.co.uk/id/7000000000041429,Scotland,http://data.ordnancesurvey.co.uk/id/country/scotland,,,
osgb4000000074716087,http://data.ordnancesurvey.co.uk/id/4000000074716087,Coire Odhar,,,,landform,Cirque Or Hollow,297264,795676,4000,30000,296928,795345,297595,796006,PH22,http://data.ordnancesurvey.co.uk/id/postcodedistrict/PH22,,,,,,,Aberdeenshire,http://data.ordnancesurvey.co.uk/id/7000000000186621,http://data.ordnancesurvey.co.uk/ontology/admingeo/UnitaryAuthority,Scotland,http://data.ordnancesurvey.co.uk/id/7000000000041429,Scotland,http://data.ordnancesurvey.co.uk/id/country/scotland,,,
osgb4000000074604123,http://data.ordnancesurvey.co.uk/id/4000000074604123,Creag na Sròine,,,,landform,Hill Or Mountain,284075,796745,1000,300000,283825,796495,284325,796995,PH21,http://data.ordnancesurvey.co.uk/id/postcodedistrict/PH21,,,,,,,Highland,http://data.ordnancesurvey.co.uk/id/7000000000186625,http://data.ordnancesurvey.co.uk/ontology/admingeo/UnitaryAuthority,Scotland,http://data.ordnancesurvey.co.uk/id/7000000000041429,Scotland,http://data.ordnancesurvey.co.uk/id/country/scotland,,,
osgb4000000074598687,http://data.ordnancesurvey.co.uk/id/4000000074598687,An Eilrig,,,,landform,Hill Or Mountain,281530,787780,1000,300000,281280,787530,281780,788030,PH21,http://data.ordnancesurvey.co.uk/id/postcodedistrict/PH21,,,,,,,Highland,http://data.ordnancesurvey.co.uk/id/7000000000186625,http://data.ordnancesurvey.co.uk/ontology/admingeo/UnitaryAuthority,Scotland,http://data.ordnancesurvey.co.uk/id/7000000000041429,Scotland,http://data.ordnancesurvey.co.uk/id/country/scotland,,,
osgb4000000074715945,http://data.ordnancesurvey.co.uk/id/4000000074715945,Coire Odhar,,,,landform,Cirque Or Hollow,281112,795003,6000,30000,280679,794665,281549,795341,PH21,http://data.ordnancesurvey.co.uk/id/postcodedistrict/PH21,,,,,,,Highland,http://data.ordnancesurvey.co.uk/id/7000000000186625,http://data.ordnancesurvey.co.uk/ontology/admingeo/UnitaryAuthority,Scotland,http://data.ordnancesurvey.co.uk/id/7000000000041429,Scotland,http://data.ordnancesurvey.co.uk/id/country/scotland,,,
osgb4000000074719020,http://data.ordnancesurvey.co.uk/id/4000000074719020,Coire Fhearnagan,,,,landform,Valley,288093,797196,4000,800000,287765,796947,288424,797447,PH21,http://data.ordnancesurvey.co.uk/id/postcodedistrict/PH21,,,,,,,Highland,http://data.ordnancesurvey.co.uk/id/7000000000186625,http://data.ordnancesurvey.co.uk/ontology/admingeo/UnitaryAuthority,Scotland,http://data.ordnancesurvey.co.uk/id/7000000000041429,Scotland,http://data.ordnancesurvey.co.uk/id/country/scotland,,,
osgb4000000074725130,http://data.ordnancesurvey.co.uk/id/4000000074725130,Pinnacle Gully,,,,landform,Valley,294054,797963,2000,800000,293810,797713,294310,798213,PH22,http://data.ordnancesurvey.co.uk/id/postcodedistrict/PH22,,,,,,,Aberdeenshire,http://data.ordnancesurvey.co.uk/id/7000000000186621,http://data.ordnancesurvey.co.uk/ontology/admingeo/UnitaryAuthority,Scotland,http://data.ordnancesurvey.co.uk/id/7000000000041429,Scotland,http://data.ordnancesurvey.co.uk/id/country/scotland,,,
osgb4000000074719016,http://data.ordnancesurvey.co.uk/id/4000000074719016,Coire Garbhlach,,,,landform,Valley,287888,794535,6000,800000,287448,794216,288327,794862,PH21,http://data.ordnancesurvey.co.uk/id/postcodedistrict/PH21,,,,,,,Highland,http://data.ordnancesurvey.co.uk/id/7000000000186625,http://data.ordnancesurvey.co.uk/ontology/admingeo/UnitaryAuthority,Scotland,http://data.ordnancesurvey.co.uk/id/7000000000041429,Scotland,http://data.ordnancesurvey.co.uk/id/country/scotland,,,
osgb4000000074725344,http://data.ordnancesurvey.co.uk/id/4000000074725344,West Gully,,,,landform,Valley,295331,799811,1000,800000,295075,799561,295575,800061,PH22,http://data.ordnancesurvey.co.uk/id/postcodedistrict/PH22,,,,,,,Aberdeenshire,http://data.ordnancesurvey.co.uk/id/7000000000186621,http://data.ordnancesurvey.co.uk/ontology/admingeo/UnitaryAuthority,Scotland,http://data.ordnancesurvey.co.uk/id/7000000000041429,Scotland,http://data.ordnancesurvey.co.uk/id/country/scotland,,,
osgb4000000074644249,http://data.ordnancesurvey.co.uk/id/4000000074644249,Coille an Torr,,,,landcover,Woodland Or Forest,285482,794736,9000,400000,284840,794009,286124,795443,PH21,http://data.ordnancesurvey.co.uk/id/postcodedistrict/PH21,,,,,,,Highland,http://data.ordnancesurvey.co.uk/id/7000000000186625,http://data.ordnancesurvey.co.uk/ontology/admingeo/UnitaryAuthority,Scotland,http://data.ordnancesurvey.co.uk/id/7000000000041429,Scotland,http://data.ordnancesurvey.co.uk/id/country/scotland,,,
osgb4000000074719022,http://data.ordnancesurvey.co.uk/id/4000000074719022,Coire Fhearnasdail,,,,landform,Valley,282681,795943,15000,800000,282161,794779,283201,797036,PH21,http://data.ordnancesurvey.co.uk/id/postcodedistrict/PH21,,,,,,,Highland,http://data.ordnancesurvey.co.uk/id/7000000000186625,http://data.ordnancesurvey.co.uk/ontology/admingeo/UnitaryAuthority,Scotland,http://data.ordnancesurvey.co.uk/id/7000000000041429,Scotland,http://data.ordnancesurvey.co.uk/id/country/scotland,,,
osgb4000000074719091,http://data.ordnancesurvey.co.uk/id/4000000074719091,Coire Creagach,,,,landform,Cirque Or Hollow,294434,794694,2000,30000,294191,794445,294691,794945,PH21,http://data.ordnancesurvey.co.uk/id/postcodedistrict/PH21,,,,,,,Aberdeenshire,http://data.ordnancesurvey.co.uk/id/7000000000186621,http://data.ordnancesurvey.co.uk/ontology/admingeo/UnitaryAuthority,Scotland,http://data.ordnancesurvey.co.uk/id/7000000000041429,Scotland,http://data.ordnancesurvey.co.uk/id/country/scotland,,,
osgb4000000074718924,http://data.ordnancesurvey.co.uk/id/4000000074718924,Coire an t-Saighdeir,,,,landform,Cirque Or Hollow,296609,796650,5000,30000,296251,796356,296965,796944,PH22,http://data.ordnancesurvey.co.uk/id/postcodedistrict/PH22,,,,,,,Aberdeenshire,http://data.ordnancesurvey.co.uk/id/7000000000186621,http://data.ordnancesurvey.co.uk/ontology/admingeo/UnitaryAuthority,Scotland,http://data.ordnancesurvey.co.uk/id/7000000000041429,Scotland,http://data.ordnancesurvey.co.uk/id/country/scotland,,,
osgb4000000074793622,http://data.ordnancesurvey.co.uk/id/4000000074793622,Loch nan Stuirteag,,,,hydrography,Inland Water,294146,795752,2000,500000,293916,795502,294416,796002,PH21,http://data.ordnancesurvey.co.uk/id/postcodedistrict/PH21,,,,,,,Aberdeenshire,http://data.ordnancesurvey.co.uk/id/7000000000186621,http://data.ordnancesurvey.co.uk/ontology/admingeo/UnitaryAuthority,Scotland,http://data.ordnancesurvey.co.uk/id/7000000000041429,Scotland,http://data.ordnancesurvey.co.uk/id/country/scotland,,,
osgb4000000074719002,http://data.ordnancesurvey.co.uk/id/4000000074719002,Coire Crom na Sgarsoich,,,,landform,Cirque Or Hollow,293302,781833,2000,30000,293054,781584,293554,782084,PH10,http://data.ordnancesurvey.co.uk/id/postcodedistrict/PH10,,,,,,,Perth and Kinross,http://data.ordnancesurvey.co.uk/id/7000000000030110,http://data.ordnancesurvey.co.uk/ontology/admingeo/UnitaryAuthority,Scotland,http://data.ordnancesurvey.co.uk/id/7000000000041429,Scotland,http://data.ordnancesurvey.co.uk/id/country/scotland,,,
osgb4000000074719092,http://data.ordnancesurvey.co.uk/id/4000000074719092,Coire na Caillich,,,,landform,Cirque Or Hollow,290614,798598,3000,30000,290365,798348,290865,798848,PH21,http://data.ordnancesurvey.co.uk/id/postcodedistrict/PH21,,,,,,,Highland,http://data.ordnancesurvey.co.uk/id/7000000000186625,http://data.ordnancesurvey.co.uk/ontology/admingeo/UnitaryAuthority,Scotland,http://data.ordnancesurvey.co.uk/id/7000000000041429,Scotland,http://data.ordnancesurvey.co.uk/id/country/scotland,,,
osgb4000000074716799,http://data.ordnancesurvey.co.uk/id/4000000074716799,Coire an Lochain Uaine,,,,landform,Cirque Or Hollow,295844,797725,3000,30000,295585,797475,296105,797975,PH22,http://data.ordnancesurvey.co.uk/id/postcodedistrict/PH22,,,,,,,Aberdeenshire,http://data.ordnancesurvey.co.uk/id/7000000000186621,http://data.ordnancesurvey.co.uk/ontology/admingeo/UnitaryAuthority,Scotland,http://data.ordnancesurvey.co.uk/id/7000000000041429,Scotland,http://data.ordnancesurvey.co.uk/id/country/scotland,,,
osgb4000000074607059,http://data.ordnancesurvey.co.uk/id/4000000074607059,Cnapan nan Clach,,,,landform,Hill Or Mountain,298097,783522,1000,300000,297847,783272,298347,783772,PH10,http://data.ordnancesurvey.co.uk/id/postcodedistrict/PH10,,,,,,,Perth and Kinross,http://data.ordnancesurvey.co.uk/id/7000000000030110,http://data.ordnancesurvey.co.uk/ontology/admingeo/UnitaryAuthority,Scotland,http://data.ordnancesurvey.co.uk/id/7000000000041429,Scotland,http://data.ordnancesurvey.co.uk/id/country/scotland,,,
osgb4000000074793676,http://data.ordnancesurvey.co.uk/id/4000000074793676,Lochan an t-Sluic,,,,hydrography,Inland Water,282831,790262,1000,500000,282563,790013,283063,790513,PH21,http://data.ordnancesurvey.co.uk/id/postcodedistrict/PH21,,,,,,,Highland,http://data.ordnancesurvey.co.uk/id/7000000000186625,http://data.ordnancesurvey.co.uk/ontology/admingeo/UnitaryAuthority,Scotland,http://data.ordnancesurvey.co.uk/id/7000000000041429,Scotland,http://data.ordnancesurvey.co.uk/id/country/scotland,,,
osgb4000000074719096,http://data.ordnancesurvey.co.uk/id/4000000074719096,Coire Bhruic,,,,landform,Cirque Or Hollow,284774,789129,3000,30000,284528,788880,285028,789380,PH21,http://data.ordnancesurvey.co.uk/id/postcodedistrict/PH21,,,,,,,Highland,http://data.ordnancesurvey.co.uk/id/7000000000186625,http://data.ordnancesurvey.co.uk/ontology/admingeo/UnitaryAuthority,Scotland,http://data.ordnancesurvey.co.uk/id/7000000000041429,Scotland,http://data.ordnancesurvey.co.uk/id/country/scotland,,,
osgb4000000074604125,http://data.ordnancesurvey.co.uk/id/4000000074604125,Creag Leathan,,,,landform,Hill Or Mountain,285630,798880,1000,300000,285380,798630,285880,799130,PH21,http://data.ordnancesurvey.co.uk/id/postcodedistrict/PH21,,,,,,,Highland,http://data.ordnancesurvey.co.uk/id/7000000000186625,http://data.ordnancesurvey.co.uk/ontology/admingeo/UnitaryAuthority,Scotland,http://data.ordnancesurvey.co.uk/id/7000000000041429,Scotland,http://data.ordnancesurvey.co.uk/id/country/scotland,,,
osgb4000000074591904,http://data.ordnancesurvey.co.uk/id/4000000074591904,Glas-Leathad Lorgaidh,,,,landform,Hill Or Mountain,283437,787127,1000,300000,283187,786877,283687,787377,PH21,http://data.ordnancesurvey.co.uk/id/postcodedistrict/PH21,,,,,,,Highland,http://data.ordnancesurvey.co.uk/id/7000000000186625,http://data.ordnancesurvey.co.uk/ontology/admingeo/UnitaryAuthority,Scotland,http://data.ordnancesurvey.co.uk/id/7000000000041429,Scotland,http://data.ordnancesurvey.co.uk/id/country/scotland,,,
osgb4000000074608335,http://data.ordnancesurvey.co.uk/id/4000000074608335,Carr Uchd a' Chlàrsair,,,,landform,Hill Or Mountain,281309,781785,1000,300000,281059,781535,281559,782035,PH18,http://data.ordnancesurvey.co.uk/id/postcodedistrict/PH18,,,,,,,Perth and Kinross,http://data.ordnancesurvey.co.uk/id/7000000000030110,http://data.ordnancesurvey.co.uk/ontology/admingeo/UnitaryAuthority,Scotland,http://data.ordnancesurvey.co.uk/id/7000000000041429,Scotland,http://data.ordnancesurvey.co.uk/id/country/scotland,,,
osgb4000000074591981,http://data.ordnancesurvey.co.uk/id/4000000074591981,Glas-Leathad Feshie,,,,landform,Hill Or Mountain,284456,783899,1000,300000,284206,783649,284706,784149,PH18,http://data.ordnancesurvey.co.uk/id/postcodedistrict/PH18,,,,,,,Highland,http://data.ordnancesurvey.co.uk/id/7000000000186625,http://data.ordnancesurvey.co.uk/ontology/admingeo/UnitaryAuthority,Scotland,http://data.ordnancesurvey.co.uk/id/7000000000041429,Scotland,http://data.ordnancesurvey.co.uk/id/country/scotland,,,
osgb4000000074793716,http://data.ordnancesurvey.co.uk/id/4000000074793716,Lochan nam Bò,,,,hydrography,Inland Water,286160,791429,1000,500000,285911,791185,286411,791685,PH21,http://data.ordnancesurvey.co.uk/id/postcodedistrict/PH21,,,,,,,Highland,http://data.ordnancesurvey.co.uk/id/7000000000186625,http://data.ordnancesurvey.co.uk/ontology/admingeo/UnitaryAuthority,Scotland,http://data.ordnancesurvey.co.uk/id/7000000000041429,Scotland,http://data.ordnancesurvey.co.uk/id/country/scotland,,,
osgb4000000074607484,http://data.ordnancesurvey.co.uk/id/4000000074607484,Scarsoch Bheag,,,,landform,Hill Or Mountain,293438,785272,1000,300000,293188,785022,293688,785522,PH10,http://data.ordnancesurvey.co.uk/id/postcodedistrict/PH10,,,,,,,Aberdeenshire,http://data.ordnancesurvey.co.uk/id/7000000000186621,http://data.ordnancesurvey.co.uk/ontology/admingeo/UnitaryAuthority,Scotland,http://data.ordnancesurvey.co.uk/id/7000000000041429,Scotland,http://data.ordnancesurvey.co.uk/id/country/scotland,,,
osgb4000000074733739,http://data.ordnancesurvey.co.uk/id/4000000074733739,Badan Mosach,,,,landcover,Woodland Or Forest,285991,796847,5000,400000,285567,796529,286349,797166,PH21,http://data.ordnancesurvey.co.uk/id/postcodedistrict/PH21,,,,,,,Highland,http://data.ordnancesurvey.co.uk/id/7000000000186625,http://data.ordnancesurvey.co.uk/ontology/admingeo/UnitaryAuthority,Scotland,http://data.ordnancesurvey.co.uk/id/7000000000041429,Scotland,http://data.ordnancesurvey.co.uk/id/country/scotland,,,
osgb4000000074606640,http://data.ordnancesurvey.co.uk/id/4000000074606640,Tom Liath,,,,landform,Hill Or Mountain,289166,780817,1000,300000,288916,780567,289416,781067,PH18,http://data.ordnancesurvey.co.uk/id/postcodedistrict/PH18,,,,,,,Perth and Kinross,http://data.ordnancesurvey.co.uk/id/7000000000030110,http://data.ordnancesurvey.co.uk/ontology/admingeo/UnitaryAuthority,Scotland,http://data.ordnancesurvey.co.uk/id/7000000000041429,Scotland,http://data.ordnancesurvey.co.uk/id/country/scotland,,,
osgb4000000074738956,http://data.ordnancesurvey.co.uk/id/4000000074738956,Coire Odhar,,,,landform,Valley,291277,797642,5000,800000,290893,797380,291636,797904,PH21,http://data.ordnancesurvey.co.uk/id/postcodedistrict/PH21,,,,,,,Highland,http://data.ordnancesurvey.co.uk/id/7000000000186625,http://data.ordnancesurvey.co.uk/ontology/admingeo/UnitaryAuthority,Scotland,http://data.ordnancesurvey.co.uk/id/7000000000041429,Scotland,http://data.ordnancesurvey.co.uk/id/country/scotland,,,
osgb4000000074608334,http://data.ordnancesurvey.co.uk/id/4000000074608334,An Sligearnach,,,,landform,Hill Or Mountain,284963,782127,1000,300000,284713,781877,285213,782377,PH18,http://data.ordnancesurvey.co.uk/id/postcodedistrict/PH18,,,,,,,Perth and Kinross,http://data.ordnancesurvey.co.uk/id/7000000000030110,http://data.ordnancesurvey.co.uk/ontology/admingeo/UnitaryAuthority,Scotland,http://data.ordnancesurvey.co.uk/id/7000000000041429,Scotland,http://data.ordnancesurvey.co.uk/id/country/scotland,,,
osgb4000000074726361,http://data.ordnancesurvey.co.uk/id/4000000074726361,Coire Cath nam Fionn,,,,landform,Cirque Or Hollow,295122,793207,4000,30000,294784,792958,295457,793458,PH21,http://data.ordnancesurvey.co.uk/id/postcodedistrict/PH21,,,,,,,Aberdeenshire,http://data.ordnancesurvey.co.uk/id/7000000000186621,http://data.ordnancesurvey.co.uk/ontology/admingeo/UnitaryAuthority,Scotland,http://data.ordnancesurvey.co.uk/id/7000000000041429,Scotland,http://data.ordnancesurvey.co.uk/id/country/scotland,,,
osgb4000000074719017,http://data.ordnancesurvey.co.uk/id/4000000074719017,Coire Dhondail,,,,landform,Cirque Or Hollow,292240,798146,4000,30000,291945,797896,292533,798396,PH21,http://data.ordnancesurvey.co.uk/id/postcodedistrict/PH21,,,,,,,Highland,http://data.ordnancesurvey.co.uk/id/7000000000186625,http://data.ordnancesurvey.co.uk/ontology/admingeo/UnitaryAuthority,Scotland,http://data.ordnancesurvey.co.uk/id/7000000000041429,Scotland,http://data.ordnancesurvey.co.uk/id/country/scotland,,,
osgb4000000074603702,http://data.ordnancesurvey.co.uk/id/4000000074603702,Carn Dearg Mòr,,,,landform,Hill Or Mountain,282333,791168,1000,300000,282083,790918,282583,791418,PH21,http://data.ordnancesurvey.co.uk/id/postcodedistrict/PH21,,,,,,,Highland,http://data.ordnancesurvey.co.uk/id/7000000000186625,http://data.ordnancesurvey.co.uk/ontology/admingeo/UnitaryAuthority,Scotland,http://data.ordnancesurvey.co.uk/id/7000000000041429,Scotland,http://data.ordnancesurvey.co.uk/id/country/scotland,,,
osgb4000000074719019,http://data.ordnancesurvey.co.uk/id/4000000074719019,Coire Odhar nan Each,,,,landform,Cirque Or Hollow,290527,797277,2000,30000,290267,797027,290767,797527,PH21,http://data.ordnancesurvey.co.uk/id/postcodedistrict/PH21,,,,,,,Highland,http://data.ordnancesurvey.co.uk/id/7000000000186625,http://data.ordnancesurvey.co.uk/ontology/admingeo/UnitaryAuthority,Scotland,http://data.ordnancesurvey.co.uk/id/7000000000041429,Scotland,http://data.ordnancesurvey.co.uk/id/country/scotland,,,
osgb4000000074719097,http://data.ordnancesurvey.co.uk/id/4000000074719097,Coire nam Bo,,,,landform,Cirque Or Hollow,285642,791785,3000,30000,285395,791535,285895,792035,PH21,http://data.ordnancesurvey.co.uk/id/postcodedistrict/PH21,,,,,,,Highland,http://data.ordnancesurvey.co.uk/id/7000000000186625,http://data.ordnancesurvey.co.uk/ontology/admingeo/UnitaryAuthority,Scotland,http://data.ordnancesurvey.co.uk/id/7000000000041429,Scotland,http://data.ordnancesurvey.co.uk/id/country/scotland,,,
osgb4000000074607062,http://data.ordnancesurvey.co.uk/id/4000000074607062,An Sgarsoch,,,,landform,Hill Or Mountain,293331,783661,1000,300000,293081,783411,293581,783911,PH10,http://data.ordnancesurvey.co.uk/id/postcodedistrict/PH10,,,,,,,Perth and Kinross,http://data.ordnancesurvey.co.uk/id/7000000000030110,http://data.ordnancesurvey.co.uk/ontology/admingeo/UnitaryAuthority,Scotland,http://data.ordnancesurvey.co.uk/id/7000000000041429,Scotland,http://data.ordnancesurvey.co.uk/id/country/scotland,,,
osgb4000000074718920,http://data.ordnancesurvey.co.uk/id/4000000074718920,Coire na Creige,,,,landform,Cirque Or Hollow,298059,781561,4000,30000,297771,781285,298345,781837,PH10,http://data.ordnancesurvey.co.uk/id/postcodedistrict/PH10,,,,,,,Perth and Kinross,http://data.ordnancesurvey.co.uk/id/7000000000030110,http://data.ordnancesurvey.co.uk/ontology/admingeo/UnitaryAuthority,Scotland,http://data.ordnancesurvey.co.uk/id/7000000000041429,Scotland,http://data.ordnancesurvey.co.uk/id/country/scotland,,,
osgb4000000074603700,http://data.ordnancesurvey.co.uk/id/4000000074603700,Creag na Gaibhre,,,,landform,Hill Or Mountain,285706,791239,1000,300000,285456,790989,285956,791489,PH21,http://data.ordnancesurvey.co.uk/id/postcodedistrict/PH21,,,,,,,Highland,http://data.ordnancesurvey.co.uk/id/7000000000186625,http://data.ordnancesurvey.co.uk/ontology/admingeo/UnitaryAuthority,Scotland,http://data.ordnancesurvey.co.uk/id/7000000000041429,Scotland,http://data.ordnancesurvey.co.uk/id/country/scotland,,,
osgb4000000074608337,http://data.ordnancesurvey.co.uk/id/4000000074608337,Druim Allt Damh Dubh,,,,landform,Hill Or Mountain,282831,783491,1000,300000,282581,783241,283081,783741,PH18,http://data.ordnancesurvey.co.uk/id/postcodedistrict/PH18,,,,,,,Perth and Kinross,http://data.ordnancesurvey.co.uk/id/7000000000030110,http://data.ordnancesurvey.co.uk/ontology/admingeo/UnitaryAuthority,Scotland,http://data.ordnancesurvey.co.uk/id/7000000000041429,Scotland,http://data.ordnancesurvey.co.uk/id/country/scotland,,,
osgb4000000074726166,http://data.ordnancesurvey.co.uk/id/4000000074726166,Coire an t-Sagairt,,,,landform,Cirque Or Hollow,296034,791070,3000,30000,295786,790820,296286,791320,PH10,http://data.ordnancesurvey.co.uk/id/postcodedistrict/PH10,,,,,,,Aberdeenshire,http://data.ordnancesurvey.co.uk/id/7000000000186621,http://data.ordnancesurvey.co.uk/ontology/admingeo/UnitaryAuthority,Scotland,http://data.ordnancesurvey.co.uk/id/7000000000041429,Scotland,http://data.ordnancesurvey.co.uk/id/country/scotland,,,
osgb4000000074719025,http://data.ordnancesurvey.co.uk/id/4000000074719025,Coire na Dubharaiche,,,,landform,Cirque Or Hollow,280246,796713,5000,30000,279891,796422,280597,797004,PH21,http://data.ordnancesurvey.co.uk/id/postcodedistrict/PH21,,,,,,,Highland,http://data.ordnancesurvey.co.uk/id/7000000000186625,http://data.ordnancesurvey.co.uk/ontology/admingeo/UnitaryAuthority,Scotland,http://data.ordnancesurvey.co.uk/id/7000000000041429,Scotland,http://data.ordnancesurvey.co.uk/id/country/scotland,,,
osgb4000000074719021,http://data.ordnancesurvey.co.uk/id/4000000074719021,Coire Ruadh,,,,landform,Cirque Or Hollow,288664,797996,4000,30000,288377,797746,288939,798246,PH21,http://data.ordnancesurvey.co.uk/id/postcodedistrict/PH21,,,,,,,Highland,http://data.ordnancesurvey.co.uk/id/7000000000186625,http://data.ordnancesurvey.co.uk/ontology/admingeo/UnitaryAuthority,Scotland,http://data.ordnancesurvey.co.uk/id/7000000000041429,Scotland,http://data.ordnancesurvey.co.uk/id/country/scotland,,,
osgb4000000074793623,http://data.ordnancesurvey.co.uk/id/4000000074793623,Loch nan Cnapan,,,,hydrography,Inland Water,291704,796060,3000,500000,291455,795886,291955,796386,PH21,http://data.ordnancesurvey.co.uk/id/postcodedistrict/PH21,,,,,,,Highland,http://data.ordnancesurvey.co.uk/id/7000000000186625,http://data.ordnancesurvey.co.uk/ontology/admingeo/UnitaryAuthority,Scotland,http://data.ordnancesurvey.co.uk/id/7000000000041429,Scotland,http://data.ordnancesurvey.co.uk/id/country/scotland,,,
osgb4000000074591952,http://data.ordnancesurvey.co.uk/id/4000000074591952,Sròn na Ban-righ,,,,landform,Hill Or Mountain,287695,788140,1000,300000,287445,787890,287945,788390,PH21,http://data.ordnancesurvey.co.uk/id/postcodedistrict/PH21,,,,,,,Highland,http://data.ordnancesurvey.co.uk/id/7000000000186625,http://data.ordnancesurvey.co.uk/ontology/admingeo/UnitaryAuthority,Scotland,http://data.ordnancesurvey.co.uk/id/7000000000041429,Scotland,http://data.ordnancesurvey.co.uk/id/country/scotland,,,
osgb4000000074607064,http://data.ordnancesurvey.co.uk/id/4000000074607064,Sròn Gharbh,,,,landform,Hill Or Mountain,289688,782184,1000,300000,289438,781934,289938,782434,PH18,http://data.ordnancesurvey.co.uk/id/postcodedistrict/PH18,,,,,,,Perth and Kinross,http://data.ordnancesurvey.co.uk/id/7000000000030110,http://data.ordnancesurvey.co.uk/ontology/admingeo/UnitaryAuthority,Scotland,http://data.ordnancesurvey.co.uk/id/7000000000041429,Scotland,http://data.ordnancesurvey.co.uk/id/country/scotland,,,
osgb4000000074719015,http://data.ordnancesurvey.co.uk/id/4000000074719015,Coire Bhrochain,,,,landform,Cirque Or Hollow,295754,799587,5000,30000,295363,799321,296146,799853,PH22,http://data.ordnancesurvey.co.uk/id/postcodedistrict/PH22,,,,,,,Aberdeenshire,http://data.ordnancesurvey.co.uk/id/7000000000186621,http://data.ordnancesurvey.co.uk/ontology/admingeo/UnitaryAuthority,Scotland,http://data.ordnancesurvey.co.uk/id/7000000000041429,Scotland,http://data.ordnancesurvey.co.uk/id/country/scotland,,,
osgb4000000074604126,http://data.ordnancesurvey.co.uk/id/4000000074604126,Creag Dhubh,,,,landform,Hill Or Mountain,282311,799677,1000,300000,282061,799427,282561,799927,PH21,http://data.ordnancesurvey.co.uk/id/postcodedistrict/PH21,,,,,,,Highland,http://data.ordnancesurvey.co.uk/id/7000000000186625,http://data.ordnancesurvey.co.uk/ontology/admingeo/UnitaryAuthority,Scotland,http://data.ordnancesurvey.co.uk/id/7000000000041429,Scotland,http://data.ordnancesurvey.co.uk/id/country/scotland,,,
osgb4000000074598906,http://data.ordnancesurvey.co.uk/id/4000000074598906,Coire nan Cisteachan,,,,landform,Cirque Or Hollow,285914,783708,5000,30000,285551,783338,286276,784074,PH18,http://data.ordnancesurvey.co.uk/id/postcodedistrict/PH18,,,,,,,Highland,http://data.ordnancesurvey.co.uk/id/7000000000186625,http://data.ordnancesurvey.co.uk/ontology/admingeo/UnitaryAuthority,Scotland,http://data.ordnancesurvey.co.uk/id/7000000000041429,Scotland,http://data.ordnancesurvey.co.uk/id/country/scotland,,,
osgb4000000074719004,http://data.ordnancesurvey.co.uk/id/4000000074719004,Coire Dhonnachaidh Taillear,,,,landform,Cirque Or Hollow,293344,784211,3000,30000,293092,783961,293592,784461,PH10,http://data.ordnancesurvey.co.uk/id/postcodedistrict/PH10,,,,,,,Aberdeenshire,http://data.ordnancesurvey.co.uk/id/7000000000186621,http://data.ordnancesurvey.co.uk/ontology/admingeo/UnitaryAuthority,Scotland,http://data.ordnancesurvey.co.uk/id/7000000000041429,Scotland,http://data.ordnancesurvey.co.uk/id/country/scotland,,,
osgb4000000074608338,http://data.ordnancesurvey.co.uk/id/4000000074608338,Leac an Taobhain,,,,landform,Hill Or Mountain,283238,784966,1000,300000,282988,784716,283488,785216,PH18,http://data.ordnancesurvey.co.uk/id/postcodedistrict/PH18,,,,,,,Highland,http://data.ordnancesurvey.co.uk/id/7000000000186625,http://data.ordnancesurvey.co.uk/ontology/admingeo/UnitaryAuthority,Scotland,http://data.ordnancesurvey.co.uk/id/7000000000041429,Scotland,http://data.ordnancesurvey.co.uk/id/country/scotland,,,
osgb4000000074591966,http://data.ordnancesurvey.co.uk/id/4000000074591966,Leth-Chreag,,,,landform,Hill Or Mountain,292170,793900,1000,300000,291920,793650,292420,794150,PH21,http://data.ordnancesurvey.co.uk/id/postcodedistrict/PH21,,,,,,,Highland,http://data.ordnancesurvey.co.uk/id/7000000000186625,http://data.ordnancesurvey.co.uk/ontology/admingeo/UnitaryAuthority,Scotland,http://data.ordnancesurvey.co.uk/id/7000000000041429,Scotland,http://data.ordnancesurvey.co.uk/id/country/scotland,,,
osgb4000000074591115,http://data.ordnancesurvey.co.uk/id/4000000074591115,Coire Caochan Roibidh,,,,landform,Cirque Or Hollow,297104,792493,2000,30000,296855,792243,297355,792743,AB35,http://data.ordnancesurvey.co.uk/id/postcodedistrict/AB35,,,,,,,Aberdeenshire,http://data.ordnancesurvey.co.uk/id/7000000000186621,http://data.ordnancesurvey.co.uk/ontology/admingeo/UnitaryAuthority,Scotland,http://data.ordnancesurvey.co.uk/id/7000000000041429,Scotland,http://data.ordnancesurvey.co.uk/id/country/scotland,,,
osgb4000000074622563,http://data.ordnancesurvey.co.uk/id/4000000074622563,Carn na Criche,,,,landform,Hill Or Mountain,293950,798283,1000,300000,293700,798033,294200,798533,PH22,http://data.ordnancesurvey.co.uk/id/postcodedistrict/PH22,,,,,,,Aberdeenshire,http://data.ordnancesurvey.co.uk/id/7000000000186621,http://data.ordnancesurvey.co.uk/ontology/admingeo/UnitaryAuthority,Scotland,http://data.ordnancesurvey.co.uk/id/7000000000041429,Scotland,http://data.ordnancesurvey.co.uk/id/country/scotland,,,
osgb4000000074607482,http://data.ordnancesurvey.co.uk/id/4000000074607482,Meall Tionail na Glais Fèith,,,,landform,Hill Or Mountain,289358,783200,1000,300000,289108,782950,289608,783450,PH18,http://data.ordnancesurvey.co.uk/id/postcodedistrict/PH18,,,,,,,Perth and Kinross,http://data.ordnancesurvey.co.uk/id/7000000000030110,http://data.ordnancesurvey.co.uk/ontology/admingeo/UnitaryAuthority,Scotland,http://data.ordnancesurvey.co.uk/id/7000000000041429,Scotland,http://data.ordnancesurvey.co.uk/id/country/scotland,,,
osgb4000000074622084,http://data.ordnancesurvey.co.uk/id/4000000074622084,Cnapan Mòr,,,,landform,Hill Or Mountain,293918,790852,1000,300000,293668,790602,294168,791102,PH21,http://data.ordnancesurvey.co.uk/id/postcodedistrict/PH21,,,,,,,Aberdeenshire,http://data.ordnancesurvey.co.uk/id/7000000000186621,http://data.ordnancesurvey.co.uk/ontology/admingeo/UnitaryAuthority,Scotland,http://data.ordnancesurvey.co.uk/id/7000000000041429,Scotland,http://data.ordnancesurvey.co.uk/id/country/scotland,,,
osgb4000000074718931,http://data.ordnancesurvey.co.uk/id/4000000074718931,Coire Chrìon-Alltain,,,,landform,Cirque Or Hollow,284226,795810,5000,30000,283835,795533,284618,796086,PH21,http://data.ordnancesurvey.co.uk/id/postcodedistrict/PH21,,,,,,,Highland,http://data.ordnancesurvey.co.uk/id/7000000000186625,http://data.ordnancesurvey.co.uk/ontology/admingeo/UnitaryAuthority,Scotland,http://data.ordnancesurvey.co.uk/id/7000000000041429,Scotland,http://data.ordnancesurvey.co.uk/id/country/scotland,,,
osgb4000000074815302,http://data.ordnancesurvey.co.uk/id/4000000074815302,An Garbh Choire,,,,landform,Hill Or Mountain,295173,798586,1000,300000,294923,798336,295423,798836,PH22,http://data.ordnancesurvey.co.uk/id/postcodedistrict/PH22,,,,,,,Aberdeenshire,http://data.ordnancesurvey.co.uk/id/7000000000186621,http://data.ordnancesurvey.co.uk/ontology/admingeo/UnitaryAuthority,Scotland,http://data.ordnancesurvey.co.uk/id/7000000000041429,Scotland,http://data.ordnancesurvey.co.uk/id/country/scotland,,,
osgb4000000074599140,http://data.ordnancesurvey.co.uk/id/4000000074599140,Coire Creagach,,,,landform,Cirque Or Hollow,287590,783772,6000,30000,287118,783470,288064,784075,PH18,http://data.ordnancesurvey.co.uk/id/postcodedistrict/PH18,,,,,,,Highland,http://data.ordnancesurvey.co.uk/id/7000000000186625,http://data.ordnancesurvey.co.uk/ontology/admingeo/UnitaryAuthority,Scotland,http://data.ordnancesurvey.co.uk/id/7000000000041429,Scotland,http://data.ordnancesurvey.co.uk/id/country/scotland,,,
osgb4000000074622083,http://data.ordnancesurvey.co.uk/id/4000000074622083,Carn Fiaclach Beag,,,,landform,Hill Or Mountain,298893,790308,1000,300000,298643,790058,299143,790558,PH10,http://data.ordnancesurvey.co.uk/id/postcodedistrict/PH10,,,,,,,Aberdeenshire,http://data.ordnancesurvey.co.uk/id/7000000000186621,http://data.ordnancesurvey.co.uk/ontology/admingeo/UnitaryAuthority,Scotland,http://data.ordnancesurvey.co.uk/id/7000000000041429,Scotland,http://data.ordnancesurvey.co.uk/id/country/scotland,,,
osgb4000000074719001,http://data.ordnancesurvey.co.uk/id/4000000074719001,Coire an Tobair,,,,landform,Cirque Or Hollow,293968,784335,4000,30000,293686,784086,294245,784586,PH10,http://data.ordnancesurvey.co.uk/id/postcodedistrict/PH10,,,,,,,Aberdeenshire,http://data.ordnancesurvey.co.uk/id/7000000000186621,http://data.ordnancesurvey.co.uk/ontology/admingeo/UnitaryAuthority,Scotland,http://data.ordnancesurvey.co.uk/id/7000000000041429,Scotland,http://data.ordnancesurvey.co.uk/id/country/scotland,,,
osgb4000000074718925,http://data.ordnancesurvey.co.uk/id/4000000074718925,Coire nam Meur,,,,landform,Cirque Or Hollow,286325,792215,2000,30000,286075,791965,286575,792465,PH21,http://data.ordnancesurvey.co.uk/id/postcodedistrict/PH21,,,,,,,Highland,http://data.ordnancesurvey.co.uk/id/7000000000186625,http://data.ordnancesurvey.co.uk/ontology/admingeo/UnitaryAuthority,Scotland,http://data.ordnancesurvey.co.uk/id/7000000000041429,Scotland,http://data.ordnancesurvey.co.uk/id/country/scotland,,,
osgb4000000074607063,http://data.ordnancesurvey.co.uk/id/4000000074607063,Carn an Fhidhleir,gla,Carn Ealar,eng,landform,Hill Or Mountain,290479,784198,1000,300000,290229,783948,290729,784448,PH18,http://data.ordnancesurvey.co.uk/id/postcodedistrict/PH18,,,,,,,Highland,http://data.ordnancesurvey.co.uk/id/7000000000186625,http://data.ordnancesurvey.co.uk/ontology/admingeo/UnitaryAuthority,Scotland,http://data.ordnancesurvey.co.uk/id/7000000000041429,Scotland,http://data.ordnancesurvey.co.uk/id/country/scotland,,,
osgb4000000074719008,http://data.ordnancesurvey.co.uk/id/4000000074719008,Coire Riabhach a' Bhreabadair,,,,landform,Cirque Or Hollow,283846,786545,3000,30000,283598,786295,284098,786795,PH18,http://data.ordnancesurvey.co.uk/id/postcodedistrict/PH18,,,,,,,Highland,http://data.ordnancesurvey.co.uk/id/7000000000186625,http://data.ordnancesurvey.co.uk/ontology/admingeo/UnitaryAuthority,Scotland,http://data.ordnancesurvey.co.uk/id/7000000000041429,Scotland,http://data.ordnancesurvey.co.uk/id/country/scotland,,,
osgb4000000074591116,http://data.ordnancesurvey.co.uk/id/4000000074591116,Glen Geusachan,,,,landform,Valley,296789,794188,10000,800000,295624,793938,297182,794438,PH22,http://data.ordnancesurvey.co.uk/id/postcodedistrict/PH22,,,,,,,Aberdeenshire,http://data.ordnancesurvey.co.uk/id/7000000000186621,http://data.ordnancesurvey.co.uk/ontology/admingeo/UnitaryAuthority,Scotland,http://data.ordnancesurvey.co.uk/id/7000000000041429,Scotland,http://data.ordnancesurvey.co.uk/id/country/scotland,,,
osgb4000000074643847,http://data.ordnancesurvey.co.uk/id/4000000074643847,Glenfeshie Forest,,,,landcover,Woodland Or Forest,284742,792851,36000,400000,283358,790112,286126,795715,PH21,http://data.ordnancesurvey.co.uk/id/postcodedistrict/PH21,,,,,,,Highland,http://data.ordnancesurvey.co.uk/id/7000000000186625,http://data.ordnancesurvey.co.uk/ontology/admingeo/UnitaryAuthority,Scotland,http://data.ordnancesurvey.co.uk/id/7000000000041429,Scotland,http://data.ordnancesurvey.co.uk/id/country/scotland,,,
osgb4000000074598975,http://data.ordnancesurvey.co.uk/id/4000000074598975,Coire Buidhe,,,,landform,Cirque Or Hollow,299002,784602,6000,30000,298521,784284,299493,784919,PH10,http://data.ordnancesurvey.co.uk/id/postcodedistrict/PH10,,,,,,,Aberdeenshire,http://data.ordnancesurvey.co.uk/id/7000000000186621,http://data.ordnancesurvey.co.uk/ontology/admingeo/UnitaryAuthority,Scotland,http://data.ordnancesurvey.co.uk/id/7000000000041429,Scotland,http://data.ordnancesurvey.co.uk/id/country/scotland,,,
osgb4000000074792563,http://data.ordnancesurvey.co.uk/id/4000000074792563,Loch Tilt,,,,hydrography,Inland Water,299258,782740,3000,500000,299008,782503,299508,783003,PH10,http://data.ordnancesurvey.co.uk/id/postcodedistrict/PH10,,,,,,,Perth and Kinross,http://data.ordnancesurvey.co.uk/id/7000000000030110,http://data.ordnancesurvey.co.uk/ontology/admingeo/UnitaryAuthority,Scotland,http://data.ordnancesurvey.co.uk/id/7000000000041429,Scotland,http://data.ordnancesurvey.co.uk/id/country/scotland,,,
osgb4000000074719088,http://data.ordnancesurvey.co.uk/id/4000000074719088,Coire an t-Sneachda,,,,landform,Cirque Or Hollow,296103,792066,2000,30000,295852,791816,296352,792316,PH10,http://data.ordnancesurvey.co.uk/id/postcodedistrict/PH10,,,,,,,Aberdeenshire,http://data.ordnancesurvey.co.uk/id/7000000000186621,http://data.ordnancesurvey.co.uk/ontology/admingeo/UnitaryAuthority,Scotland,http://data.ordnancesurvey.co.uk/id/7000000000041429,Scotland,http://data.ordnancesurvey.co.uk/id/country/scotland,,,
osgb4000000074793717,http://data.ordnancesurvey.co.uk/id/4000000074793717,Loch Ghiuthsachan,,,,hydrography,Inland Water,286312,799759,1000,500000,286062,799521,286562,800021,PH21,http://data.ordnancesurvey.co.uk/id/postcodedistrict/PH21,,,,,,,Highland,http://data.ordnancesurvey.co.uk/id/7000000000186625,http://data.ordnancesurvey.co.uk/ontology/admingeo/UnitaryAuthority,Scotland,http://data.ordnancesurvey.co.uk/id/7000000000041429,Scotland,http://data.ordnancesurvey.co.uk/id/country/scotland,,,
osgb4000000074725131,http://data.ordnancesurvey.co.uk/id/4000000074725131,The Couloir,,,,landform,Valley,295361,799660,1000,800000,295107,799410,295607,799910,PH22,http://data.ordnancesurvey.co.uk/id/postcodedistrict/PH22,,,,,,,Aberdeenshire,http://data.ordnancesurvey.co.uk/id/7000000000186621,http://data.ordnancesurvey.co.uk/ontology/admingeo/UnitaryAuthority,Scotland,http://data.ordnancesurvey.co.uk/id/7000000000041429,Scotland,http://data.ordnancesurvey.co.uk/id/country/scotland,,,
osgb4000000074591881,http://data.ordnancesurvey.co.uk/id/4000000074591881,Càrn an Fhidhleir Lorgaidh,,,,landform,Hill Or Mountain,285619,787492,1000,300000,285369,787242,285869,787742,PH21,http://data.ordnancesurvey.co.uk/id/postcodedistrict/PH21,,,,,,,Highland,http://data.ordnancesurvey.co.uk/id/7000000000186625,http://data.ordnancesurvey.co.uk/ontology/admingeo/UnitaryAuthority,Scotland,http://data.ordnancesurvey.co.uk/id/7000000000041429,Scotland,http://data.ordnancesurvey.co.uk/id/country/scotland,,,
osgb4000000074778642,http://data.ordnancesurvey.co.uk/id/4000000074778642,Sròn Coire na Creige,,,,landform,Other Landform,297647,781305,5000,15000,297398,780881,297898,781721,PH10,http://data.ordnancesurvey.co.uk/id/postcodedistrict/PH10,,,,,,,Perth and Kinross,http://data.ordnancesurvey.co.uk/id/7000000000030110,http://data.ordnancesurvey.co.uk/ontology/admingeo/UnitaryAuthority,Scotland,http://data.ordnancesurvey.co.uk/id/7000000000041429,Scotland,http://data.ordnancesurvey.co.uk/id/country/scotland,,,
osgb4000000074606642,http://data.ordnancesurvey.co.uk/id/4000000074606642,Cnapan Loch Tilt,,,,landform,Hill Or Mountain,299645,782774,1000,300000,299395,782524,299895,783024,PH10,http://data.ordnancesurvey.co.uk/id/postcodedistrict/PH10,,,,,,,Perth and Kinross,http://data.ordnancesurvey.co.uk/id/7000000000030110,http://data.ordnancesurvey.co.uk/ontology/admingeo/UnitaryAuthority,Scotland,http://data.ordnancesurvey.co.uk/id/7000000000041429,Scotland,http://data.ordnancesurvey.co.uk/id/country/scotland,,,
osgb4000000074603699,http://data.ordnancesurvey.co.uk/id/4000000074603699,Druim nam Bò,,,,landform,Hill Or Mountain,287392,792149,1000,300000,287142,791899,287642,792399,PH21,http://data.ordnancesurvey.co.uk/id/postcodedistrict/PH21,,,,,,,Highland,http://data.ordnancesurvey.co.uk/id/7000000000186625,http://data.ordnancesurvey.co.uk/ontology/admingeo/UnitaryAuthority,Scotland,http://data.ordnancesurvey.co.uk/id/7000000000041429,Scotland,http://data.ordnancesurvey.co.uk/id/country/scotland,,,
osgb4000000074607483,http://data.ordnancesurvey.co.uk/id/4000000074607483,Cnap a' Choire Chreagaich,,,,landform,Hill Or Mountain,288165,784104,1000,300000,287915,783854,288415,784354,PH18,http://data.ordnancesurvey.co.uk/id/postcodedistrict/PH18,,,,,,,Highland,http://data.ordnancesurvey.co.uk/id/7000000000186625,http://data.ordnancesurvey.co.uk/ontology/admingeo/UnitaryAuthority,Scotland,http://data.ordnancesurvey.co.uk/id/7000000000041429,Scotland,http://data.ordnancesurvey.co.uk/id/country/scotland,,,
osgb4000000074738709,http://data.ordnancesurvey.co.uk/id/4000000074738709,Coire Breac,,,,landform,Valley,285151,783535,5000,800000,284901,783141,285401,783911,PH18,http://data.ordnancesurvey.co.uk/id/postcodedistrict/PH18,,,,,,,Highland,http://data.ordnancesurvey.co.uk/id/7000000000186625,http://data.ordnancesurvey.co.uk/ontology/admingeo/UnitaryAuthority,Scotland,http://data.ordnancesurvey.co.uk/id/7000000000041429,Scotland,http://data.ordnancesurvey.co.uk/id/country/scotland,,,
osgb4000000074603278,http://data.ordnancesurvey.co.uk/id/4000000074603278,Càrn Bàn Mòr,,,,landform,Hill Or Mountain,289378,797190,1000,300000,289128,796940,289628,797440,PH21,http://data.ordnancesurvey.co.uk/id/postcodedistrict/PH21,,,,,,,Highland,http://data.ordnancesurvey.co.uk/id/7000000000186625,http://data.ordnancesurvey.co.uk/ontology/admingeo/UnitaryAuthority,Scotland,http://data.ordnancesurvey.co.uk/id/7000000000041429,Scotland,http://data.ordnancesurvey.co.uk/id/country/scotland,,,
osgb4000000074591941,http://data.ordnancesurvey.co.uk/id/4000000074591941,Càrn Cloich-mhuilinn,,,,landform,Hill Or Mountain,296862,790682,1000,300000,296612,790432,297112,790932,PH10,http://data.ordnancesurvey.co.uk/id/postcodedistrict/PH10,,,,,,,Aberdeenshire,http://data.ordnancesurvey.co.uk/id/7000000000186621,http://data.ordnancesurvey.co.uk/ontology/admingeo/UnitaryAuthority,Scotland,http://data.ordnancesurvey.co.uk/id/7000000000041429,Scotland,http://data.ordnancesurvey.co.uk/id/country/scotland,,,
osgb4000000074725966,http://data.ordnancesurvey.co.uk/id/4000000074725966,Coire Gharbh-Uillt,,,,landform,Cirque Or Hollow,298019,791133,3000,30000,297765,790883,298273,791383,PH10,http://data.ordnancesurvey.co.uk/id/postcodedistrict/PH10,,,,,,,Aberdeenshire,http://data.ordnancesurvey.co.uk/id/7000000000186621,http://data.ordnancesurvey.co.uk/ontology/admingeo/UnitaryAuthority,Scotland,http://data.ordnancesurvey.co.uk/id/7000000000041429,Scotland,http://data.ordnancesurvey.co.uk/id/country/scotland,,,
osgb4000000074724888,http://data.ordnancesurvey.co.uk/id/4000000074724888,Glen Dee,,,,landform,Valley,299790,790037,63000,800000,297403,788272,302178,798005,AB35,http://data.ordnancesurvey.co.uk/id/postcodedistrict/AB35,,,,,,,Aberdeenshire,http://data.ordnancesurvey.co.uk/id/7000000000186621,http://data.ordnancesurvey.co.uk/ontology/admingeo/UnitaryAuthority,Scotland,http://data.ordnancesurvey.co.uk/id/7000000000041429,Scotland,http://data.ordnancesurvey.co.uk/id/country/scotland,,,
osgb4000000074719012,http://data.ordnancesurvey.co.uk/id/4000000074719012,Coire Bhran,,,,landform,Cirque Or Hollow,280305,785197,8000,30000,279714,784700,280921,785694,PH18,http://data.ordnancesurvey.co.uk/id/postcodedistrict/PH18,,,,,,,Highland,http://data.ordnancesurvey.co.uk/id/7000000000186625,http://data.ordnancesurvey.co.uk/ontology/admingeo/UnitaryAuthority,Scotland,http://data.ordnancesurvey.co.uk/id/7000000000041429,Scotland,http://data.ordnancesurvey.co.uk/id/country/scotland,,,
osgb4000000074606643,http://data.ordnancesurvey.co.uk/id/4000000074606643,Bràigh Coire Caochan nan Laogh,,,,landform,Hill Or Mountain,296036,781802,1000,300000,295786,781552,296286,782052,PH10,http://data.ordnancesurvey.co.uk/id/postcodedistrict/PH10,,,,,,,Perth and Kinross,http://data.ordnancesurvey.co.uk/id/7000000000030110,http://data.ordnancesurvey.co.uk/ontology/admingeo/UnitaryAuthority,Scotland,http://data.ordnancesurvey.co.uk/id/7000000000041429,Scotland,http://data.ordnancesurvey.co.uk/id/country/scotland,,,
osgb4000000074588682,http://data.ordnancesurvey.co.uk/id/4000000074588682,Coire Gorm,,,,landform,Cirque Or Hollow,282030,789694,3000,30000,281782,789445,282282,789945,PH21,http://data.ordnancesurvey.co.uk/id/postcodedistrict/PH21,,,,,,,Highland,http://data.ordnancesurvey.co.uk/id/7000000000186625,http://data.ordnancesurvey.co.uk/ontology/admingeo/UnitaryAuthority,Scotland,http://data.ordnancesurvey.co.uk/id/7000000000041429,Scotland,http://data.ordnancesurvey.co.uk/id/country/scotland,,,
osgb4000000074602425,http://data.ordnancesurvey.co.uk/id/4000000074602425,Mullach Clach a' Bhlàir,,,,landform,Hill Or Mountain,288289,792701,1000,300000,288039,792451,288539,792951,PH21,http://data.ordnancesurvey.co.uk/id/postcodedistrict/PH21,,,,,,,Highland,http://data.ordnancesurvey.co.uk/id/7000000000186625,http://data.ordnancesurvey.co.uk/ontology/admingeo/UnitaryAuthority,Scotland,http://data.ordnancesurvey.co.uk/id/7000000000041429,Scotland,http://data.ordnancesurvey.co.uk/id/country/scotland,,,
osgb4000000074622085,http://data.ordnancesurvey.co.uk/id/4000000074622085,Beinn Bhrotain,,,,landform,Hill Or Mountain,295413,792291,1000,300000,295163,792041,295663,792541,PH21,http://data.ordnancesurvey.co.uk/id/postcodedistrict/PH21,,,,,,,Aberdeenshire,http://data.ordnancesurvey.co.uk/id/7000000000186621,http://data.ordnancesurvey.co.uk/ontology/admingeo/UnitaryAuthority,Scotland,http://data.ordnancesurvey.co.uk/id/7000000000041429,Scotland,http://data.ordnancesurvey.co.uk/id/country/scotland,,,
osgb4000000074602422,http://data.ordnancesurvey.co.uk/id/4000000074602422,Leac Ghorm,,,,landform,Hill Or Mountain,293874,793492,1000,300000,293624,793242,294124,793742,PH21,http://data.ordnancesurvey.co.uk/id/postcodedistrict/PH21,,,,,,,Aberdeenshire,http://data.ordnancesurvey.co.uk/id/7000000000186621,http://data.ordnancesurvey.co.uk/ontology/admingeo/UnitaryAuthority,Scotland,http://data.ordnancesurvey.co.uk/id/7000000000041429,Scotland,http://data.ordnancesurvey.co.uk/id/country/scotland,,,
osgb4000000074606644,http://data.ordnancesurvey.co.uk/id/4000000074606644,Carn Greannach,,,,landform,Hill Or Mountain,295048,782246,1000,300000,294798,781996,295298,782496,PH10,http://data.ordnancesurvey.co.uk/id/postcodedistrict/PH10,,,,,,,Perth and Kinross,http://data.ordnancesurvey.co.uk/id/7000000000030110,http://data.ordnancesurvey.co.uk/ontology/admingeo/UnitaryAuthority,Scotland,http://data.ordnancesurvey.co.uk/id/7000000000041429,Scotland,http://data.ordnancesurvey.co.uk/id/country/scotland,,,
osgb4000000074719014,http://data.ordnancesurvey.co.uk/id/4000000074719014,Coire an t-Sabhail,,,,landform,Cirque Or Hollow,296752,797181,4000,30000,296484,796931,297029,797431,PH22,http://data.ordnancesurvey.co.uk/id/postcodedistrict/PH22,,,,,,,Aberdeenshire,http://data.ordnancesurvey.co.uk/id/7000000000186621,http://data.ordnancesurvey.co.uk/ontology/admingeo/UnitaryAuthority,Scotland,http://data.ordnancesurvey.co.uk/id/7000000000041429,Scotland,http://data.ordnancesurvey.co.uk/id/country/scotland,,,
osgb4000000074607060,http://data.ordnancesurvey.co.uk/id/4000000074607060,Cnapan Garbh,,,,landform,Hill Or Mountain,298035,786364,1000,300000,297785,786114,298285,786614,PH10,http://data.ordnancesurvey.co.uk/id/postcodedistrict/PH10,,,,,,,Aberdeenshire,http://data.ordnancesurvey.co.uk/id/7000000000186621,http://data.ordnancesurvey.co.uk/ontology/admingeo/UnitaryAuthority,Scotland,http://data.ordnancesurvey.co.uk/id/7000000000041429,Scotland,http://data.ordnancesurvey.co.uk/id/country/scotland,,,
osgb4000000074608755,http://data.ordnancesurvey.co.uk/id/4000000074608755,Meall Odhar Loisgte,,,,landform,Hill Or Mountain,280559,784618,1000,300000,280309,784368,280809,784868,PH18,http://data.ordnancesurvey.co.uk/id/postcodedistrict/PH18,,,,,,,Highland,http://data.ordnancesurvey.co.uk/id/7000000000186625,http://data.ordnancesurvey.co.uk/ontology/admingeo/UnitaryAuthority,Scotland,http://data.ordnancesurvey.co.uk/id/7000000000041429,Scotland,http://data.ordnancesurvey.co.uk/id/country/scotland,,,
osgb4000000074778803,http://data.ordnancesurvey.co.uk/id/4000000074778803,Cnoc na Daimh,,,,landform,Hill Or Mountain,290035,785898,1000,300000,289785,785648,290285,786148,PH18,http://data.ordnancesurvey.co.uk/id/postcodedistrict/PH18,,,,,,,Highland,http://data.ordnancesurvey.co.uk/id/7000000000186625,http://data.ordnancesurvey.co.uk/ontology/admingeo/UnitaryAuthority,Scotland,http://data.ordnancesurvey.co.uk/id/7000000000041429,Scotland,http://data.ordnancesurvey.co.uk/id/country/scotland,,,
osgb4000000074585960,http://data.ordnancesurvey.co.uk/id/4000000074585960,The Glen Feshie Hills,,,,landform,Hill Or Mountain Ranges,288680,797684,105000,3000000,285219,790339,292140,806524,PH21,http://data.ordnancesurvey.co.uk/id/postcodedistrict/PH21,,,,,,,Highland,http://data.ordnancesurvey.co.uk/id/7000000000186625,http://data.ordnancesurvey.co.uk/ontology/admingeo/UnitaryAuthority,Scotland,http://data.ordnancesurvey.co.uk/id/7000000000041429,Scotland,http://data.ordnancesurvey.co.uk/id/country/scotland,,,
osgb4000000074591992,http://data.ordnancesurvey.co.uk/id/4000000074591992,Einich Cairn,,,,landform,Hill Or Mountain,293652,799250,1000,300000,293402,799000,293902,799500,PH22,http://data.ordnancesurvey.co.uk/id/postcodedistrict/PH22,,,,,,,Highland,http://data.ordnancesurvey.co.uk/id/7000000000186625,http://data.ordnancesurvey.co.uk/ontology/admingeo/UnitaryAuthority,Scotland,http://data.ordnancesurvey.co.uk/id/7000000000041429,Scotland,http://data.ordnancesurvey.co.uk/id/country/scotland,,,
osgb4000000074727776,http://data.ordnancesurvey.co.uk/id/4000000074727776,Coire Mharconaich,,,,landform,Cirque Or Hollow,291210,793466,6000,30000,290791,793149,291642,793784,PH21,http://data.ordnancesurvey.co.uk/id/postcodedistrict/PH21,,,,,,,Highland,http://data.ordnancesurvey.co.uk/id/7000000000186625,http://data.ordnancesurvey.co.uk/ontology/admingeo/UnitaryAuthority,Scotland,http://data.ordnancesurvey.co.uk/id/7000000000041429,Scotland,http://data.ordnancesurvey.co.uk/id/country/scotland,,,
osgb4000000074603697,http://data.ordnancesurvey.co.uk/id/4000000074603697,Sgòr Gaoith,,,,landform,Hill Or Mountain,290279,798963,1000,300000,290029,798713,290529,799213,PH21,http://data.ordnancesurvey.co.uk/id/postcodedistrict/PH21,,,,,,,Highland,http://data.ordnancesurvey.co.uk/id/7000000000186625,http://data.ordnancesurvey.co.uk/ontology/admingeo/UnitaryAuthority,Scotland,http://data.ordnancesurvey.co.uk/id/7000000000041429,Scotland,http://data.ordnancesurvey.co.uk/id/country/scotland,,,
osgb4000000074719094,http://data.ordnancesurvey.co.uk/id/4000000074719094,Coire Meadhon,,,,landform,Cirque Or Hollow,290708,799570,3000,30000,290463,799320,290963,799820,PH21,http://data.ordnancesurvey.co.uk/id/postcodedistrict/PH21,,,,,,,Highland,http://data.ordnancesurvey.co.uk/id/7000000000186625,http://data.ordnancesurvey.co.uk/ontology/admingeo/UnitaryAuthority,Scotland,http://data.ordnancesurvey.co.uk/id/7000000000041429,Scotland,http://data.ordnancesurvey.co.uk/id/country/scotland,,,
osgb4000000074604124,http://data.ordnancesurvey.co.uk/id/4000000074604124,Creag Ghiuthsachan,,,,landform,Hill Or Mountain,286043,799956,1000,300000,285793,799706,286293,800206,PH21,http://data.ordnancesurvey.co.uk/id/postcodedistrict/PH21,,,,,,,Highland,http://data.ordnancesurvey.co.uk/id/7000000000186625,http://data.ordnancesurvey.co.uk/ontology/admingeo/UnitaryAuthority,Scotland,http://data.ordnancesurvey.co.uk/id/7000000000041429,Scotland,http://data.ordnancesurvey.co.uk/id/country/scotland,,,
osgb4000000074716987,http://data.ordnancesurvey.co.uk/id/4000000074716987,Coire Bogha-Cloiche,,,,landform,Cirque Or Hollow,293156,799804,5000,30000,292740,799555,293553,800055,PH21,http://data.ordnancesurvey.co.uk/id/postcodedistrict/PH21,,,,,,,Highland,http://data.ordnancesurvey.co.uk/id/7000000000186625,http://data.ordnancesurvey.co.uk/ontology/admingeo/UnitaryAuthority,Scotland,http://data.ordnancesurvey.co.uk/id/7000000000041429,Scotland,http://data.ordnancesurvey.co.uk/id/country/scotland,,,
osgb4000000074795440,http://data.ordnancesurvey.co.uk/id/4000000074795440,Falls of Dee,,,,hydrography,Waterfall,294424,799125,1000,15000,294174,798875,294674,799375,PH22,http://data.ordnancesurvey.co.uk/id/postcodedistrict/PH22,,,,,,,Aberdeenshire,http://data.ordnancesurvey.co.uk/id/7000000000186621,http://data.ordnancesurvey.co.uk/ontology/admingeo/UnitaryAuthority,Scotland,http://data.ordnancesurvey.co.uk/id/7000000000041429,Scotland,http://data.ordnancesurvey.co.uk/id/country/scotland,,,
osgb4000000074607061,http://data.ordnancesurvey.co.uk/id/4000000074607061,Leachdann Fèith Seasgachain,,,,landform,Hill Or Mountain,291429,781439,1000,300000,291179,781189,291679,781689,PH10,http://data.ordnancesurvey.co.uk/id/postcodedistrict/PH10,,,,,,,Perth and Kinross,http://data.ordnancesurvey.co.uk/id/7000000000030110,http://data.ordnancesurvey.co.uk/ontology/admingeo/UnitaryAuthority,Scotland,http://data.ordnancesurvey.co.uk/id/7000000000041429,Scotland,http://data.ordnancesurvey.co.uk/id/country/scotland,,,
osgb4000000074591959,http://data.ordnancesurvey.co.uk/id/4000000074591959,Càrn Bàn Beag,,,,landform,Hill Or Mountain,286774,798720,1000,300000,286524,798470,287024,798970,PH21,http://data.ordnancesurvey.co.uk/id/postcodedistrict/PH21,,,,,,,Highland,http://data.ordnancesurvey.co.uk/id/7000000000186625,http://data.ordnancesurvey.co.uk/ontology/admingeo/UnitaryAuthority,Scotland,http://data.ordnancesurvey.co.uk/id/7000000000041429,Scotland,http://data.ordnancesurvey.co.uk/id/country/scotland,,,
osgb4000000074778689,http://data.ordnancesurvey.co.uk/id/4000000074778689,Sròn na h-Iolaire,,,,landform,Other Landform,283596,790518,3000,15000,283349,790260,283849,790775,PH21,http://data.ordnancesurvey.co.uk/id/postcodedistrict/PH21,,,,,,,Highland,http://data.ordnancesurvey.co.uk/id/7000000000186625,http://data.ordnancesurvey.co.uk/ontology/admingeo/UnitaryAuthority,Scotland,http://data.ordnancesurvey.co.uk/id/7000000000041429,Scotland,http://data.ordnancesurvey.co.uk/id/country/scotland,,,
osgb4000000074603698,http://data.ordnancesurvey.co.uk/id/4000000074603698,Carn Dearg,,,,landform,Hill Or Mountain,281344,790533,1000,300000,281094,790283,281594,790783,PH21,http://data.ordnancesurvey.co.uk/id/postcodedistrict/PH21,,,,,,,Highland,http://data.ordnancesurvey.co.uk/id/7000000000186625,http://data.ordnancesurvey.co.uk/ontology/admingeo/UnitaryAuthority,Scotland,http://data.ordnancesurvey.co.uk/id/7000000000041429,Scotland,http://data.ordnancesurvey.co.uk/id/country/scotland,,,
osgb4000000074805458,http://data.ordnancesurvey.co.uk/id/4000000074805458,Wells of Dee,,,,hydrography,Inland Water,293806,798869,1000,40000,293556,798619,294056,799119,PH22,http://data.ordnancesurvey.co.uk/id/postcodedistrict/PH22,,,,,,,Aberdeenshire,http://data.ordnancesurvey.co.uk/id/7000000000186621,http://data.ordnancesurvey.co.uk/ontology/admingeo/UnitaryAuthority,Scotland,http://data.ordnancesurvey.co.uk/id/7000000000041429,Scotland,http://data.ordnancesurvey.co.uk/id/country/scotland,,,
osgb4000000074604540,http://data.ordnancesurvey.co.uk/id/4000000074604540,Aonach Mòr,,,,landform,Hill Or Mountain,280729,794367,1000,300000,280479,794117,280979,794617,PH21,http://data.ordnancesurvey.co.uk/id/postcodedistrict/PH21,,,,,,,Highland,http://data.ordnancesurvey.co.uk/id/7000000000186625,http://data.ordnancesurvey.co.uk/ontology/admingeo/UnitaryAuthority,Scotland,http://data.ordnancesurvey.co.uk/id/7000000000041429,Scotland,http://data.ordnancesurvey.co.uk/id/country/scotland,,,
osgb4000000074778600,http://data.ordnancesurvey.co.uk/id/4000000074778600,Ruigh a' Bhaid Mhóir,,,,landform,Hill Or Mountain,280548,790824,1000,300000,280298,790574,280798,791074,PH21,http://data.ordnancesurvey.co.uk/id/postcodedistrict/PH21,,,,,,,Highland,http://data.ordnancesurvey.co.uk/id/7000000000186625,http://data.ordnancesurvey.co.uk/ontology/admingeo/UnitaryAuthority,Scotland,http://data.ordnancesurvey.co.uk/id/7000000000041429,Scotland,http://data.ordnancesurvey.co.uk/id/country/scotland,,,
osgb4000000074719093,http://data.ordnancesurvey.co.uk/id/4000000074719093,Coire Gorm a' Chrom-alltain,,,,landform,Cirque Or Hollow,289058,799285,4000,30000,288744,799036,289374,799536,PH21,http://data.ordnancesurvey.co.uk/id/postcodedistrict/PH21,,,,,,,Highland,http://data.ordnancesurvey.co.uk/id/7000000000186625,http://data.ordnancesurvey.co.uk/ontology/admingeo/UnitaryAuthority,Scotland,http://data.ordnancesurvey.co.uk/id/7000000000041429,Scotland,http://data.ordnancesurvey.co.uk/id/country/scotland,,,
osgb4000000074607148,http://data.ordnancesurvey.co.uk/id/4000000074607148,Braeriach,eng,Braigh Riabhach,gla,landform,Hill Or Mountain,295314,799902,1000,300000,295064,799652,295564,800152,PH22,http://data.ordnancesurvey.co.uk/id/postcodedistrict/PH22,,,,,,,Highland,http://data.ordnancesurvey.co.uk/id/7000000000186625,http://data.ordnancesurvey.co.uk/ontology/admingeo/UnitaryAuthority,Scotland,http://data.ordnancesurvey.co.uk/id/7000000000041429,Scotland,http://data.ordnancesurvey.co.uk/id/country/scotland,,,
osgb4000000074817278,http://data.ordnancesurvey.co.uk/id/4000000074817278,Eas Ailleag,,,,hydrography,Waterfall,281497,780446,1000,15000,281250,780197,281750,780697,PH18,http://data.ordnancesurvey.co.uk/id/postcodedistrict/PH18,,,,,,,Perth and Kinross,http://data.ordnancesurvey.co.uk/id/7000000000030110,http://data.ordnancesurvey.co.uk/ontology/admingeo/UnitaryAuthority,Scotland,http://data.ordnancesurvey.co.uk/id/7000000000041429,Scotland,http://data.ordnancesurvey.co.uk/id/country/scotland,,,
osgb4000000074717455,http://data.ordnancesurvey.co.uk/id/4000000074717455,Coire nan Clach,,,,landform,Cirque Or Hollow,292953,798674,5000,30000,292585,798424,293329,798924,PH21,http://data.ordnancesurvey.co.uk/id/postcodedistrict/PH21,,,,,,,Highland,http://data.ordnancesurvey.co.uk/id/7000000000186625,http://data.ordnancesurvey.co.uk/ontology/admingeo/UnitaryAuthority,Scotland,http://data.ordnancesurvey.co.uk/id/7000000000041429,Scotland,http://data.ordnancesurvey.co.uk/id/country/scotland,,,
osgb4000000074602848,http://data.ordnancesurvey.co.uk/id/4000000074602848,Ben Macdui,eng,Beinn MacDuibh,gla,landform,Hill Or Mountain,298900,798948,1000,300000,298650,798698,299150,799198,PH22,http://data.ordnancesurvey.co.uk/id/postcodedistrict/PH22,,,,,,,Aberdeenshire,http://data.ordnancesurvey.co.uk/id/7000000000186621,http://data.ordnancesurvey.co.uk/ontology/admingeo/UnitaryAuthority,Scotland,http://data.ordnancesurvey.co.uk/id/7000000000041429,Scotland,http://data.ordnancesurvey.co.uk/id/country/scotland,,,
osgb4000000074603274,http://data.ordnancesurvey.co.uk/id/4000000074603274,Cnap nan Laogh,,,,landform,Hill Or Mountain,290937,793915,1000,300000,290687,793665,291187,794165,PH21,http://data.ordnancesurvey.co.uk/id/postcodedistrict/PH21,,,,,,,Highland,http://data.ordnancesurvey.co.uk/id/7000000000186625,http://data.ordnancesurvey.co.uk/ontology/admingeo/UnitaryAuthority,Scotland,http://data.ordnancesurvey.co.uk/id/7000000000041429,Scotland,http://data.ordnancesurvey.co.uk/id/country/scotland,,,
osgb4000000074719024,http://data.ordnancesurvey.co.uk/id/4000000074719024,Glen Feshie,,,,landform,Valley,285154,796504,106000,800000,283997,788373,290506,804636,PH21,http://data.ordnancesurvey.co.uk/id/postcodedistrict/PH21,,,,,,,Highland,http://data.ordnancesurvey.co.uk/id/7000000000186625,http://data.ordnancesurvey.co.uk/ontology/admingeo/UnitaryAuthority,Scotland,http://data.ordnancesurvey.co.uk/id/7000000000041429,Scotland,http://data.ordnancesurvey.co.uk/id/country/scotland,,,
osgb4000000074719095,http://data.ordnancesurvey.co.uk/id/4000000074719095,Coire Bhruic Bhig,,,,landform,Cirque Or Hollow,284762,787726,2000,30000,284511,787476,285011,787976,PH21,http://data.ordnancesurvey.co.uk/id/postcodedistrict/PH21,,,,,,,Highland,http://data.ordnancesurvey.co.uk/id/7000000000186625,http://data.ordnancesurvey.co.uk/ontology/admingeo/UnitaryAuthority,Scotland,http://data.ordnancesurvey.co.uk/id/7000000000041429,Scotland,http://data.ordnancesurvey.co.uk/id/country/scotland,,,
